Workbook

Sheet Stats
A1: No. | B1: vars | C1: polys | D1: tdeg | E1: Ecs
A2: 17 | B2: 3 | C2: 7 | D2: 2 | E2: 0
A3: 19 | B3: 3 | C3: 7 | D3: 2 | E3: 0
A4: 20 | B4: 3 | C4: 8 | D4: 2 | E4: 0
A5: 22 | B5: 3 | C5: 8 | D5: 2 | E5: 0
A6: 23 | B6: 3 | C6: 9 | D6: 2 | E6: 0
A7: 25 | B7: 3 | C7: 10 | D7: 4 | E7: 0
A8: 26 | B8: 3 | C8: 1 | D8: 4 | E8: 0
A9: 27 | B9: 3 | C9: 10 | D9: 4 | E9: 0
A10: 28 | B10: 3 | C10: 9 | D10: 4 | E10: 0
A11: 29 | B11: 3 | C11: 9 | D11: 4 | E11: 0
A12: 30 | B12: 3 | C12: 11 | D12: 4 | E12: 0
A13: 31 | B13: 3 | C13: 1 | D13: 4 | E13: 0
... A68: 132 | B68: 3 | C68: 14 | D68: 4 | E68: 0

Sheet Template
A1: File | B1: rc_ordering | C1: rc_memory | D1: rc_cputime | E1: rc_realtime | F1: rc_cells | G1: qe_ordering | H1: qe_memory | I1: qe_cputime | J1: qe_realtime | K1: qe_cells | L1: Ordering match | M1: memory diff | N1: win | O1: % of other | P1: cputime diff | Q1: win | R1: % of other | S1: realtime diff | T1: win | U1: % of other | V1: cells diff | W1: win | X1: % of other | Z1: rc_memory_avg | AA1: rc_cputime_avg | AB1: rc_realtime_avg | AC1: rc_cells_avg | AD1: qe_memory_avg | AE1: qe_cputime_avg | AF1: qe_realtime_avg | AG1: qe_cells_avg | AH1: =M1&"_avg" -> memory diff_avg | AI1: =P1&"_avg" -> cputime diff_avg | AJ1: =S1&"_avg" -> realtime diff_avg | AK1: =V1&"_avg" -> cells diff_avg
L2: =IF(OR(ISNUMBER(SEARCH("ERROR", B2)), ISNUMBER(SEARCH("ERROR", G2)), ISNUMBER(SEARCH("TIME OUT", B2)), ISNUMBER(SEARCH("TIME OUT", G2))), "--", B2=G2) -> TRUE | M2: =IF(OR(ISNUMBER(SEARCH("ERROR", C2)), ISNUMBER(SEARCH("ERROR", H2)), ISNUMBER(SEARCH("TIME OUT", C2)), ISNUMBER(SEARCH("TIME OUT", H2))),"--",C2-H2) -> 0 | N2: =IF(AND(OR(ISNUMBER(SEARCH("TIME OUT", C2)), ISNUMBER(SEARCH("ERROR", C2))), OR(ISNUMBER(SEARCH("TIME OUT", H2)), ISNUMBER(SEARCH("ERROR", H2)))), "--", IF(OR(ISNUMBER(SEARCH("TIME OUT", C2)), ISNUMBER(SEARCH("ERROR", C2))), "QE", IF(OR(ISNUMBER(SEARCH("TIME OUT", H2)), ISNUMBER(SEARCH("ERROR", H2))), "RC", IF(M2=0, "TIE", IF(M2>0, "QE", "RC"))))) -> TIE | O2: =IF(M2="--","--",TEXT(MIN(C2,H2)/MAX(C2,H2),"0.000%")) -> #DIV/0! | P2: =IF(OR(ISNUMBER(SEARCH("ERROR", D2)), ISNUMBER(SEARCH("ERROR", I2)), ISNUMBER(SEARCH("TIME OUT", D2)), ISNUMBER(SEARCH("TIME OUT", I2))),"--",D2-I2) -> 0 | Q2: =IF(AND(OR(ISNUMBER(SEARCH("TIME OUT", D2)), ISNUMBER(SEARCH("ERROR", D2))), OR(ISNUMBER(SEARCH("TIME OUT", I2)), ISNUMBER(SEARCH("ERROR", I2)))), "--", IF(OR(ISNUMBER(SEARCH("TIME OUT", D2)), ISNUMBER(SEARCH("ERROR", D2))), "QE", IF(OR(ISNUMBER(SEARCH("TIME OUT", I2)), ISNUMBER(SEARCH("ERROR", I2))), "RC", IF(P2=0, "TIE", IF(P2>0, "QE", "RC"))))) -> TIE | R2: =IF(P2="--","--",TEXT(MIN(D2,I2)/MAX(D2,I2),"0.000%")) -> #DIV/0! | S2: =IF(OR(ISNUMBER(SEARCH("ERROR", E2)), ISNUMBER(SEARCH("ERROR", J2)), ISNUMBER(SEARCH("TIME OUT", E2)), ISNUMBER(SEARCH("TIME OUT", J2))),"--",E2-J2) -> 0 | T2: =IF(AND(OR(ISNUMBER(SEARCH("TIME OUT", E2)), ISNUMBER(SEARCH("ERROR", E2))), OR(ISNUMBER(SEARCH("TIME OUT", J2)), ISNUMBER(SEARCH("ERROR", J2)))), "--", IF(OR(ISNUMBER(SEARCH("TIME OUT", E2)), ISNUMBER(SEARCH("ERROR", E2))), "QE", IF(OR(ISNUMBER(SEARCH("TIME OUT", J2)), ISNUMBER(SEARCH("ERROR", J2))), "RC", IF(S2=0, "TIE", IF(S2>0, "QE", "RC"))))) -> TIE | U2: =IF(S2="--","--",TEXT(MIN(E2,J2)/MAX(E2,J2),"0.000%")) -> #DIV/0! | V2: =IF(OR(ISNUMBER(SEARCH("ERROR", F2)), ISNUMBER(SEARCH("ERROR", K2)), ISNUMBER(SEARCH("TIME OUT", F2)), ISNUMBER(SEARCH("TIME OUT", K2))),"--",F2-K2) -> 0 | W2: =IF(AND(OR(ISNUMBER(SEARCH("TIME OUT", F2)), ISNUMBER(SEARCH("ERROR", F2))), OR(ISNUMBER(SEARCH("TIME OUT", K2)), ISNUMBER(SEARCH("ERROR", K2)))), "--", IF(OR(ISNUMBER(SEARCH("TIME OUT", F2)), ISNUMBER(SEARCH("ERROR", F2))), "QE", IF(OR(ISNUMBER(SEARCH("TIME OUT", K2)), ISNUMBER(SEARCH("ERROR", K2))), "RC", IF(V2=0, "TIE", IF(V2>0, "QE", "RC"))))) -> TIE | X2: =IF(V2="--","--",TEXT(MIN(F2,K2)/MAX(F2,K2),"0.000%")) -> #DIV/0! | Z2: =AVERAGE(C:C) -> #DIV/0! | AA2: =AVERAGE(D:D) -> #DIV/0! | AB2: =AVERAGE(E:E) -> #DIV/0! | AC2: =AVERAGE(F:F) -> #DIV/0! | AD2: =AVERAGE(H:H) -> #DIV/0! | AE2: =AVERAGE(I:I) -> #DIV/0! | AF2: =AVERAGE(J:J) -> #DIV/0! | AG2: =AVERAGE(K:K) -> #DIV/0! | AH2: =AVERAGE(M2) -> 0 | AI2: =AVERAGE(P2) -> 0 | AJ2: =AVERAGE(S2) -> 0 | AK2: =AVERAGE(V2) -> 0
AA6: memory | AC6: cputime | AE6: realtime | AG6: cells | AJ6: Successes | AL6: Timeouts | AN6: Errors | AP6: Total
Z7: RC | AA7: =COUNTIF(N:N,$Z7) -> 0 | AB7: =AA7/AA$11 -> 0 | AC7: =COUNTIF(Q:Q,$Z7) -> 0 | AD7: =AC7/AC$11 -> 0 | AE7: =COUNTIF(T:T,$Z7) -> 0 | AF7: =AE7/AE$11 -> 0 | AG7: =COUNTIF(W:W,$Z7) -> 0 | AH7: =AG7/AG$11 -> 0 | AJ7: =COUNTA(B2:B68)-COUNTIF(B2:B68,"*TIME OUT*")-COUNTIF(B2:B68,"*ERROR*") -> 0 | AK7: =AJ7/67 -> 0 | AL7: =COUNTIF(B2:B68,"*TIME OUT*") -> 0 | AM7: =AL7/67 -> 0 | AN7: =COUNTIF(B2:B68,"*ERROR*") -> 0 | AO7: =AN7/67 -> 0 | AP7: =AJ7+AL7+AN7 -> 0 | AQ7: =AK7+AM7+AO7 -> 0
Z8: QE | AA8: =COUNTIF(N:N,$Z8) -> 0 | AB8: =AA8/AA$11 -> 0 | AC8: =COUNTIF(Q:Q,$Z8) -> 0 | AD8: =AC8/AC$11 -> 0 | AE8: =COUNTIF(T:T,$Z8) -> 0 | AF8: =AE8/AE$11 -> 0 | AG8: =COUNTIF(W:W,$Z8) -> 0 | AH8: =AG8/AG$11 -> 0 | AJ8: =COUNTA(G2:G68)-COUNTIF(G2:G68,"*TIME OUT*")-COUNTIF(G2:G68,"*ERROR*") -> 0 | AK8: =AJ8/67 -> 0 | AL8: =COUNTIF(G2:G68,"*TIME OUT*") -> 0 | AM8: =AL8/67 -> 0 | AN8: =COUNTIF(G2:G68,"*ERROR*") -> 0 | AO8: =AN8/67 -> 0 | AP8: =AJ8+AL8+AN8 -> 0 | AQ8: =AK8+AM8+AO8 -> 0
Z9: TIE | AA9: =COUNTIF(N:N,$Z9) -> 1 | AB9: =AA9/AA$11 -> 1 | AC9: =COUNTIF(Q:Q,$Z9) -> 1 | AD9: =AC9/AC$11 -> 1 | AE9: =COUNTIF(T:T,$Z9) -> 1 | AF9: =AE9/AE$11 -> 1 | AG9: =COUNTIF(W:W,$Z9) -> 1 | AH9: =AG9/AG$11 -> 1
Z10: -- | AA10: =COUNTIF(N:N,$Z10) -> 0 | AB10: =AA10/AA$11 -> 0 | AC10: =COUNTIF(Q:Q,$Z10) -> 0 | AD10: =AC10/AC$11 -> 0 | AE10: =COUNTIF(T:T,$Z10) -> 0 | AF10: =AE10/AE$11 -> 0 | AG10: =COUNTIF(W:W,$Z10) -> 0 | AH10: =AG10/AG$11 -> 0
Z11: total | AA11: =COUNTA(N:N)-1 -> 1 | AB11: =AA11/AA$11 -> 1 | AC11: =COUNTA(O:O)-1 -> 1 | AD11: =AC11/AC$11 -> 1 | AE11: =COUNTA(P:P)-1 -> 1 | AF11: =AE11/AE$11 -> 1 | AG11: =COUNTA(Q:Q)-1 -> 1 | AH11: =AG11/AG$11 -> 1
AA13: memory | AC13: cputime | AE13: realtime | AG13: cells
Z14: RC | AA14: =COUNTIF(N:N,$Z7)-COUNTIFS(N:N,$Z7,O:O,"--") -> 0 | AB14: =AA14/AA$11 -> 0 | AC14: =COUNTIF(Q:Q,$Z7)-COUNTIFS(Q:Q,$Z7,R:R,"--") -> 0 | AD14: =AC14/AC$11 -> 0 | AE14: =COUNTIF(T:T,$Z7)-COUNTIFS(T:T,$Z7,U:U,"--") -> 0 | AF14: =AE14/AE$11 -> 0 | AG14: =COUNTIF(W:W,$Z7)-COUNTIFS(W:W,$Z7,X:X,"--") -> 0 | AH14: =AG14/AG$11 -> 0
Z15: QE | AA15: =COUNTIF(N:N,$Z8)-COUNTIFS(N:N,$Z8,O:O,"--") -> 0 | AB15: =AA15/AA$11 -> 0 | AC15: =COUNTIF(Q:Q,$Z8)-COUNTIFS(Q:Q,$Z8,R:R,"--") -> 0 | AD15: =AC15/AC$11 -> 0 | AE15: =COUNTIF(T:T,$Z8)-COUNTIFS(T:T,$Z8,U:U,"--") -> 0 | AF15: =AE15/AE$11 -> 0 | AG15: =COUNTIF(W:W,$Z8)-COUNTIFS(W:W,$Z8,X:X,"--") -> 0 | AH15: =AG15/AG$11 -> 0
Z16: TIE | AA16: =COUNTIF(N:N,$Z9)-COUNTIFS(N:N,$Z9,O:O,"--") -> 1 | AB16: =AA16/AA$11 -> 1 | AC16: =COUNTIF(Q:Q,$Z9)-COUNTIFS(Q:Q,$Z9,R:R,"--") -> 1 | AD16: =AC16/AC$11 -> 1 | AE16: =COUNTIF(T:T,$Z9)-COUNTIFS(T:T,$Z9,U:U,"--") -> 1 | AF16: =AE16/AE$11 -> 1 | AG16: =COUNTIF(W:W,$Z9)-COUNTIFS(W:W,$Z9,X:X,"--") -> 1 | AH16: =AG16/AG$11 -> 1
Z17: -- | AA17: =COUNTIF(O:O,"--") -> 0 | AB17: =AA17/AA$11 -> 0 | AC17: =COUNTIF(R:R,"--") -> 0 | AD17: =AC17/AC$11 -> 0 | AE17: =COUNTIF(U:U,"--") -> 0 | AF17: =AE17/AE$11 -> 0 | AG17: =COUNTIF(X:X,"--") -> 0 | AH17: =AG17/AG$11 -> 0
Z18: total | AA18: =COUNTA(N:N)-1 -> 1 | AB18: =AA18/AA$11 -> 1 | AC18: =COUNTA(O:O)-1 -> 1 | AD18: =AC18/AC$11 -> 1 | AE18: =COUNTA(P:P)-1 -> 1 | AF18: =AE18/AE$11 -> 1 | AG18: =COUNTA(Q:Q)-1 -> 1 | AH18: =AG18/AG$11 -> 1
AD19: =COUNTIF(W:W,$Z8)-COUNTIFS(W:W,$Z8,V:V,"--") -> 0
Z25: Success Rate
Z26: =Z7&": "&AJ7&" "&AJ6&" ("&TEXT(AK7,"0.00%")&"), "&AL7&" "&AL6&" ("&TEXT(AM7,"0.00%")&"), "&AN7&" "&AN6&" ("&TEXT(AO7,"0.00%")&")." -> RC: 0 Successes (0.00%), 0 Timeouts (0.00%), 0 Errors (0.00%).
Z27: =Z8&": "&AJ8&" "&AJ6&" ("&TEXT(AK8,"0.00%")&"), "&AL8&" "&AL6&" ("&TEXT(AM8,"0.00%")&"), "&AN8&" "&AN6&" ("&TEXT(AO8,"0.00%")&")." -> QE: 0 Successes (0.00%), 0 Timeouts (0.00%), 0 Errors (0.00%).
Z29: No. times faster (cputime)
Z30: =Z7&": "&AC7&" ("&TEXT(AD7,"0.00%")&"), "&AC14&" actual ("&TEXT(AD14,"0.00%")&")" -> RC: 0 (0.00%), 0 actual (0.00%)
Z31: =Z8&": "&AC8&" ("&TEXT(AD8,"0.00%")&"), "&AC15&" actual ("&TEXT(AD15,"0.00%")&")" -> QE: 0 (0.00%), 0 actual (0.00%)
Z33: No. times fewer cells
Z34: =Z7&": "&AG7&" ("&TEXT(AH7,"0.00%")&"), "&AG14&" actual ("&TEXT(AH14,"0.00%")&")" -> RC: 0 (0.00%), 0 actual (0.00%)
Z35: =Z8&": "&AG8&" ("&TEXT(AH8,"0.00%")&"), "&AG15&" actual ("&TEXT(AH15,"0.00%")&")" -> QE: 0 (0.00%), 0 actual (0.00%)

Sheet 1
A1: File | B1: rc_ordering | C1: rc_memory | D1: rc_cputime | E1: rc_realtime | F1: rc_cells | G1: qe_ordering | H1: qe_memory | I1: qe_cputime | J1: qe_realtime | K1: qe_cells | L1: Ordering match | M1: memory diff | N1: win | O1: % of other | P1: cputime diff | Q1: win | R1: % of other | S1: realtime diff | T1: win | U1: % of other | V1: cells diff | W1: win | X1: % of other | Z1: rc_memory_avg | AA1: rc_cputime_avg | AB1: rc_realtime_avg | AC1: rc_cells_avg | AD1: qe_memory_avg | AE1: qe_cputime_avg | AF1: qe_realtime_avg | AG1: qe_cells_avg | AH1: =M1&"_avg" -> memory diff_avg | AI1: =P1&"_avg" -> cputime diff_avg | AJ1: =S1&"_avg" -> realtime diff_avg | AK1: =V1&"_avg" -> cells diff_avg
L2: =IF(OR(ISNUMBER(SEARCH("ERROR", B2)), ISNUMBER(SEARCH("ERROR", G2)), ISNUMBER(SEARCH("TIME OUT", B2)), ISNUMBER(SEARCH("TIME OUT", G2))), "--", B2=G2) -> TRUE | M2: =IF(OR(ISNUMBER(SEARCH("ERROR", C2)), ISNUMBER(SEARCH("ERROR", H2)), ISNUMBER(SEARCH("TIME OUT", C2)), ISNUMBER(SEARCH("TIME OUT", H2))),"--",C2-H2) -> 0 | N2: =IF(AND(OR(ISNUMBER(SEARCH("TIME OUT", C2)), ISNUMBER(SEARCH("ERROR", C2))), OR(ISNUMBER(SEARCH("TIME OUT", H2)), ISNUMBER(SEARCH("ERROR", H2)))), "--", IF(OR(ISNUMBER(SEARCH("TIME OUT", C2)), ISNUMBER(SEARCH("ERROR", C2))), "QE", IF(OR(ISNUMBER(SEARCH("TIME OUT", H2)), ISNUMBER(SEARCH("ERROR", H2))), "RC", IF(M2=0, "TIE", IF(M2>0, "QE", "RC"))))) -> TIE | O2: =IF(M2="--","--",TEXT(MIN(C2,H2)/MAX(C2,H2),"0.000%")) -> #DIV/0! | P2: =IF(OR(ISNUMBER(SEARCH("ERROR", D2)), ISNUMBER(SEARCH("ERROR", I2)), ISNUMBER(SEARCH("TIME OUT", D2)), ISNUMBER(SEARCH("TIME OUT", I2))),"--",D2-I2) -> 0 | Q2: =IF(AND(OR(ISNUMBER(SEARCH("TIME OUT", D2)), ISNUMBER(SEARCH("ERROR", D2))), OR(ISNUMBER(SEARCH("TIME OUT", I2)), ISNUMBER(SEARCH("ERROR", I2)))), "--", IF(OR(ISNUMBER(SEARCH("TIME OUT", D2)), ISNUMBER(SEARCH("ERROR", D2))), "QE", IF(OR(ISNUMBER(SEARCH("TIME OUT", I2)), ISNUMBER(SEARCH("ERROR", I2))), "RC", IF(P2=0, "TIE", IF(P2>0, "QE", "RC"))))) -> TIE | R2: =IF(P2="--","--",TEXT(MIN(D2,I2)/MAX(D2,I2),"0.000%")) -> #DIV/0! | S2: =IF(OR(ISNUMBER(SEARCH("ERROR", E2)), ISNUMBER(SEARCH("ERROR", J2)), ISNUMBER(SEARCH("TIME OUT", E2)), ISNUMBER(SEARCH("TIME OUT", J2))),"--",E2-J2) -> 0 | T2: =IF(AND(OR(ISNUMBER(SEARCH("TIME OUT", E2)), ISNUMBER(SEARCH("ERROR", E2))), OR(ISNUMBER(SEARCH("TIME OUT", J2)), ISNUMBER(SEARCH("ERROR", J2)))), "--", IF(OR(ISNUMBER(SEARCH("TIME OUT", E2)), ISNUMBER(SEARCH("ERROR", E2))), "QE", IF(OR(ISNUMBER(SEARCH("TIME OUT", J2)), ISNUMBER(SEARCH("ERROR", J2))), "RC", IF(S2=0, "TIE", IF(S2>0, "QE", "RC"))))) -> TIE | U2: =IF(S2="--","--",TEXT(MIN(E2,J2)/MAX(E2,J2),"0.000%")) -> #DIV/0! | V2: =IF(OR(ISNUMBER(SEARCH("ERROR", F2)), ISNUMBER(SEARCH("ERROR", K2)), ISNUMBER(SEARCH("TIME OUT", F2)), ISNUMBER(SEARCH("TIME OUT", K2))),"--",F2-K2) -> 0 | W2: =IF(AND(OR(ISNUMBER(SEARCH("TIME OUT", F2)), ISNUMBER(SEARCH("ERROR", F2))), OR(ISNUMBER(SEARCH("TIME OUT", K2)), ISNUMBER(SEARCH("ERROR", K2)))), "--", IF(OR(ISNUMBER(SEARCH("TIME OUT", F2)), ISNUMBER(SEARCH("ERROR", F2))), "QE", IF(OR(ISNUMBER(SEARCH("TIME OUT", K2)), ISNUMBER(SEARCH("ERROR", K2))), "RC", IF(V2=0, "TIE", IF(V2>0, "QE", "RC"))))) -> TIE | X2: =IF(V2="--","--",TEXT(MIN(F2,K2)/MAX(F2,K2),"0.000%")) -> #DIV/0! | Z2: =AVERAGE(C:C) -> #DIV/0! | AA2: =AVERAGE(D:D) -> #DIV/0! | AB2: =AVERAGE(E:E) -> #DIV/0! | AC2: =AVERAGE(F:F) -> #DIV/0! | AD2: =AVERAGE(H:H) -> #DIV/0! | AE2: =AVERAGE(I:I) -> #DIV/0! | AF2: =AVERAGE(J:J) -> #DIV/0! | AG2: =AVERAGE(K:K) -> #DIV/0! | AH2: =AVERAGE(M2) -> 0 | AI2: =AVERAGE(P2) -> 0 | AJ2: =AVERAGE(S2) -> 0 | AK2: =AVERAGE(V2) -> 0
AA6: memory | AC6: cputime | AE6: realtime | AG6: cells | AJ6: Successes | AL6: Timeouts | AN6: Errors | AP6: Total
Z7: RC | AA7: =COUNTIF(N:N,$Z7) -> 0 | AB7: =AA7/AA$11 -> 0 | AC7: =COUNTIF(Q:Q,$Z7) -> 0 | AD7: =AC7/AC$11 -> 0 | AE7: =COUNTIF(T:T,$Z7) -> 0 | AF7: =AE7/AE$11 -> 0 | AG7: =COUNTIF(W:W,$Z7) -> 0 | AH7: =AG7/AG$11 -> 0 | AJ7: =COUNTA(B2:B68)-COUNTIF(B2:B68,"*TIME OUT*")-COUNTIF(B2:B68,"*ERROR*") -> 0 | AK7: =AJ7/67 -> 0 | AL7: =COUNTIF(B2:B68,"*TIME OUT*") -> 0 | AM7: =AL7/67 -> 0 | AN7: =COUNTIF(B2:B68,"*ERROR*") -> 0 | AO7: =AN7/67 -> 0 | AP7: =AJ7+AL7+AN7 -> 0 | AQ7: =AK7+AM7+AO7 -> 0
Z8: QE | AA8: =COUNTIF(N:N,$Z8) -> 0 | AB8: =AA8/AA$11 -> 0 | AC8: =COUNTIF(Q:Q,$Z8) -> 0 | AD8: =AC8/AC$11 -> 0 | AE8: =COUNTIF(T:T,$Z8) -> 0 | AF8: =AE8/AE$11 -> 0 | AG8: =COUNTIF(W:W,$Z8) -> 0 | AH8: =AG8/AG$11 -> 0 | AJ8: =COUNTA(G2:G68)-COUNTIF(G2:G68,"*TIME OUT*")-COUNTIF(G2:G68,"*ERROR*") -> 0 | AK8: =AJ8/67 -> 0 | AL8: =COUNTIF(G2:G68,"*TIME OUT*") -> 0 | AM8: =AL8/67 -> 0 | AN8: =COUNTIF(G2:G68,"*ERROR*") -> 0 | AO8: =AN8/67 -> 0 | AP8: =AJ8+AL8+AN8 -> 0 | AQ8: =AK8+AM8+AO8 -> 0
Z9: TIE | AA9: =COUNTIF(N:N,$Z9) -> 1 | AB9: =AA9/AA$11 -> 1 | AC9: =COUNTIF(Q:Q,$Z9) -> 1 | AD9: =AC9/AC$11 -> 1 | AE9: =COUNTIF(T:T,$Z9) -> 1 | AF9: =AE9/AE$11 -> 1 | AG9: =COUNTIF(W:W,$Z9) -> 1 | AH9: =AG9/AG$11 -> 1
Z10: -- | AA10: =COUNTIF(N:N,$Z10) -> 0 | AB10: =AA10/AA$11 -> 0 | AC10: =COUNTIF(Q:Q,$Z10) -> 0 | AD10: =AC10/AC$11 -> 0 | AE10: =COUNTIF(T:T,$Z10) -> 0 | AF10: =AE10/AE$11 -> 0 | AG10: =COUNTIF(W:W,$Z10) -> 0 | AH10: =AG10/AG$11 -> 0
Z11: total | AA11: =COUNTA(N:N)-1 -> 1 | AB11: =AA11/AA$11 -> 1 | AC11: =COUNTA(O:O)-1 -> 1 | AD11: =AC11/AC$11 -> 1 | AE11: =COUNTA(P:P)-1 -> 1 | AF11: =AE11/AE$11 -> 1 | AG11: =COUNTA(Q:Q)-1 -> 1 | AH11: =AG11/AG$11 -> 1
AA13: memory | AC13: cputime | AE13: realtime | AG13: cells
Z14: RC | AA14: =COUNTIF(N:N,$Z7)-COUNTIFS(N:N,$Z7,O:O,"--") -> 0 | AB14: =AA14/AA$11 -> 0 | AC14: =COUNTIF(Q:Q,$Z7)-COUNTIFS(Q:Q,$Z7,R:R,"--") -> 0 | AD14: =AC14/AC$11 -> 0 | AE14: =COUNTIF(T:T,$Z7)-COUNTIFS(T:T,$Z7,U:U,"--") -> 0 | AF14: =AE14/AE$11 -> 0 | AG14: =COUNTIF(W:W,$Z7)-COUNTIFS(W:W,$Z7,X:X,"--") -> 0 | AH14: =AG14/AG$11 -> 0
Z15: QE | AA15: =COUNTIF(N:N,$Z8)-COUNTIFS(N:N,$Z8,O:O,"--") -> 0 | AB15: =AA15/AA$11 -> 0 | AC15: =COUNTIF(Q:Q,$Z8)-COUNTIFS(Q:Q,$Z8,R:R,"--") -> 0 | AD15: =AC15/AC$11 -> 0 | AE15: =COUNTIF(T:T,$Z8)-COUNTIFS(T:T,$Z8,U:U,"--") -> 0 | AF15: =AE15/AE$11 -> 0 | AG15: =COUNTIF(W:W,$Z8)-COUNTIFS(W:W,$Z8,X:X,"--") -> 0 | AH15: =AG15/AG$11 -> 0
Z16: TIE | AA16: =COUNTIF(N:N,$Z9)-COUNTIFS(N:N,$Z9,O:O,"--") -> 1 | AB16: =AA16/AA$11 -> 1 | AC16: =COUNTIF(Q:Q,$Z9)-COUNTIFS(Q:Q,$Z9,R:R,"--") -> 1 | AD16: =AC16/AC$11 -> 1 | AE16: =COUNTIF(T:T,$Z9)-COUNTIFS(T:T,$Z9,U:U,"--") -> 1 | AF16: =AE16/AE$11 -> 1 | AG16: =COUNTIF(W:W,$Z9)-COUNTIFS(W:W,$Z9,X:X,"--") -> 1 | AH16: =AG16/AG$11 -> 1
Z17: -- | AA17: =COUNTIF(O:O,"--") -> 0 | AB17: =AA17/AA$11 -> 0 | AC17: =COUNTIF(R:R,"--") -> 0 | AD17: =AC17/AC$11 -> 0 | AE17: =COUNTIF(U:U,"--") -> 0 | AF17: =AE17/AE$11 -> 0 | AG17: =COUNTIF(X:X,"--") -> 0 | AH17: =AG17/AG$11 -> 0
Z18: total | AA18: =COUNTA(N:N)-1 -> 1 | AB18: =AA18/AA$11 -> 1 | AC18: =COUNTA(O:O)-1 -> 1 | AD18: =AC18/AC$11 -> 1 | AE18: =COUNTA(P:P)-1 -> 1 | AF18: =AE18/AE$11 -> 1 | AG18: =COUNTA(Q:Q)-1 -> 1 | AH18: =AG18/AG$11 -> 1
AD19: =COUNTIF(W:W,$Z8)-COUNTIFS(W:W,$Z8,V:V,"--") -> 0
Z25: Success Rate
Z26: =Z7&": "&AJ7&" "&AJ6&" ("&TEXT(AK7,"0.00%")&"), "&AL7&" "&AL6&" ("&TEXT(AM7,"0.00%")&"), "&AN7&" "&AN6&" ("&TEXT(AO7,"0.00%")&")." -> RC: 0 Successes (0.00%), 0 Timeouts (0.00%), 0 Errors (0.00%).
Z27: =Z8&": "&AJ8&" "&AJ6&" ("&TEXT(AK8,"0.00%")&"), "&AL8&" "&AL6&" ("&TEXT(AM8,"0.00%")&"), "&AN8&" "&AN6&" ("&TEXT(AO8,"0.00%")&")." -> QE: 0 Successes (0.00%), 0 Timeouts (0.00%), 0 Errors (0.00%).
Z29: No. times faster (cputime)
Z30: =Z7&": "&AC7&" ("&TEXT(AD7,"0.00%")&"), "&AC14&" actual ("&TEXT(AD14,"0.00%")&")" -> RC: 0 (0.00%), 0 actual (0.00%)
Z31: =Z8&": "&AC8&" ("&TEXT(AD8,"0.00%")&"), "&AC15&" actual ("&TEXT(AD15,"0.00%")&")" -> QE: 0 (0.00%), 0 actual (0.00%)
Z33: No. times fewer cells
Z34: =Z7&": "&AG7&" ("&TEXT(AH7,"0.00%")&"), "&AG14&" actual ("&TEXT(AH14,"0.00%")&")" -> RC: 0 (0.00%), 0 actual (0.00%)
Z35: =Z8&": "&AG8&" ("&TEXT(AH8,"0.00%")&"), "&AG15&" actual ("&TEXT(AH15,"0.00%")&")" -> QE: 0 (0.00%), 0 actual (0.00%)

Sheet 2
A1: File | B1: rc_ordering | C1: rc_memory | D1: rc_cputime | E1: rc_realtime | F1: rc_cells | G1: qe_ordering | H1: qe_memory | I1: qe_cputime | J1: qe_realtime | K1: qe_cells | L1: Ordering match | M1: memory diff | N1: win | O1: % of other | P1: cputime diff | Q1: win | R1: % of other | S1: realtime diff | T1: win | U1: % of other | V1: cells diff | W1: win | X1: % of other | Z1: rc_memory_avg | AA1: rc_cputime_avg | AB1: rc_realtime_avg | AC1: rc_cells_avg | AD1: qe_memory_avg | AE1: qe_cputime_avg | AF1: qe_realtime_avg | AG1: qe_cells_avg | AH1: =M1&"_avg" -> memory diff_avg | AI1: =P1&"_avg" -> cputime diff_avg | AJ1: =S1&"_avg" -> realtime diff_avg | AK1: =V1&"_avg" -> cells diff_avg
L2: =IF(OR(ISNUMBER(SEARCH("ERROR", B2)), ISNUMBER(SEARCH("ERROR", G2)), ISNUMBER(SEARCH("TIME OUT", B2)), ISNUMBER(SEARCH("TIME OUT", G2))), "--", B2=G2) -> TRUE | M2: =IF(OR(ISNUMBER(SEARCH("ERROR", C2)), ISNUMBER(SEARCH("ERROR", H2)), ISNUMBER(SEARCH("TIME OUT", C2)), ISNUMBER(SEARCH("TIME OUT", H2))),"--",C2-H2) -> 0 | N2: =IF(AND(OR(ISNUMBER(SEARCH("TIME OUT", C2)), ISNUMBER(SEARCH("ERROR", C2))), OR(ISNUMBER(SEARCH("TIME OUT", H2)), ISNUMBER(SEARCH("ERROR", H2)))), "--", IF(OR(ISNUMBER(SEARCH("TIME OUT", C2)), ISNUMBER(SEARCH("ERROR", C2))), "QE", IF(OR(ISNUMBER(SEARCH("TIME OUT", H2)), ISNUMBER(SEARCH("ERROR", H2))), "RC", IF(M2=0, "TIE", IF(M2>0, "QE", "RC"))))) -> TIE | O2: =IF(M2="--","--",TEXT(MIN(C2,H2)/MAX(C2,H2),"0.000%")) -> #DIV/0! | P2: =IF(OR(ISNUMBER(SEARCH("ERROR", D2)), ISNUMBER(SEARCH("ERROR", I2)), ISNUMBER(SEARCH("TIME OUT", D2)), ISNUMBER(SEARCH("TIME OUT", I2))),"--",D2-I2) -> 0 | Q2: =IF(AND(OR(ISNUMBER(SEARCH("TIME OUT", D2)), ISNUMBER(SEARCH("ERROR", D2))), OR(ISNUMBER(SEARCH("TIME OUT", I2)), ISNUMBER(SEARCH("ERROR", I2)))), "--", IF(OR(ISNUMBER(SEARCH("TIME OUT", D2)), ISNUMBER(SEARCH("ERROR", D2))), "QE", IF(OR(ISNUMBER(SEARCH("TIME OUT", I2)), ISNUMBER(SEARCH("ERROR", I2))), "RC", IF(P2=0, "TIE", IF(P2>0, "QE", "RC"))))) -> TIE | R2: =IF(P2="--","--",TEXT(MIN(D2,I2)/MAX(D2,I2),"0.000%")) -> #DIV/0! | S2: =IF(OR(ISNUMBER(SEARCH("ERROR", E2)), ISNUMBER(SEARCH("ERROR", J2)), ISNUMBER(SEARCH("TIME OUT", E2)), ISNUMBER(SEARCH("TIME OUT", J2))),"--",E2-J2) -> 0 | T2: =IF(AND(OR(ISNUMBER(SEARCH("TIME OUT", E2)), ISNUMBER(SEARCH("ERROR", E2))), OR(ISNUMBER(SEARCH("TIME OUT", J2)), ISNUMBER(SEARCH("ERROR", J2)))), "--", IF(OR(ISNUMBER(SEARCH("TIME OUT", E2)), ISNUMBER(SEARCH("ERROR", E2))), "QE", IF(OR(ISNUMBER(SEARCH("TIME OUT", J2)), ISNUMBER(SEARCH("ERROR", J2))), "RC", IF(S2=0, "TIE", IF(S2>0, "QE", "RC"))))) -> TIE | U2: =IF(S2="--","--",TEXT(MIN(E2,J2)/MAX(E2,J2),"0.000%")) -> #DIV/0! | V2: =IF(OR(ISNUMBER(SEARCH("ERROR", F2)), ISNUMBER(SEARCH("ERROR", K2)), ISNUMBER(SEARCH("TIME OUT", F2)), ISNUMBER(SEARCH("TIME OUT", K2))),"--",F2-K2) -> 0 | W2: =IF(AND(OR(ISNUMBER(SEARCH("TIME OUT", F2)), ISNUMBER(SEARCH("ERROR", F2))), OR(ISNUMBER(SEARCH("TIME OUT", K2)), ISNUMBER(SEARCH("ERROR", K2)))), "--", IF(OR(ISNUMBER(SEARCH("TIME OUT", F2)), ISNUMBER(SEARCH("ERROR", F2))), "QE", IF(OR(ISNUMBER(SEARCH("TIME OUT", K2)), ISNUMBER(SEARCH("ERROR", K2))), "RC", IF(V2=0, "TIE", IF(V2>0, "QE", "RC"))))) -> TIE | X2: =IF(V2="--","--",TEXT(MIN(F2,K2)/MAX(F2,K2),"0.000%")) -> #DIV/0! | Z2: =AVERAGE(C:C) -> #DIV/0! | AA2: =AVERAGE(D:D) -> #DIV/0! | AB2: =AVERAGE(E:E) -> #DIV/0! | AC2: =AVERAGE(F:F) -> #DIV/0! | AD2: =AVERAGE(H:H) -> #DIV/0! | AE2: =AVERAGE(I:I) -> #DIV/0! | AF2: =AVERAGE(J:J) -> #DIV/0! | AG2: =AVERAGE(K:K) -> #DIV/0! | AH2: =AVERAGE(M2) -> 0 | AI2: =AVERAGE(P2) -> 0 | AJ2: =AVERAGE(S2) -> 0 | AK2: =AVERAGE(V2) -> 0
AA6: memory | AC6: cputime | AE6: realtime | AG6: cells | AJ6: Successes | AL6: Timeouts | AN6: Errors | AP6: Total
Z7: RC | AA7: =COUNTIF(N:N,$Z7) -> 0 | AB7: =AA7/AA$11 -> 0 | AC7: =COUNTIF(Q:Q,$Z7) -> 0 | AD7: =AC7/AC$11 -> 0 | AE7: =COUNTIF(T:T,$Z7) -> 0 | AF7: =AE7/AE$11 -> 0 | AG7: =COUNTIF(W:W,$Z7) -> 0 | AH7: =AG7/AG$11 -> 0 | AJ7: =COUNTA(B2:B68)-COUNTIF(B2:B68,"*TIME OUT*")-COUNTIF(B2:B68,"*ERROR*") -> 0 | AK7: =AJ7/67 -> 0 | AL7: =COUNTIF(B2:B68,"*TIME OUT*") -> 0 | AM7: =AL7/67 -> 0 | AN7: =COUNTIF(B2:B68,"*ERROR*") -> 0 | AO7: =AN7/67 -> 0 | AP7: =AJ7+AL7+AN7 -> 0 | AQ7: =AK7+AM7+AO7 -> 0
Z8: QE | AA8: =COUNTIF(N:N,$Z8) -> 0 | AB8: =AA8/AA$11 -> 0 | AC8: =COUNTIF(Q:Q,$Z8) -> 0 | AD8: =AC8/AC$11 -> 0 | AE8: =COUNTIF(T:T,$Z8) -> 0 | AF8: =AE8/AE$11 -> 0 | AG8: =COUNTIF(W:W,$Z8) -> 0 | AH8: =AG8/AG$11 -> 0 | AJ8: =COUNTA(G2:G68)-COUNTIF(G2:G68,"*TIME OUT*")-COUNTIF(G2:G68,"*ERROR*") -> 0 | AK8: =AJ8/67 -> 0 | AL8: =COUNTIF(G2:G68,"*TIME OUT*") -> 0 | AM8: =AL8/67 -> 0 | AN8: =COUNTIF(G2:G68,"*ERROR*") -> 0 | AO8: =AN8/67 -> 0 | AP8: =AJ8+AL8+AN8 -> 0 | AQ8: =AK8+AM8+AO8 -> 0
Z9: TIE | AA9: =COUNTIF(N:N,$Z9) -> 1 | AB9: =AA9/AA$11 -> 1 | AC9: =COUNTIF(Q:Q,$Z9) -> 1 | AD9: =AC9/AC$11 -> 1 | AE9: =COUNTIF(T:T,$Z9) -> 1 | AF9: =AE9/AE$11 -> 1 | AG9: =COUNTIF(W:W,$Z9) -> 1 | AH9: =AG9/AG$11 -> 1
Z10: -- | AA10: =COUNTIF(N:N,$Z10) -> 0 | AB10: =AA10/AA$11 -> 0 | AC10: =COUNTIF(Q:Q,$Z10) -> 0 | AD10: =AC10/AC$11 -> 0 | AE10: =COUNTIF(T:T,$Z10) -> 0 | AF10: =AE10/AE$11 -> 0 | AG10: =COUNTIF(W:W,$Z10) -> 0 | AH10: =AG10/AG$11 -> 0
Z11: total | AA11: =COUNTA(N:N)-1 -> 1 | AB11: =AA11/AA$11 -> 1 | AC11: =COUNTA(O:O)-1 -> 1 | AD11: =AC11/AC$11 -> 1 | AE11: =COUNTA(P:P)-1 -> 1 | AF11: =AE11/AE$11 -> 1 | AG11: =COUNTA(Q:Q)-1 -> 1 | AH11: =AG11/AG$11 -> 1
AA13: memory | AC13: cputime | AE13: realtime | AG13: cells
Z14: RC | AA14: =COUNTIF(N:N,$Z7)-COUNTIFS(N:N,$Z7,O:O,"--") -> 0 | AB14: =AA14/AA$11 -> 0 | AC14: =COUNTIF(Q:Q,$Z7)-COUNTIFS(Q:Q,$Z7,R:R,"--") -> 0 | AD14: =AC14/AC$11 -> 0 | AE14: =COUNTIF(T:T,$Z7)-COUNTIFS(T:T,$Z7,U:U,"--") -> 0 | AF14: =AE14/AE$11 -> 0 | AG14: =COUNTIF(W:W,$Z7)-COUNTIFS(W:W,$Z7,X:X,"--") -> 0 | AH14: =AG14/AG$11 -> 0
Z15: QE | AA15: =COUNTIF(N:N,$Z8)-COUNTIFS(N:N,$Z8,O:O,"--") -> 0 | AB15: =AA15/AA$11 -> 0 | AC15: =COUNTIF(Q:Q,$Z8)-COUNTIFS(Q:Q,$Z8,R:R,"--") -> 0 | AD15: =AC15/AC$11 -> 0 | AE15: =COUNTIF(T:T,$Z8)-COUNTIFS(T:T,$Z8,U:U,"--") -> 0 | AF15: =AE15/AE$11 -> 0 | AG15: =COUNTIF(W:W,$Z8)-COUNTIFS(W:W,$Z8,X:X,"--") -> 0 | AH15: =AG15/AG$11 -> 0
Z16: TIE | AA16: =COUNTIF(N:N,$Z9)-COUNTIFS(N:N,$Z9,O:O,"--") -> 1 | AB16: =AA16/AA$11 -> 1 | AC16: =COUNTIF(Q:Q,$Z9)-COUNTIFS(Q:Q,$Z9,R:R,"--") -> 1 | AD16: =AC16/AC$11 -> 1 | AE16: =COUNTIF(T:T,$Z9)-COUNTIFS(T:T,$Z9,U:U,"--") -> 1 | AF16: =AE16/AE$11 -> 1 | AG16: =COUNTIF(W:W,$Z9)-COUNTIFS(W:W,$Z9,X:X,"--") -> 1 | AH16: =AG16/AG$11 -> 1
Z17: -- | AA17: =COUNTIF(O:O,"--") -> 0 | AB17: =AA17/AA$11 -> 0 | AC17: =COUNTIF(R:R,"--") -> 0 | AD17: =AC17/AC$11 -> 0 | AE17: =COUNTIF(U:U,"--") -> 0 | AF17: =AE17/AE$11 -> 0 | AG17: =COUNTIF(X:X,"--") -> 0 | AH17: =AG17/AG$11 -> 0
Z18: total | AA18: =COUNTA(N:N)-1 -> 1 | AB18: =AA18/AA$11 -> 1 | AC18: =COUNTA(O:O)-1 -> 1 | AD18: =AC18/AC$11 -> 1 | AE18: =COUNTA(P:P)-1 -> 1 | AF18: =AE18/AE$11 -> 1 | AG18: =COUNTA(Q:Q)-1 -> 1 | AH18: =AG18/AG$11 -> 1
AD19: =COUNTIF(W:W,$Z8)-COUNTIFS(W:W,$Z8,V:V,"--") -> 0
Z25: Success Rate
Z26: =Z7&": "&AJ7&" "&AJ6&" ("&TEXT(AK7,"0.00%")&"), "&AL7&" "&AL6&" ("&TEXT(AM7,"0.00%")&"), "&AN7&" "&AN6&" ("&TEXT(AO7,"0.00%")&")." -> RC: 0 Successes (0.00%), 0 Timeouts (0.00%), 0 Errors (0.00%).
Z27: =Z8&": "&AJ8&" "&AJ6&" ("&TEXT(AK8,"0.00%")&"), "&AL8&" "&AL6&" ("&TEXT(AM8,"0.00%")&"), "&AN8&" "&AN6&" ("&TEXT(AO8,"0.00%")&")." -> QE: 0 Successes (0.00%), 0 Timeouts (0.00%), 0 Errors (0.00%).
Z29: No. times faster (cputime)
Z30: =Z7&": "&AC7&" ("&TEXT(AD7,"0.00%")&"), "&AC14&" actual ("&TEXT(AD14,"0.00%")&")" -> RC: 0 (0.00%), 0 actual (0.00%)
Z31: =Z8&": "&AC8&" ("&TEXT(AD8,"0.00%")&"), "&AC15&" actual ("&TEXT(AD15,"0.00%")&")" -> QE: 0 (0.00%), 0 actual (0.00%)
Z33: No. times fewer cells
Z34: =Z7&": "&AG7&" ("&TEXT(AH7,"0.00%")&"), "&AG14&" actual ("&TEXT(AH14,"0.00%")&")" -> RC: 0 (0.00%), 0 actual (0.00%)
Z35: =Z8&": "&AG8&" ("&TEXT(AH8,"0.00%")&"), "&AG15&" actual ("&TEXT(AH15,"0.00%")&")" -> QE: 0 (0.00%), 0 actual (0.00%)

Sheet 3
A1: File | B1: rc_ordering | C1: rc_memory | D1: rc_cputime | E1: rc_realtime | F1: rc_cells | G1: qe_ordering | H1: qe_memory | I1: qe_cputime | J1: qe_realtime | K1: qe_cells | L1: Ordering match | M1: memory diff | N1: win | O1: % of other | P1: cputime diff | Q1: win | R1: % of other | S1: realtime diff | T1: win | U1: % of other | V1: cells diff | W1: win | X1: % of other | Z1: rc_memory_avg | AA1: rc_cputime_avg | AB1: rc_realtime_avg | AC1: rc_cells_avg | AD1: qe_memory_avg | AE1: qe_cputime_avg | AF1: qe_realtime_avg | AG1: qe_cells_avg | AH1: =M1&"_avg" -> memory diff_avg | AI1: =P1&"_avg" -> cputime diff_avg | AJ1: =S1&"_avg" -> realtime diff_avg | AK1: =V1&"_avg" -> cells diff_avg
L2: =IF(OR(ISNUMBER(SEARCH("ERROR", B2)), ISNUMBER(SEARCH("ERROR", G2)), ISNUMBER(SEARCH("TIME OUT", B2)), ISNUMBER(SEARCH("TIME OUT", G2))), "--", B2=G2) -> TRUE | M2: =IF(OR(ISNUMBER(SEARCH("ERROR", C2)), ISNUMBER(SEARCH("ERROR", H2)), ISNUMBER(SEARCH("TIME OUT", C2)), ISNUMBER(SEARCH("TIME OUT", H2))),"--",C2-H2) -> 0 | N2: =IF(AND(OR(ISNUMBER(SEARCH("TIME OUT", C2)), ISNUMBER(SEARCH("ERROR", C2))), OR(ISNUMBER(SEARCH("TIME OUT", H2)), ISNUMBER(SEARCH("ERROR", H2)))), "--", IF(OR(ISNUMBER(SEARCH("TIME OUT", C2)), ISNUMBER(SEARCH("ERROR", C2))), "QE", IF(OR(ISNUMBER(SEARCH("TIME OUT", H2)), ISNUMBER(SEARCH("ERROR", H2))), "RC", IF(M2=0, "TIE", IF(M2>0, "QE", "RC"))))) -> TIE | O2: =IF(M2="--","--",TEXT(MIN(C2,H2)/MAX(C2,H2),"0.000%")) -> #DIV/0! | P2: =IF(OR(ISNUMBER(SEARCH("ERROR", D2)), ISNUMBER(SEARCH("ERROR", I2)), ISNUMBER(SEARCH("TIME OUT", D2)), ISNUMBER(SEARCH("TIME OUT", I2))),"--",D2-I2) -> 0 | Q2: =IF(AND(OR(ISNUMBER(SEARCH("TIME OUT", D2)), ISNUMBER(SEARCH("ERROR", D2))), OR(ISNUMBER(SEARCH("TIME OUT", I2)), ISNUMBER(SEARCH("ERROR", I2)))), "--", IF(OR(ISNUMBER(SEARCH("TIME OUT", D2)), ISNUMBER(SEARCH("ERROR", D2))), "QE", IF(OR(ISNUMBER(SEARCH("TIME OUT", I2)), ISNUMBER(SEARCH("ERROR", I2))), "RC", IF(P2=0, "TIE", IF(P2>0, "QE", "RC"))))) -> TIE | R2: =IF(P2="--","--",TEXT(MIN(D2,I2)/MAX(D2,I2),"0.000%")) -> #DIV/0! | S2: =IF(OR(ISNUMBER(SEARCH("ERROR", E2)), ISNUMBER(SEARCH("ERROR", J2)), ISNUMBER(SEARCH("TIME OUT", E2)), ISNUMBER(SEARCH("TIME OUT", J2))),"--",E2-J2) -> 0 | T2: =IF(AND(OR(ISNUMBER(SEARCH("TIME OUT", E2)), ISNUMBER(SEARCH("ERROR", E2))), OR(ISNUMBER(SEARCH("TIME OUT", J2)), ISNUMBER(SEARCH("ERROR", J2)))), "--", IF(OR(ISNUMBER(SEARCH("TIME OUT", E2)), ISNUMBER(SEARCH("ERROR", E2))), "QE", IF(OR(ISNUMBER(SEARCH("TIME OUT", J2)), ISNUMBER(SEARCH("ERROR", J2))), "RC", IF(S2=0, "TIE", IF(S2>0, "QE", "RC"))))) -> TIE | U2: =IF(S2="--","--",TEXT(MIN(E2,J2)/MAX(E2,J2),"0.000%")) -> #DIV/0! | V2: =IF(OR(ISNUMBER(SEARCH("ERROR", F2)), ISNUMBER(SEARCH("ERROR", K2)), ISNUMBER(SEARCH("TIME OUT", F2)), ISNUMBER(SEARCH("TIME OUT", K2))),"--",F2-K2) -> 0 | W2: =IF(AND(OR(ISNUMBER(SEARCH("TIME OUT", F2)), ISNUMBER(SEARCH("ERROR", F2))), OR(ISNUMBER(SEARCH("TIME OUT", K2)), ISNUMBER(SEARCH("ERROR", K2)))), "--", IF(OR(ISNUMBER(SEARCH("TIME OUT", F2)), ISNUMBER(SEARCH("ERROR", F2))), "QE", IF(OR(ISNUMBER(SEARCH("TIME OUT", K2)), ISNUMBER(SEARCH("ERROR", K2))), "RC", IF(V2=0, "TIE", IF(V2>0, "QE", "RC"))))) -> TIE | X2: =IF(V2="--","--",TEXT(MIN(F2,K2)/MAX(F2,K2),"0.000%")) -> #DIV/0! | Z2: =AVERAGE(C:C) -> #DIV/0! | AA2: =AVERAGE(D:D) -> #DIV/0! | AB2: =AVERAGE(E:E) -> #DIV/0! | AC2: =AVERAGE(F:F) -> #DIV/0! | AD2: =AVERAGE(H:H) -> #DIV/0! | AE2: =AVERAGE(I:I) -> #DIV/0! | AF2: =AVERAGE(J:J) -> #DIV/0! | AG2: =AVERAGE(K:K) -> #DIV/0! | AH2: =AVERAGE(M2) -> 0 | AI2: =AVERAGE(P2) -> 0 | AJ2: =AVERAGE(S2) -> 0 | AK2: =AVERAGE(V2) -> 0
AA6: memory | AC6: cputime | AE6: realtime | AG6: cells | AJ6: Successes | AL6: Timeouts | AN6: Errors | AP6: Total
Z7: RC | AA7: =COUNTIF(N:N,$Z7) -> 0 | AB7: =AA7/AA$11 -> 0 | AC7: =COUNTIF(Q:Q,$Z7) -> 0 | AD7: =AC7/AC$11 -> 0 | AE7: =COUNTIF(T:T,$Z7) -> 0 | AF7: =AE7/AE$11 -> 0 | AG7: =COUNTIF(W:W,$Z7) -> 0 | AH7: =AG7/AG$11 -> 0 | AJ7: =COUNTA(B2:B68)-COUNTIF(B2:B68,"*TIME OUT*")-COUNTIF(B2:B68,"*ERROR*") -> 0 | AK7: =AJ7/67 -> 0 | AL7: =COUNTIF(B2:B68,"*TIME OUT*") -> 0 | AM7: =AL7/67 -> 0 | AN7: =COUNTIF(B2:B68,"*ERROR*") -> 0 | AO7: =AN7/67 -> 0 | AP7: =AJ7+AL7+AN7 -> 0 | AQ7: =AK7+AM7+AO7 -> 0
Z8: QE | AA8: =COUNTIF(N:N,$Z8) -> 0 | AB8: =AA8/AA$11 -> 0 | AC8: =COUNTIF(Q:Q,$Z8) -> 0 | AD8: =AC8/AC$11 -> 0 | AE8: =COUNTIF(T:T,$Z8) -> 0 | AF8: =AE8/AE$11 -> 0 | AG8: =COUNTIF(W:W,$Z8) -> 0 | AH8: =AG8/AG$11 -> 0 | AJ8: =COUNTA(G2:G68)-COUNTIF(G2:G68,"*TIME OUT*")-COUNTIF(G2:G68,"*ERROR*") -> 0 | AK8: =AJ8/67 -> 0 | AL8: =COUNTIF(G2:G68,"*TIME OUT*") -> 0 | AM8: =AL8/67 -> 0 | AN8: =COUNTIF(G2:G68,"*ERROR*") -> 0 | AO8: =AN8/67 -> 0 | AP8: =AJ8+AL8+AN8 -> 0 | AQ8: =AK8+AM8+AO8 -> 0
Z9: TIE | AA9: =COUNTIF(N:N,$Z9) -> 1 | AB9: =AA9/AA$11 -> 1 | AC9: =COUNTIF(Q:Q,$Z9) -> 1 | AD9: =AC9/AC$11 -> 1 | AE9: =COUNTIF(T:T,$Z9) -> 1 | AF9: =AE9/AE$11 -> 1 | AG9: =COUNTIF(W:W,$Z9) -> 1 | AH9: =AG9/AG$11 -> 1
Z10: -- | AA10: =COUNTIF(N:N,$Z10) -> 0 | AB10: =AA10/AA$11 -> 0 | AC10: =COUNTIF(Q:Q,$Z10) -> 0 | AD10: =AC10/AC$11 -> 0 | AE10: =COUNTIF(T:T,$Z10) -> 0 | AF10: =AE10/AE$11 -> 0 | AG10: =COUNTIF(W:W,$Z10) -> 0 | AH10: =AG10/AG$11 -> 0
Z11: total | AA11: =COUNTA(N:N)-1 -> 1 | AB11: =AA11/AA$11 -> 1 | AC11: =COUNTA(O:O)-1 -> 1 | AD11: =AC11/AC$11 -> 1 | AE11: =COUNTA(P:P)-1 -> 1 | AF11: =AE11/AE$11 -> 1 | AG11: =COUNTA(Q:Q)-1 -> 1 | AH11: =AG11/AG$11 -> 1
AA13: memory | AC13: cputime | AE13: realtime | AG13: cells
Z14: RC | AA14: =COUNTIF(N:N,$Z7)-COUNTIFS(N:N,$Z7,O:O,"--") -> 0 | AB14: =AA14/AA$11 -> 0 | AC14: =COUNTIF(Q:Q,$Z7)-COUNTIFS(Q:Q,$Z7,R:R,"--") -> 0 | AD14: =AC14/AC$11 -> 0 | AE14: =COUNTIF(T:T,$Z7)-COUNTIFS(T:T,$Z7,U:U,"--") -> 0 | AF14: =AE14/AE$11 -> 0 | AG14: =COUNTIF(W:W,$Z7)-COUNTIFS(W:W,$Z7,X:X,"--") -> 0 | AH14: =AG14/AG$11 -> 0
Z15: QE | AA15: =COUNTIF(N:N,$Z8)-COUNTIFS(N:N,$Z8,O:O,"--") -> 0 | AB15: =AA15/AA$11 -> 0 | AC15: =COUNTIF(Q:Q,$Z8)-COUNTIFS(Q:Q,$Z8,R:R,"--") -> 0 | AD15: =AC15/AC$11 -> 0 | AE15: =COUNTIF(T:T,$Z8)-COUNTIFS(T:T,$Z8,U:U,"--") -> 0 | AF15: =AE15/AE$11 -> 0 | AG15: =COUNTIF(W:W,$Z8)-COUNTIFS(W:W,$Z8,X:X,"--") -> 0 | AH15: =AG15/AG$11 -> 0
Z16: TIE | AA16: =COUNTIF(N:N,$Z9)-COUNTIFS(N:N,$Z9,O:O,"--") -> 1 | AB16: =AA16/AA$11 -> 1 | AC16: =COUNTIF(Q:Q,$Z9)-COUNTIFS(Q:Q,$Z9,R:R,"--") -> 1 | AD16: =AC16/AC$11 -> 1 | AE16: =COUNTIF(T:T,$Z9)-COUNTIFS(T:T,$Z9,U:U,"--") -> 1 | AF16: =AE16/AE$11 -> 1 | AG16: =COUNTIF(W:W,$Z9)-COUNTIFS(W:W,$Z9,X:X,"--") -> 1 | AH16: =AG16/AG$11 -> 1
Z17: -- | AA17: =COUNTIF(O:O,"--") -> 0 | AB17: =AA17/AA$11 -> 0 | AC17: =COUNTIF(R:R,"--") -> 0 | AD17: =AC17/AC$11 -> 0 | AE17: =COUNTIF(U:U,"--") -> 0 | AF17: =AE17/AE$11 -> 0 | AG17: =COUNTIF(X:X,"--") -> 0 | AH17: =AG17/AG$11 -> 0
Z18: total | AA18: =COUNTA(N:N)-1 -> 1 | AB18: =AA18/AA$11 -> 1 | AC18: =COUNTA(O:O)-1 -> 1 | AD18: =AC18/AC$11 -> 1 | AE18: =COUNTA(P:P)-1 -> 1 | AF18: =AE18/AE$11 -> 1 | AG18: =COUNTA(Q:Q)-1 -> 1 | AH18: =AG18/AG$11 -> 1
AD19: =COUNTIF(W:W,$Z8)-COUNTIFS(W:W,$Z8,V:V,"--") -> 0
Z25: Success Rate
Z26: =Z7&": "&AJ7&" "&AJ6&" ("&TEXT(AK7,"0.00%")&"), "&AL7&" "&AL6&" ("&TEXT(AM7,"0.00%")&"), "&AN7&" "&AN6&" ("&TEXT(AO7,"0.00%")&")." -> RC: 0 Successes (0.00%), 0 Timeouts (0.00%), 0 Errors (0.00%).
Z27: =Z8&": "&AJ8&" "&AJ6&" ("&TEXT(AK8,"0.00%")&"), "&AL8&" "&AL6&" ("&TEXT(AM8,"0.00%")&"), "&AN8&" "&AN6&" ("&TEXT(AO8,"0.00%")&")." -> QE: 0 Successes (0.00%), 0 Timeouts (0.00%), 0 Errors (0.00%).
Z29: No. times faster (cputime)
Z30: =Z7&": "&AC7&" ("&TEXT(AD7,"0.00%")&"), "&AC14&" actual ("&TEXT(AD14,"0.00%")&")" -> RC: 0 (0.00%), 0 actual (0.00%)
Z31: =Z8&": "&AC8&" ("&TEXT(AD8,"0.00%")&"), "&AC15&" actual ("&TEXT(AD15,"0.00%")&")" -> QE: 0 (0.00%), 0 actual (0.00%)
Z33: No. times fewer cells
Z34: =Z7&": "&AG7&" ("&TEXT(AH7,"0.00%")&"), "&AG14&" actual ("&TEXT(AH14,"0.00%")&")" -> RC: 0 (0.00%), 0 actual (0.00%)
Z35: =Z8&": "&AG8&" ("&TEXT(AH8,"0.00%")&"), "&AG15&" actual ("&TEXT(AH15,"0.00%")&")" -> QE: 0 (0.00%), 0 actual (0.00%)

Sheet 4
A1: File | B1: rc_ordering | C1: rc_memory | D1: rc_cputime | E1: rc_realtime | F1: rc_cells | G1: qe_ordering | H1: qe_memory | I1: qe_cputime | J1: qe_realtime | K1: qe_cells | L1: Ordering match | M1: memory diff | N1: win | O1: % of other | P1: cputime diff | Q1: win | R1: % of other | S1: realtime diff | T1: win | U1: % of other | V1: cells diff | W1: win | X1: % of other | Z1: rc_memory_avg | AA1: rc_cputime_avg | AB1: rc_realtime_avg | AC1: rc_cells_avg | AD1: qe_memory_avg | AE1: qe_cputime_avg | AF1: qe_realtime_avg | AG1: qe_cells_avg | AH1: =M1&"_avg" -> memory diff_avg | AI1: =P1&"_avg" -> cputime diff_avg | AJ1: =S1&"_avg" -> realtime diff_avg | AK1: =V1&"_avg" -> cells diff_avg
L2: =IF(OR(ISNUMBER(SEARCH("ERROR", B2)), ISNUMBER(SEARCH("ERROR", G2)), ISNUMBER(SEARCH("TIME OUT", B2)), ISNUMBER(SEARCH("TIME OUT", G2))), "--", B2=G2) -> TRUE | M2: =IF(OR(ISNUMBER(SEARCH("ERROR", C2)), ISNUMBER(SEARCH("ERROR", H2)), ISNUMBER(SEARCH("TIME OUT", C2)), ISNUMBER(SEARCH("TIME OUT", H2))),"--",C2-H2) -> 0 | N2: =IF(AND(OR(ISNUMBER(SEARCH("TIME OUT", C2)), ISNUMBER(SEARCH("ERROR", C2))), OR(ISNUMBER(SEARCH("TIME OUT", H2)), ISNUMBER(SEARCH("ERROR", H2)))), "--", IF(OR(ISNUMBER(SEARCH("TIME OUT", C2)), ISNUMBER(SEARCH("ERROR", C2))), "QE", IF(OR(ISNUMBER(SEARCH("TIME OUT", H2)), ISNUMBER(SEARCH("ERROR", H2))), "RC", IF(M2=0, "TIE", IF(M2>0, "QE", "RC"))))) -> TIE | O2: =IF(M2="--","--",TEXT(MIN(C2,H2)/MAX(C2,H2),"0.000%")) -> #DIV/0! | P2: =IF(OR(ISNUMBER(SEARCH("ERROR", D2)), ISNUMBER(SEARCH("ERROR", I2)), ISNUMBER(SEARCH("TIME OUT", D2)), ISNUMBER(SEARCH("TIME OUT", I2))),"--",D2-I2) -> 0 | Q2: =IF(AND(OR(ISNUMBER(SEARCH("TIME OUT", D2)), ISNUMBER(SEARCH("ERROR", D2))), OR(ISNUMBER(SEARCH("TIME OUT", I2)), ISNUMBER(SEARCH("ERROR", I2)))), "--", IF(OR(ISNUMBER(SEARCH("TIME OUT", D2)), ISNUMBER(SEARCH("ERROR", D2))), "QE", IF(OR(ISNUMBER(SEARCH("TIME OUT", I2)), ISNUMBER(SEARCH("ERROR", I2))), "RC", IF(P2=0, "TIE", IF(P2>0, "QE", "RC"))))) -> TIE | R2: =IF(P2="--","--",TEXT(MIN(D2,I2)/MAX(D2,I2),"0.000%")) -> #DIV/0! | S2: =IF(OR(ISNUMBER(SEARCH("ERROR", E2)), ISNUMBER(SEARCH("ERROR", J2)), ISNUMBER(SEARCH("TIME OUT", E2)), ISNUMBER(SEARCH("TIME OUT", J2))),"--",E2-J2) -> 0 | T2: =IF(AND(OR(ISNUMBER(SEARCH("TIME OUT", E2)), ISNUMBER(SEARCH("ERROR", E2))), OR(ISNUMBER(SEARCH("TIME OUT", J2)), ISNUMBER(SEARCH("ERROR", J2)))), "--", IF(OR(ISNUMBER(SEARCH("TIME OUT", E2)), ISNUMBER(SEARCH("ERROR", E2))), "QE", IF(OR(ISNUMBER(SEARCH("TIME OUT", J2)), ISNUMBER(SEARCH("ERROR", J2))), "RC", IF(S2=0, "TIE", IF(S2>0, "QE", "RC"))))) -> TIE | U2: =IF(S2="--","--",TEXT(MIN(E2,J2)/MAX(E2,J2),"0.000%")) -> #DIV/0! | V2: =IF(OR(ISNUMBER(SEARCH("ERROR", F2)), ISNUMBER(SEARCH("ERROR", K2)), ISNUMBER(SEARCH("TIME OUT", F2)), ISNUMBER(SEARCH("TIME OUT", K2))),"--",F2-K2) -> 0 | W2: =IF(AND(OR(ISNUMBER(SEARCH("TIME OUT", F2)), ISNUMBER(SEARCH("ERROR", F2))), OR(ISNUMBER(SEARCH("TIME OUT", K2)), ISNUMBER(SEARCH("ERROR", K2)))), "--", IF(OR(ISNUMBER(SEARCH("TIME OUT", F2)), ISNUMBER(SEARCH("ERROR", F2))), "QE", IF(OR(ISNUMBER(SEARCH("TIME OUT", K2)), ISNUMBER(SEARCH("ERROR", K2))), "RC", IF(V2=0, "TIE", IF(V2>0, "QE", "RC"))))) -> TIE | X2: =IF(V2="--","--",TEXT(MIN(F2,K2)/MAX(F2,K2),"0.000%")) -> #DIV/0! | Z2: =AVERAGE(C:C) -> #DIV/0! | AA2: =AVERAGE(D:D) -> #DIV/0! | AB2: =AVERAGE(E:E) -> #DIV/0! | AC2: =AVERAGE(F:F) -> #DIV/0! | AD2: =AVERAGE(H:H) -> #DIV/0! | AE2: =AVERAGE(I:I) -> #DIV/0! | AF2: =AVERAGE(J:J) -> #DIV/0! | AG2: =AVERAGE(K:K) -> #DIV/0! | AH2: =AVERAGE(M2) -> 0 | AI2: =AVERAGE(P2) -> 0 | AJ2: =AVERAGE(S2) -> 0 | AK2: =AVERAGE(V2) -> 0
AA6: memory | AC6: cputime | AE6: realtime | AG6: cells | AJ6: Successes | AL6: Timeouts | AN6: Errors | AP6: Total
Z7: RC | AA7: =COUNTIF(N:N,$Z7) -> 0 | AB7: =AA7/AA$11 -> 0 | AC7: =COUNTIF(Q:Q,$Z7) -> 0 | AD7: =AC7/AC$11 -> 0 | AE7: =COUNTIF(T:T,$Z7) -> 0 | AF7: =AE7/AE$11 -> 0 | AG7: =COUNTIF(W:W,$Z7) -> 0 | AH7: =AG7/AG$11 -> 0 | AJ7: =COUNTA(B2:B68)-COUNTIF(B2:B68,"*TIME OUT*")-COUNTIF(B2:B68,"*ERROR*") -> 0 | AK7: =AJ7/67 -> 0 | AL7: =COUNTIF(B2:B68,"*TIME OUT*") -> 0 | AM7: =AL7/67 -> 0 | AN7: =COUNTIF(B2:B68,"*ERROR*") -> 0 | AO7: =AN7/67 -> 0 | AP7: =AJ7+AL7+AN7 -> 0 | AQ7: =AK7+AM7+AO7 -> 0
Z8: QE | AA8: =COUNTIF(N:N,$Z8) -> 0 | AB8: =AA8/AA$11 -> 0 | AC8: =COUNTIF(Q:Q,$Z8) -> 0 | AD8: =AC8/AC$11 -> 0 | AE8: =COUNTIF(T:T,$Z8) -> 0 | AF8: =AE8/AE$11 -> 0 | AG8: =COUNTIF(W:W,$Z8) -> 0 | AH8: =AG8/AG$11 -> 0 | AJ8: =COUNTA(G2:G68)-COUNTIF(G2:G68,"*TIME OUT*")-COUNTIF(G2:G68,"*ERROR*") -> 0 | AK8: =AJ8/67 -> 0 | AL8: =COUNTIF(G2:G68,"*TIME OUT*") -> 0 | AM8: =AL8/67 -> 0 | AN8: =COUNTIF(G2:G68,"*ERROR*") -> 0 | AO8: =AN8/67 -> 0 | AP8: =AJ8+AL8+AN8 -> 0 | AQ8: =AK8+AM8+AO8 -> 0
Z9: TIE | AA9: =COUNTIF(N:N,$Z9) -> 1 | AB9: =AA9/AA$11 -> 1 | AC9: =COUNTIF(Q:Q,$Z9) -> 1 | AD9: =AC9/AC$11 -> 1 | AE9: =COUNTIF(T:T,$Z9) -> 1 | AF9: =AE9/AE$11 -> 1 | AG9: =COUNTIF(W:W,$Z9) -> 1 | AH9: =AG9/AG$11 -> 1
Z10: -- | AA10: =COUNTIF(N:N,$Z10) -> 0 | AB10: =AA10/AA$11 -> 0 | AC10: =COUNTIF(Q:Q,$Z10) -> 0 | AD10: =AC10/AC$11 -> 0 | AE10: =COUNTIF(T:T,$Z10) -> 0 | AF10: =AE10/AE$11 -> 0 | AG10: =COUNTIF(W:W,$Z10) -> 0 | AH10: =AG10/AG$11 -> 0
Z11: total | AA11: =COUNTA(N:N)-1 -> 1 | AB11: =AA11/AA$11 -> 1 | AC11: =COUNTA(O:O)-1 -> 1 | AD11: =AC11/AC$11 -> 1 | AE11: =COUNTA(P:P)-1 -> 1 | AF11: =AE11/AE$11 -> 1 | AG11: =COUNTA(Q:Q)-1 -> 1 | AH11: =AG11/AG$11 -> 1
AA13: memory | AC13: cputime | AE13: realtime | AG13: cells
Z14: RC | AA14: =COUNTIF(N:N,$Z7)-COUNTIFS(N:N,$Z7,O:O,"--") -> 0 | AB14: =AA14/AA$11 -> 0 | AC14: =COUNTIF(Q:Q,$Z7)-COUNTIFS(Q:Q,$Z7,R:R,"--") -> 0 | AD14: =AC14/AC$11 -> 0 | AE14: =COUNTIF(T:T,$Z7)-COUNTIFS(T:T,$Z7,U:U,"--") -> 0 | AF14: =AE14/AE$11 -> 0 | AG14: =COUNTIF(W:W,$Z7)-COUNTIFS(W:W,$Z7,X:X,"--") -> 0 | AH14: =AG14/AG$11 -> 0
Z15: QE | AA15: =COUNTIF(N:N,$Z8)-COUNTIFS(N:N,$Z8,O:O,"--") -> 0 | AB15: =AA15/AA$11 -> 0 | AC15: =COUNTIF(Q:Q,$Z8)-COUNTIFS(Q:Q,$Z8,R:R,"--") -> 0 | AD15: =AC15/AC$11 -> 0 | AE15: =COUNTIF(T:T,$Z8)-COUNTIFS(T:T,$Z8,U:U,"--") -> 0 | AF15: =AE15/AE$11 -> 0 | AG15: =COUNTIF(W:W,$Z8)-COUNTIFS(W:W,$Z8,X:X,"--") -> 0 | AH15: =AG15/AG$11 -> 0
Z16: TIE | AA16: =COUNTIF(N:N,$Z9)-COUNTIFS(N:N,$Z9,O:O,"--") -> 1 | AB16: =AA16/AA$11 -> 1 | AC16: =COUNTIF(Q:Q,$Z9)-COUNTIFS(Q:Q,$Z9,R:R,"--") -> 1 | AD16: =AC16/AC$11 -> 1 | AE16: =COUNTIF(T:T,$Z9)-COUNTIFS(T:T,$Z9,U:U,"--") -> 1 | AF16: =AE16/AE$11 -> 1 | AG16: =COUNTIF(W:W,$Z9)-COUNTIFS(W:W,$Z9,X:X,"--") -> 1 | AH16: =AG16/AG$11 -> 1
Z17: -- | AA17: =COUNTIF(O:O,"--") -> 0 | AB17: =AA17/AA$11 -> 0 | AC17: =COUNTIF(R:R,"--") -> 0 | AD17: =AC17/AC$11 -> 0 | AE17: =COUNTIF(U:U,"--") -> 0 | AF17: =AE17/AE$11 -> 0 | AG17: =COUNTIF(X:X,"--") -> 0 | AH17: =AG17/AG$11 -> 0
Z18: total | AA18: =COUNTA(N:N)-1 -> 1 | AB18: =AA18/AA$11 -> 1 | AC18: =COUNTA(O:O)-1 -> 1 | AD18: =AC18/AC$11 -> 1 | AE18: =COUNTA(P:P)-1 -> 1 | AF18: =AE18/AE$11 -> 1 | AG18: =COUNTA(Q:Q)-1 -> 1 | AH18: =AG18/AG$11 -> 1
AD19: =COUNTIF(W:W,$Z8)-COUNTIFS(W:W,$Z8,V:V,"--") -> 0
Z25: Success Rate
Z26: =Z7&": "&AJ7&" "&AJ6&" ("&TEXT(AK7,"0.00%")&"), "&AL7&" "&AL6&" ("&TEXT(AM7,"0.00%")&"), "&AN7&" "&AN6&" ("&TEXT(AO7,"0.00%")&")." -> RC: 0 Successes (0.00%), 0 Timeouts (0.00%), 0 Errors (0.00%).
Z27: =Z8&": "&AJ8&" "&AJ6&" ("&TEXT(AK8,"0.00%")&"), "&AL8&" "&AL6&" ("&TEXT(AM8,"0.00%")&"), "&AN8&" "&AN6&" ("&TEXT(AO8,"0.00%")&")." -> QE: 0 Successes (0.00%), 0 Timeouts (0.00%), 0 Errors (0.00%).
Z29: No. times faster (cputime)
Z30: =Z7&": "&AC7&" ("&TEXT(AD7,"0.00%")&"), "&AC14&" actual ("&TEXT(AD14,"0.00%")&")" -> RC: 0 (0.00%), 0 actual (0.00%)
Z31: =Z8&": "&AC8&" ("&TEXT(AD8,"0.00%")&"), "&AC15&" actual ("&TEXT(AD15,"0.00%")&")" -> QE: 0 (0.00%), 0 actual (0.00%)
Z33: No. times fewer cells
Z34: =Z7&": "&AG7&" ("&TEXT(AH7,"0.00%")&"), "&AG14&" actual ("&TEXT(AH14,"0.00%")&")" -> RC: 0 (0.00%), 0 actual (0.00%)
Z35: =Z8&": "&AG8&" ("&TEXT(AH8,"0.00%")&"), "&AG15&" actual ("&TEXT(AH15,"0.00%")&")" -> QE: 0 (0.00%), 0 actual (0.00%)

Sheet 5
A1: File | B1: rc_ordering | C1: rc_memory | D1: rc_cputime | E1: rc_realtime | F1: rc_cells | G1: qe_ordering | H1: qe_memory | I1: qe_cputime | J1: qe_realtime | K1: qe_cells | L1: Ordering match | M1: memory diff | N1: win | O1: % of other | P1: cputime diff | Q1: win | R1: % of other | S1: realtime diff | T1: win | U1: % of other | V1: cells diff | W1: win | X1: % of other | Z1: rc_memory_avg | AA1: rc_cputime_avg | AB1: rc_realtime_avg | AC1: rc_cells_avg | AD1: qe_memory_avg | AE1: qe_cputime_avg | AF1: qe_realtime_avg | AG1: qe_cells_avg | AH1: =M1&"_avg" -> memory diff_avg | AI1: =P1&"_avg" -> cputime diff_avg | AJ1: =S1&"_avg" -> realtime diff_avg | AK1: =V1&"_avg" -> cells diff_avg
L2: =IF(OR(ISNUMBER(SEARCH("ERROR", B2)), ISNUMBER(SEARCH("ERROR", G2)), ISNUMBER(SEARCH("TIME OUT", B2)), ISNUMBER(SEARCH("TIME OUT", G2))), "--", B2=G2) -> TRUE | M2: =IF(OR(ISNUMBER(SEARCH("ERROR", C2)), ISNUMBER(SEARCH("ERROR", H2)), ISNUMBER(SEARCH("TIME OUT", C2)), ISNUMBER(SEARCH("TIME OUT", H2))),"--",C2-H2) -> 0 | N2: =IF(AND(OR(ISNUMBER(SEARCH("TIME OUT", C2)), ISNUMBER(SEARCH("ERROR", C2))), OR(ISNUMBER(SEARCH("TIME OUT", H2)), ISNUMBER(SEARCH("ERROR", H2)))), "--", IF(OR(ISNUMBER(SEARCH("TIME OUT", C2)), ISNUMBER(SEARCH("ERROR", C2))), "QE", IF(OR(ISNUMBER(SEARCH("TIME OUT", H2)), ISNUMBER(SEARCH("ERROR", H2))), "RC", IF(M2=0, "TIE", IF(M2>0, "QE", "RC"))))) -> TIE | O2: =IF(M2="--","--",TEXT(MIN(C2,H2)/MAX(C2,H2),"0.000%")) -> #DIV/0! | P2: =IF(OR(ISNUMBER(SEARCH("ERROR", D2)), ISNUMBER(SEARCH("ERROR", I2)), ISNUMBER(SEARCH("TIME OUT", D2)), ISNUMBER(SEARCH("TIME OUT", I2))),"--",D2-I2) -> 0 | Q2: =IF(AND(OR(ISNUMBER(SEARCH("TIME OUT", D2)), ISNUMBER(SEARCH("ERROR", D2))), OR(ISNUMBER(SEARCH("TIME OUT", I2)), ISNUMBER(SEARCH("ERROR", I2)))), "--", IF(OR(ISNUMBER(SEARCH("TIME OUT", D2)), ISNUMBER(SEARCH("ERROR", D2))), "QE", IF(OR(ISNUMBER(SEARCH("TIME OUT", I2)), ISNUMBER(SEARCH("ERROR", I2))), "RC", IF(P2=0, "TIE", IF(P2>0, "QE", "RC"))))) -> TIE | R2: =IF(P2="--","--",TEXT(MIN(D2,I2)/MAX(D2,I2),"0.000%")) -> #DIV/0! | S2: =IF(OR(ISNUMBER(SEARCH("ERROR", E2)), ISNUMBER(SEARCH("ERROR", J2)), ISNUMBER(SEARCH("TIME OUT", E2)), ISNUMBER(SEARCH("TIME OUT", J2))),"--",E2-J2) -> 0 | T2: =IF(AND(OR(ISNUMBER(SEARCH("TIME OUT", E2)), ISNUMBER(SEARCH("ERROR", E2))), OR(ISNUMBER(SEARCH("TIME OUT", J2)), ISNUMBER(SEARCH("ERROR", J2)))), "--", IF(OR(ISNUMBER(SEARCH("TIME OUT", E2)), ISNUMBER(SEARCH("ERROR", E2))), "QE", IF(OR(ISNUMBER(SEARCH("TIME OUT", J2)), ISNUMBER(SEARCH("ERROR", J2))), "RC", IF(S2=0, "TIE", IF(S2>0, "QE", "RC"))))) -> TIE | U2: =IF(S2="--","--",TEXT(MIN(E2,J2)/MAX(E2,J2),"0.000%")) -> #DIV/0! | V2: =IF(OR(ISNUMBER(SEARCH("ERROR", F2)), ISNUMBER(SEARCH("ERROR", K2)), ISNUMBER(SEARCH("TIME OUT", F2)), ISNUMBER(SEARCH("TIME OUT", K2))),"--",F2-K2) -> 0 | W2: =IF(AND(OR(ISNUMBER(SEARCH("TIME OUT", F2)), ISNUMBER(SEARCH("ERROR", F2))), OR(ISNUMBER(SEARCH("TIME OUT", K2)), ISNUMBER(SEARCH("ERROR", K2)))), "--", IF(OR(ISNUMBER(SEARCH("TIME OUT", F2)), ISNUMBER(SEARCH("ERROR", F2))), "QE", IF(OR(ISNUMBER(SEARCH("TIME OUT", K2)), ISNUMBER(SEARCH("ERROR", K2))), "RC", IF(V2=0, "TIE", IF(V2>0, "QE", "RC"))))) -> TIE | X2: =IF(V2="--","--",TEXT(MIN(F2,K2)/MAX(F2,K2),"0.000%")) -> #DIV/0! | Z2: =AVERAGE(C:C) -> #DIV/0! | AA2: =AVERAGE(D:D) -> #DIV/0! | AB2: =AVERAGE(E:E) -> #DIV/0! | AC2: =AVERAGE(F:F) -> #DIV/0! | AD2: =AVERAGE(H:H) -> #DIV/0! | AE2: =AVERAGE(I:I) -> #DIV/0! | AF2: =AVERAGE(J:J) -> #DIV/0! | AG2: =AVERAGE(K:K) -> #DIV/0! | AH2: =AVERAGE(M2) -> 0 | AI2: =AVERAGE(P2) -> 0 | AJ2: =AVERAGE(S2) -> 0 | AK2: =AVERAGE(V2) -> 0
AA6: memory | AC6: cputime | AE6: realtime | AG6: cells | AJ6: Successes | AL6: Timeouts | AN6: Errors | AP6: Total
Z7: RC | AA7: =COUNTIF(N:N,$Z7) -> 0 | AB7: =AA7/AA$11 -> 0 | AC7: =COUNTIF(Q:Q,$Z7) -> 0 | AD7: =AC7/AC$11 -> 0 | AE7: =COUNTIF(T:T,$Z7) -> 0 | AF7: =AE7/AE$11 -> 0 | AG7: =COUNTIF(W:W,$Z7) -> 0 | AH7: =AG7/AG$11 -> 0 | AJ7: =COUNTA(B2:B68)-COUNTIF(B2:B68,"*TIME OUT*")-COUNTIF(B2:B68,"*ERROR*") -> 0 | AK7: =AJ7/67 -> 0 | AL7: =COUNTIF(B2:B68,"*TIME OUT*") -> 0 | AM7: =AL7/67 -> 0 | AN7: =COUNTIF(B2:B68,"*ERROR*") -> 0 | AO7: =AN7/67 -> 0 | AP7: =AJ7+AL7+AN7 -> 0 | AQ7: =AK7+AM7+AO7 -> 0
Z8: QE | AA8: =COUNTIF(N:N,$Z8) -> 0 | AB8: =AA8/AA$11 -> 0 | AC8: =COUNTIF(Q:Q,$Z8) -> 0 | AD8: =AC8/AC$11 -> 0 | AE8: =COUNTIF(T:T,$Z8) -> 0 | AF8: =AE8/AE$11 -> 0 | AG8: =COUNTIF(W:W,$Z8) -> 0 | AH8: =AG8/AG$11 -> 0 | AJ8: =COUNTA(G2:G68)-COUNTIF(G2:G68,"*TIME OUT*")-COUNTIF(G2:G68,"*ERROR*") -> 0 | AK8: =AJ8/67 -> 0 | AL8: =COUNTIF(G2:G68,"*TIME OUT*") -> 0 | AM8: =AL8/67 -> 0 | AN8: =COUNTIF(G2:G68,"*ERROR*") -> 0 | AO8: =AN8/67 -> 0 | AP8: =AJ8+AL8+AN8 -> 0 | AQ8: =AK8+AM8+AO8 -> 0
Z9: TIE | AA9: =COUNTIF(N:N,$Z9) -> 1 | AB9: =AA9/AA$11 -> 1 | AC9: =COUNTIF(Q:Q,$Z9) -> 1 | AD9: =AC9/AC$11 -> 1 | AE9: =COUNTIF(T:T,$Z9) -> 1 | AF9: =AE9/AE$11 -> 1 | AG9: =COUNTIF(W:W,$Z9) -> 1 | AH9: =AG9/AG$11 -> 1
Z10: -- | AA10: =COUNTIF(N:N,$Z10) -> 0 | AB10: =AA10/AA$11 -> 0 | AC10: =COUNTIF(Q:Q,$Z10) -> 0 | AD10: =AC10/AC$11 -> 0 | AE10: =COUNTIF(T:T,$Z10) -> 0 | AF10: =AE10/AE$11 -> 0 | AG10: =COUNTIF(W:W,$Z10) -> 0 | AH10: =AG10/AG$11 -> 0
Z11: total | AA11: =COUNTA(N:N)-1 -> 1 | AB11: =AA11/AA$11 -> 1 | AC11: =COUNTA(O:O)-1 -> 1 | AD11: =AC11/AC$11 -> 1 | AE11: =COUNTA(P:P)-1 -> 1 | AF11: =AE11/AE$11 -> 1 | AG11: =COUNTA(Q:Q)-1 -> 1 | AH11: =AG11/AG$11 -> 1
AA13: memory | AC13: cputime | AE13: realtime | AG13: cells
Z14: RC | AA14: =COUNTIF(N:N,$Z7)-COUNTIFS(N:N,$Z7,O:O,"--") -> 0 | AB14: =AA14/AA$11 -> 0 | AC14: =COUNTIF(Q:Q,$Z7)-COUNTIFS(Q:Q,$Z7,R:R,"--") -> 0 | AD14: =AC14/AC$11 -> 0 | AE14: =COUNTIF(T:T,$Z7)-COUNTIFS(T:T,$Z7,U:U,"--") -> 0 | AF14: =AE14/AE$11 -> 0 | AG14: =COUNTIF(W:W,$Z7)-COUNTIFS(W:W,$Z7,X:X,"--") -> 0 | AH14: =AG14/AG$11 -> 0
Z15: QE | AA15: =COUNTIF(N:N,$Z8)-COUNTIFS(N:N,$Z8,O:O,"--") -> 0 | AB15: =AA15/AA$11 -> 0 | AC15: =COUNTIF(Q:Q,$Z8)-COUNTIFS(Q:Q,$Z8,R:R,"--") -> 0 | AD15: =AC15/AC$11 -> 0 | AE15: =COUNTIF(T:T,$Z8)-COUNTIFS(T:T,$Z8,U:U,"--") -> 0 | AF15: =AE15/AE$11 -> 0 | AG15: =COUNTIF(W:W,$Z8)-COUNTIFS(W:W,$Z8,X:X,"--") -> 0 | AH15: =AG15/AG$11 -> 0
Z16: TIE | AA16: =COUNTIF(N:N,$Z9)-COUNTIFS(N:N,$Z9,O:O,"--") -> 1 | AB16: =AA16/AA$11 -> 1 | AC16: =COUNTIF(Q:Q,$Z9)-COUNTIFS(Q:Q,$Z9,R:R,"--") -> 1 | AD16: =AC16/AC$11 -> 1 | AE16: =COUNTIF(T:T,$Z9)-COUNTIFS(T:T,$Z9,U:U,"--") -> 1 | AF16: =AE16/AE$11 -> 1 | AG16: =COUNTIF(W:W,$Z9)-COUNTIFS(W:W,$Z9,X:X,"--") -> 1 | AH16: =AG16/AG$11 -> 1
Z17: -- | AA17: =COUNTIF(O:O,"--") -> 0 | AB17: =AA17/AA$11 -> 0 | AC17: =COUNTIF(R:R,"--") -> 0 | AD17: =AC17/AC$11 -> 0 | AE17: =COUNTIF(U:U,"--") -> 0 | AF17: =AE17/AE$11 -> 0 | AG17: =COUNTIF(X:X,"--") -> 0 | AH17: =AG17/AG$11 -> 0
Z18: total | AA18: =COUNTA(N:N)-1 -> 1 | AB18: =AA18/AA$11 -> 1 | AC18: =COUNTA(O:O)-1 -> 1 | AD18: =AC18/AC$11 -> 1 | AE18: =COUNTA(P:P)-1 -> 1 | AF18: =AE18/AE$11 -> 1 | AG18: =COUNTA(Q:Q)-1 -> 1 | AH18: =AG18/AG$11 -> 1
AD19: =COUNTIF(W:W,$Z8)-COUNTIFS(W:W,$Z8,V:V,"--") -> 0
Z25: Success Rate
Z26: =Z7&": "&AJ7&" "&AJ6&" ("&TEXT(AK7,"0.00%")&"), "&AL7&" "&AL6&" ("&TEXT(AM7,"0.00%")&"), "&AN7&" "&AN6&" ("&TEXT(AO7,"0.00%")&")." -> RC: 0 Successes (0.00%), 0 Timeouts (0.00%), 0 Errors (0.00%).
Z27: =Z8&": "&AJ8&" "&AJ6&" ("&TEXT(AK8,"0.00%")&"), "&AL8&" "&AL6&" ("&TEXT(AM8,"0.00%")&"), "&AN8&" "&AN6&" ("&TEXT(AO8,"0.00%")&")." -> QE: 0 Successes (0.00%), 0 Timeouts (0.00%), 0 Errors (0.00%).
Z29: No. times faster (cputime)
Z30: =Z7&": "&AC7&" ("&TEXT(AD7,"0.00%")&"), "&AC14&" actual ("&TEXT(AD14,"0.00%")&")" -> RC: 0 (0.00%), 0 actual (0.00%)
Z31: =Z8&": "&AC8&" ("&TEXT(AD8,"0.00%")&"), "&AC15&" actual ("&TEXT(AD15,"0.00%")&")" -> QE: 0 (0.00%), 0 actual (0.00%)
Z33: No. times fewer cells
Z34: =Z7&": "&AG7&" ("&TEXT(AH7,"0.00%")&"), "&AG14&" actual ("&TEXT(AH14,"0.00%")&")" -> RC: 0 (0.00%), 0 actual (0.00%)
Z35: =Z8&": "&AG8&" ("&TEXT(AH8,"0.00%")&"), "&AG15&" actual ("&TEXT(AH15,"0.00%")&")" -> QE: 0 (0.00%), 0 actual (0.00%)

Sheet 6
A1: File | B1: rc_ordering | C1: rc_memory | D1: rc_cputime | E1: rc_realtime | F1: rc_cells | G1: qe_ordering | H1: qe_memory | I1: qe_cputime | J1: qe_realtime | K1: qe_cells | L1: Ordering match | M1: memory diff | N1: win | O1: % of other | P1: cputime diff | Q1: win | R1: % of other | S1: realtime diff | T1: win | U1: % of other | V1: cells diff | W1: win | X1: % of other | Z1: rc_memory_avg | AA1: rc_cputime_avg | AB1: rc_realtime_avg | AC1: rc_cells_avg | AD1: qe_memory_avg | AE1: qe_cputime_avg | AF1: qe_realtime_avg | AG1: qe_cells_avg | AH1: =M1&"_avg" -> memory diff_avg | AI1: =P1&"_avg" -> cputime diff_avg | AJ1: =S1&"_avg" -> realtime diff_avg | AK1: =V1&"_avg" -> cells diff_avg
L2: =IF(OR(ISNUMBER(SEARCH("ERROR", B2)), ISNUMBER(SEARCH("ERROR", G2)), ISNUMBER(SEARCH("TIME OUT", B2)), ISNUMBER(SEARCH("TIME OUT", G2))), "--", B2=G2) -> TRUE | M2: =IF(OR(ISNUMBER(SEARCH("ERROR", C2)), ISNUMBER(SEARCH("ERROR", H2)), ISNUMBER(SEARCH("TIME OUT", C2)), ISNUMBER(SEARCH("TIME OUT", H2))),"--",C2-H2) -> 0 | N2: =IF(AND(OR(ISNUMBER(SEARCH("TIME OUT", C2)), ISNUMBER(SEARCH("ERROR", C2))), OR(ISNUMBER(SEARCH("TIME OUT", H2)), ISNUMBER(SEARCH("ERROR", H2)))), "--", IF(OR(ISNUMBER(SEARCH("TIME OUT", C2)), ISNUMBER(SEARCH("ERROR", C2))), "QE", IF(OR(ISNUMBER(SEARCH("TIME OUT", H2)), ISNUMBER(SEARCH("ERROR", H2))), "RC", IF(M2=0, "TIE", IF(M2>0, "QE", "RC"))))) -> TIE | O2: =IF(M2="--","--",TEXT(MIN(C2,H2)/MAX(C2,H2),"0.000%")) -> #DIV/0! | P2: =IF(OR(ISNUMBER(SEARCH("ERROR", D2)), ISNUMBER(SEARCH("ERROR", I2)), ISNUMBER(SEARCH("TIME OUT", D2)), ISNUMBER(SEARCH("TIME OUT", I2))),"--",D2-I2) -> 0 | Q2: =IF(AND(OR(ISNUMBER(SEARCH("TIME OUT", D2)), ISNUMBER(SEARCH("ERROR", D2))), OR(ISNUMBER(SEARCH("TIME OUT", I2)), ISNUMBER(SEARCH("ERROR", I2)))), "--", IF(OR(ISNUMBER(SEARCH("TIME OUT", D2)), ISNUMBER(SEARCH("ERROR", D2))), "QE", IF(OR(ISNUMBER(SEARCH("TIME OUT", I2)), ISNUMBER(SEARCH("ERROR", I2))), "RC", IF(P2=0, "TIE", IF(P2>0, "QE", "RC"))))) -> TIE | R2: =IF(P2="--","--",TEXT(MIN(D2,I2)/MAX(D2,I2),"0.000%")) -> #DIV/0! | S2: =IF(OR(ISNUMBER(SEARCH("ERROR", E2)), ISNUMBER(SEARCH("ERROR", J2)), ISNUMBER(SEARCH("TIME OUT", E2)), ISNUMBER(SEARCH("TIME OUT", J2))),"--",E2-J2) -> 0 | T2: =IF(AND(OR(ISNUMBER(SEARCH("TIME OUT", E2)), ISNUMBER(SEARCH("ERROR", E2))), OR(ISNUMBER(SEARCH("TIME OUT", J2)), ISNUMBER(SEARCH("ERROR", J2)))), "--", IF(OR(ISNUMBER(SEARCH("TIME OUT", E2)), ISNUMBER(SEARCH("ERROR", E2))), "QE", IF(OR(ISNUMBER(SEARCH("TIME OUT", J2)), ISNUMBER(SEARCH("ERROR", J2))), "RC", IF(S2=0, "TIE", IF(S2>0, "QE", "RC"))))) -> TIE | U2: =IF(S2="--","--",TEXT(MIN(E2,J2)/MAX(E2,J2),"0.000%")) -> #DIV/0! | V2: =IF(OR(ISNUMBER(SEARCH("ERROR", F2)), ISNUMBER(SEARCH("ERROR", K2)), ISNUMBER(SEARCH("TIME OUT", F2)), ISNUMBER(SEARCH("TIME OUT", K2))),"--",F2-K2) -> 0 | W2: =IF(AND(OR(ISNUMBER(SEARCH("TIME OUT", F2)), ISNUMBER(SEARCH("ERROR", F2))), OR(ISNUMBER(SEARCH("TIME OUT", K2)), ISNUMBER(SEARCH("ERROR", K2)))), "--", IF(OR(ISNUMBER(SEARCH("TIME OUT", F2)), ISNUMBER(SEARCH("ERROR", F2))), "QE", IF(OR(ISNUMBER(SEARCH("TIME OUT", K2)), ISNUMBER(SEARCH("ERROR", K2))), "RC", IF(V2=0, "TIE", IF(V2>0, "QE", "RC"))))) -> TIE | X2: =IF(V2="--","--",TEXT(MIN(F2,K2)/MAX(F2,K2),"0.000%")) -> #DIV/0! | Z2: =AVERAGE(C:C) -> #DIV/0! | AA2: =AVERAGE(D:D) -> #DIV/0! | AB2: =AVERAGE(E:E) -> #DIV/0! | AC2: =AVERAGE(F:F) -> #DIV/0! | AD2: =AVERAGE(H:H) -> #DIV/0! | AE2: =AVERAGE(I:I) -> #DIV/0! | AF2: =AVERAGE(J:J) -> #DIV/0! | AG2: =AVERAGE(K:K) -> #DIV/0! | AH2: =AVERAGE(M2) -> 0 | AI2: =AVERAGE(P2) -> 0 | AJ2: =AVERAGE(S2) -> 0 | AK2: =AVERAGE(V2) -> 0
AA6: memory | AC6: cputime | AE6: realtime | AG6: cells | AJ6: Successes | AL6: Timeouts | AN6: Errors | AP6: Total
Z7: RC | AA7: =COUNTIF(N:N,$Z7) -> 0 | AB7: =AA7/AA$11 -> 0 | AC7: =COUNTIF(Q:Q,$Z7) -> 0 | AD7: =AC7/AC$11 -> 0 | AE7: =COUNTIF(T:T,$Z7) -> 0 | AF7: =AE7/AE$11 -> 0 | AG7: =COUNTIF(W:W,$Z7) -> 0 | AH7: =AG7/AG$11 -> 0 | AJ7: =COUNTA(B2:B68)-COUNTIF(B2:B68,"*TIME OUT*")-COUNTIF(B2:B68,"*ERROR*") -> 0 | AK7: =AJ7/67 -> 0 | AL7: =COUNTIF(B2:B68,"*TIME OUT*") -> 0 | AM7: =AL7/67 -> 0 | AN7: =COUNTIF(B2:B68,"*ERROR*") -> 0 | AO7: =AN7/67 -> 0 | AP7: =AJ7+AL7+AN7 -> 0 | AQ7: =AK7+AM7+AO7 -> 0
Z8: QE | AA8: =COUNTIF(N:N,$Z8) -> 0 | AB8: =AA8/AA$11 -> 0 | AC8: =COUNTIF(Q:Q,$Z8) -> 0 | AD8: =AC8/AC$11 -> 0 | AE8: =COUNTIF(T:T,$Z8) -> 0 | AF8: =AE8/AE$11 -> 0 | AG8: =COUNTIF(W:W,$Z8) -> 0 | AH8: =AG8/AG$11 -> 0 | AJ8: =COUNTA(G2:G68)-COUNTIF(G2:G68,"*TIME OUT*")-COUNTIF(G2:G68,"*ERROR*") -> 0 | AK8: =AJ8/67 -> 0 | AL8: =COUNTIF(G2:G68,"*TIME OUT*") -> 0 | AM8: =AL8/67 -> 0 | AN8: =COUNTIF(G2:G68,"*ERROR*") -> 0 | AO8: =AN8/67 -> 0 | AP8: =AJ8+AL8+AN8 -> 0 | AQ8: =AK8+AM8+AO8 -> 0
Z9: TIE | AA9: =COUNTIF(N:N,$Z9) -> 1 | AB9: =AA9/AA$11 -> 1 | AC9: =COUNTIF(Q:Q,$Z9) -> 1 | AD9: =AC9/AC$11 -> 1 | AE9: =COUNTIF(T:T,$Z9) -> 1 | AF9: =AE9/AE$11 -> 1 | AG9: =COUNTIF(W:W,$Z9) -> 1 | AH9: =AG9/AG$11 -> 1
Z10: -- | AA10: =COUNTIF(N:N,$Z10) -> 0 | AB10: =AA10/AA$11 -> 0 | AC10: =COUNTIF(Q:Q,$Z10) -> 0 | AD10: =AC10/AC$11 -> 0 | AE10: =COUNTIF(T:T,$Z10) -> 0 | AF10: =AE10/AE$11 -> 0 | AG10: =COUNTIF(W:W,$Z10) -> 0 | AH10: =AG10/AG$11 -> 0
Z11: total | AA11: =COUNTA(N:N)-1 -> 1 | AB11: =AA11/AA$11 -> 1 | AC11: =COUNTA(O:O)-1 -> 1 | AD11: =AC11/AC$11 -> 1 | AE11: =COUNTA(P:P)-1 -> 1 | AF11: =AE11/AE$11 -> 1 | AG11: =COUNTA(Q:Q)-1 -> 1 | AH11: =AG11/AG$11 -> 1
AA13: memory | AC13: cputime | AE13: realtime | AG13: cells
Z14: RC | AA14: =COUNTIF(N:N,$Z7)-COUNTIFS(N:N,$Z7,O:O,"--") -> 0 | AB14: =AA14/AA$11 -> 0 | AC14: =COUNTIF(Q:Q,$Z7)-COUNTIFS(Q:Q,$Z7,R:R,"--") -> 0 | AD14: =AC14/AC$11 -> 0 | AE14: =COUNTIF(T:T,$Z7)-COUNTIFS(T:T,$Z7,U:U,"--") -> 0 | AF14: =AE14/AE$11 -> 0 | AG14: =COUNTIF(W:W,$Z7)-COUNTIFS(W:W,$Z7,X:X,"--") -> 0 | AH14: =AG14/AG$11 -> 0
Z15: QE | AA15: =COUNTIF(N:N,$Z8)-COUNTIFS(N:N,$Z8,O:O,"--") -> 0 | AB15: =AA15/AA$11 -> 0 | AC15: =COUNTIF(Q:Q,$Z8)-COUNTIFS(Q:Q,$Z8,R:R,"--") -> 0 | AD15: =AC15/AC$11 -> 0 | AE15: =COUNTIF(T:T,$Z8)-COUNTIFS(T:T,$Z8,U:U,"--") -> 0 | AF15: =AE15/AE$11 -> 0 | AG15: =COUNTIF(W:W,$Z8)-COUNTIFS(W:W,$Z8,X:X,"--") -> 0 | AH15: =AG15/AG$11 -> 0
Z16: TIE | AA16: =COUNTIF(N:N,$Z9)-COUNTIFS(N:N,$Z9,O:O,"--") -> 1 | AB16: =AA16/AA$11 -> 1 | AC16: =COUNTIF(Q:Q,$Z9)-COUNTIFS(Q:Q,$Z9,R:R,"--") -> 1 | AD16: =AC16/AC$11 -> 1 | AE16: =COUNTIF(T:T,$Z9)-COUNTIFS(T:T,$Z9,U:U,"--") -> 1 | AF16: =AE16/AE$11 -> 1 | AG16: =COUNTIF(W:W,$Z9)-COUNTIFS(W:W,$Z9,X:X,"--") -> 1 | AH16: =AG16/AG$11 -> 1
Z17: -- | AA17: =COUNTIF(O:O,"--") -> 0 | AB17: =AA17/AA$11 -> 0 | AC17: =COUNTIF(R:R,"--") -> 0 | AD17: =AC17/AC$11 -> 0 | AE17: =COUNTIF(U:U,"--") -> 0 | AF17: =AE17/AE$11 -> 0 | AG17: =COUNTIF(X:X,"--") -> 0 | AH17: =AG17/AG$11 -> 0
Z18: total | AA18: =COUNTA(N:N)-1 -> 1 | AB18: =AA18/AA$11 -> 1 | AC18: =COUNTA(O:O)-1 -> 1 | AD18: =AC18/AC$11 -> 1 | AE18: =COUNTA(P:P)-1 -> 1 | AF18: =AE18/AE$11 -> 1 | AG18: =COUNTA(Q:Q)-1 -> 1 | AH18: =AG18/AG$11 -> 1
AD19: =COUNTIF(W:W,$Z8)-COUNTIFS(W:W,$Z8,V:V,"--") -> 0
Z25: Success Rate
Z26: =Z7&": "&AJ7&" "&AJ6&" ("&TEXT(AK7,"0.00%")&"), "&AL7&" "&AL6&" ("&TEXT(AM7,"0.00%")&"), "&AN7&" "&AN6&" ("&TEXT(AO7,"0.00%")&")." -> RC: 0 Successes (0.00%), 0 Timeouts (0.00%), 0 Errors (0.00%).
Z27: =Z8&": "&AJ8&" "&AJ6&" ("&TEXT(AK8,"0.00%")&"), "&AL8&" "&AL6&" ("&TEXT(AM8,"0.00%")&"), "&AN8&" "&AN6&" ("&TEXT(AO8,"0.00%")&")." -> QE: 0 Successes (0.00%), 0 Timeouts (0.00%), 0 Errors (0.00%).
Z29: No. times faster (cputime)
Z30: =Z7&": "&AC7&" ("&TEXT(AD7,"0.00%")&"), "&AC14&" actual ("&TEXT(AD14,"0.00%")&")" -> RC: 0 (0.00%), 0 actual (0.00%)
Z31: =Z8&": "&AC8&" ("&TEXT(AD8,"0.00%")&"), "&AC15&" actual ("&TEXT(AD15,"0.00%")&")" -> QE: 0 (0.00%), 0 actual (0.00%)
Z33: No. times fewer cells
Z34: =Z7&": "&AG7&" ("&TEXT(AH7,"0.00%")&"), "&AG14&" actual ("&TEXT(AH14,"0.00%")&")" -> RC: 0 (0.00%), 0 actual (0.00%)
Z35: =Z8&": "&AG8&" ("&TEXT(AH8,"0.00%")&"), "&AG15&" actual ("&TEXT(AH15,"0.00%")&")" -> QE: 0 (0.00%), 0 actual (0.00%)

Sheet Meta
A1: File | B1: RC REAL TIME | H1: QE REAL TIME
A2: File | B2: RC1 | C2: RC2 | D2: RC3 | E2: RC4 | F2: RC5 | G2: RC6 | H2: QE1 | I2: QE2 | J2: QE3 | K2: QE4 | L2: QE5 | M2: QE6 | P2: RC error | Q2: QE error
A3: 17 | B3: =VLOOKUP($A3,'1'!$A:$D,4,0) -> #N/A | C3: =VLOOKUP($A3,'2'!$A:$E,5,0) -> #N/A | D3: =VLOOKUP($A3,'3'!$A:$E,5,0) -> #N/A | E3: =VLOOKUP($A3,'4'!$A:$E,5,0) -> #N/A | F3: =VLOOKUP($A3,'5'!$A:$E,5,0) -> #N/A | G3: =VLOOKUP($A3,'6'!$A:$E,5,0) -> #N/A | H3: =VLOOKUP($A3,'1'!$A:$J,10,0) -> #N/A | I3: =VLOOKUP($A3,'2'!$A:$J,10,0) -> #N/A | J3: =VLOOKUP($A3,'3'!$A:$J,10,0) -> #N/A | K3: =VLOOKUP($A3,'4'!$A:$J,10,0) -> #N/A | L3: =VLOOKUP($A3,'5'!$A:$J,10,0) -> #N/A | M3: =VLOOKUP($A3,'6'!$A:$J,10,0) -> #N/A | N3: =IF(MATCH(MIN($B3:$M3),$B3:$M3,0)>6,"QE","RC") -> #N/A | O3: =MATCH(MIN($B3:$M3),$B3:$M3,0) -> #N/A | P3: =IF(LEFT(B3,5)="ERROR","1: "&VLOOKUP(B3,$S$31:$T$34,2,0)&". ","")&IF(LEFT(C3,5)="ERROR","2: "&VLOOKUP(C3,$S$31:$T$34,2,0)&". ","")&IF(LEFT(D3,5)="ERROR","3: "&VLOOKUP(D3,$S$31:$T$34,2,0)&". ","")&IF(LEFT(E3,5)="ERROR","4: "&VLOOKUP(E3,$S$31:$T$34,2,0)&". ","")&IF(LEFT(F3,5)="ERROR","5: "&VLOOKUP(F3,$S$31:$T$34,2,0)&". ","")&IF(LEFT(G3,5)="ERROR","6: "&G3,"") -> #N/A | Q3: =IF(LEFT(H3,5)="ERROR","1: "&VLOOKUP(H3,$S$31:$T$34,2,0)&". ","")&IF(LEFT(I3,5)="ERROR","2: "&VLOOKUP(I3,$S$31:$T$34,2,0)&". ","")&IF(LEFT(J3,5)="ERROR","3: "&VLOOKUP(J3,$S$31:$T$34,2,0)&". ","")&IF(LEFT(K3,5)="ERROR","4: "&VLOOKUP(K3,$S$31:$T$34,2,0)&". ","")&IF(LEFT(L3,5)="ERROR","5: "&VLOOKUP(L3,$S$31:$T$34,2,0)&". ","")&IF(LEFT(M3,5)="ERROR","6: "&M3,"") -> #N/A | T3: Fastest
A4: 19 | B4: =VLOOKUP($A4,'1'!$A:$D,4,0) -> #N/A | C4: =VLOOKUP($A4,'2'!$A:$D,4,0) -> #N/A | D4: =VLOOKUP($A4,'3'!$A:$D,4,0) -> #N/A | E4: =VLOOKUP($A4,'4'!$A:$D,4,0) -> #N/A | F4: =VLOOKUP($A4,'5'!$A:$D,4,0) -> #N/A | G4: =VLOOKUP($A4,'6'!$A:$D,4,0) -> #N/A | H4: =VLOOKUP($A4,'1'!$A:$J,10,0) -> #N/A | I4: =VLOOKUP($A4,'2'!$A:$J,10,0) -> #N/A | J4: =VLOOKUP($A4,'3'!$A:$J,10,0) -> #N/A | K4: =VLOOKUP($A4,'4'!$A:$J,10,0) -> #N/A | L4: =VLOOKUP($A4,'5'!$A:$J,10,0) -> #N/A | M4: =VLOOKUP($A4,'6'!$A:$J,10,0) -> #N/A | N4: =IF(MATCH(MIN($B4:$M4),$B4:$M4,0)>6,"QE","RC") -> #N/A | O4: =MATCH(MIN($B4:$M4),$B4:$M4,0) -> #N/A | P4: =IF(LEFT(B4,5)="ERROR","1: "&VLOOKUP(B4,$S$31:$T$34,2,0)&". ","")&IF(LEFT(C4,5)="ERROR","2: "&VLOOKUP(C4,$S$31:$T$34,2,0)&". ","")&IF(LEFT(D4,5)="ERROR","3: "&VLOOKUP(D4,$S$31:$T$34,2,0)&". ","")&IF(LEFT(E4,5)="ERROR","4: "&VLOOKUP(E4,$S$31:$T$34,2,0)&". ","")&IF(LEFT(F4,5)="ERROR","5: "&VLOOKUP(F4,$S$31:$T$34,2,0)&". ","")&IF(LEFT(G4,5)="ERROR","6: "&G4,"") -> #N/A | Q4: =IF(LEFT(H4,5)="ERROR","1: "&VLOOKUP(H4,$S$31:$T$34,2,0)&". ","")&IF(LEFT(I4,5)="ERROR","2: "&VLOOKUP(I4,$S$31:$T$34,2,0)&". ","")&IF(LEFT(J4,5)="ERROR","3: "&VLOOKUP(J4,$S$31:$T$34,2,0)&". ","")&IF(LEFT(K4,5)="ERROR","4: "&VLOOKUP(K4,$S$31:$T$34,2,0)&". ","")&IF(LEFT(L4,5)="ERROR","5: "&VLOOKUP(L4,$S$31:$T$34,2,0)&". ","")&IF(LEFT(M4,5)="ERROR","6: "&M4,"") -> #N/A | T4: RC | U4: QE | W4: "TIME OUT" | X4: "ERROR
A5: 20 | B5: =VLOOKUP($A5,'1'!$A:$D,4,0) -> #N/A | C5: =VLOOKUP($A5,'2'!$A:$D,4,0) -> #N/A | D5: =VLOOKUP($A5,'3'!$A:$D,4,0) -> #N/A | E5: =VLOOKUP($A5,'4'!$A:$D,4,0) -> #N/A | F5: =VLOOKUP($A5,'5'!$A:$D,4,0) -> #N/A | G5: =VLOOKUP($A5,'6'!$A:$D,4,0) -> #N/A | H5: =VLOOKUP($A5,'1'!$A:$J,10,0) -> #N/A | I5: =VLOOKUP($A5,'2'!$A:$J,10,0) -> #N/A | J5: =VLOOKUP($A5,'3'!$A:$J,10,0) -> #N/A | K5: =VLOOKUP($A5,'4'!$A:$J,10,0) -> #N/A | L5: =VLOOKUP($A5,'5'!$A:$J,10,0) -> #N/A | M5: =VLOOKUP($A5,'6'!$A:$J,10,0) -> #N/A | N5: =IF(MATCH(MIN($B5:$M5),$B5:$M5,0)>6,"QE","RC") -> #N/A | O5: =MATCH(MIN($B5:$M5),$B5:$M5,0) -> #N/A | P5: =IF(LEFT(B5,5)="ERROR","1: "&VLOOKUP(B5,$S$31:$T$34,2,0)&". ","")&IF(LEFT(C5,5)="ERROR","2: "&VLOOKUP(C5,$S$31:$T$34,2,0)&". ","")&IF(LEFT(D5,5)="ERROR","3: "&VLOOKUP(D5,$S$31:$T$34,2,0)&". ","")&IF(LEFT(E5,5)="ERROR","4: "&VLOOKUP(E5,$S$31:$T$34,2,0)&". ","")&IF(LEFT(F5,5)="ERROR","5: "&VLOOKUP(F5,$S$31:$T$34,2,0)&". ","")&IF(LEFT(G5,5)="ERROR","6: "&G5,"") -> #N/A | Q5: =IF(LEFT(H5,5)="ERROR","1: "&VLOOKUP(H5,$S$31:$T$34,2,0)&". ","")&IF(LEFT(I5,5)="ERROR","2: "&VLOOKUP(I5,$S$31:$T$34,2,0)&". ","")&IF(LEFT(J5,5)="ERROR","3: "&VLOOKUP(J5,$S$31:$T$34,2,0)&". ","")&IF(LEFT(K5,5)="ERROR","4: "&VLOOKUP(K5,$S$31:$T$34,2,0)&". ","")&IF(LEFT(L5,5)="ERROR","5: "&VLOOKUP(L5,$S$31:$T$34,2,0)&". ","")&IF(LEFT(M5,5)="ERROR","6: "&M5,"") -> #N/A | T5: =COUNTIF($N:$N,T4) -> 0 | U5: =COUNTIF($N:$N,U4) -> 0
A6: 22 | B6: =VLOOKUP($A6,'1'!$A:$D,4,0) -> #N/A | C6: =VLOOKUP($A6,'2'!$A:$D,4,0) -> #N/A | D6: =VLOOKUP($A6,'3'!$A:$D,4,0) -> #N/A | E6: =VLOOKUP($A6,'4'!$A:$D,4,0) -> #N/A | F6: =VLOOKUP($A6,'5'!$A:$D,4,0) -> #N/A | G6: =VLOOKUP($A6,'6'!$A:$D,4,0) -> #N/A | H6: =VLOOKUP($A6,'1'!$A:$J,10,0) -> #N/A | I6: =VLOOKUP($A6,'2'!$A:$J,10,0) -> #N/A | J6: =VLOOKUP($A6,'3'!$A:$J,10,0) -> #N/A | K6: =VLOOKUP($A6,'4'!$A:$J,10,0) -> #N/A | L6: =VLOOKUP($A6,'5'!$A:$J,10,0) -> #N/A | M6: =VLOOKUP($A6,'6'!$A:$J,10,0) -> #N/A | N6: =IF(MATCH(MIN($B6:$M6),$B6:$M6,0)>6,"QE","RC") -> #N/A | O6: =MATCH(MIN($B6:$M6),$B6:$M6,0) -> #N/A | P6: =IF(LEFT(B6,5)="ERROR","1: "&VLOOKUP(B6,$S$31:$T$34,2,0)&". ","")&IF(LEFT(C6,5)="ERROR","2: "&VLOOKUP(C6,$S$31:$T$34,2,0)&". ","")&IF(LEFT(D6,5)="ERROR","3: "&VLOOKUP(D6,$S$31:$T$34,2,0)&". ","")&IF(LEFT(E6,5)="ERROR","4: "&VLOOKUP(E6,$S$31:$T$34,2,0)&". ","")&IF(LEFT(F6,5)="ERROR","5: "&VLOOKUP(F6,$S$31:$T$34,2,0)&". ","")&IF(LEFT(G6,5)="ERROR","6: "&G6,"") -> #N/A | Q6: =IF(LEFT(H6,5)="ERROR","1: "&VLOOKUP(H6,$S$31:$T$34,2,0)&". ","")&IF(LEFT(I6,5)="ERROR","2: "&VLOOKUP(I6,$S$31:$T$34,2,0)&". ","")&IF(LEFT(J6,5)="ERROR","3: "&VLOOKUP(J6,$S$31:$T$34,2,0)&". ","")&IF(LEFT(K6,5)="ERROR","4: "&VLOOKUP(K6,$S$31:$T$34,2,0)&". ","")&IF(LEFT(L6,5)="ERROR","5: "&VLOOKUP(L6,$S$31:$T$34,2,0)&". ","")&IF(LEFT(M6,5)="ERROR","6: "&M6,"") -> #N/A | T6: Fastest
A7: 23 | B7: =VLOOKUP($A7,'1'!$A:$D,4,0) -> #N/A | C7: =VLOOKUP($A7,'2'!$A:$D,4,0) -> #N/A | D7: =VLOOKUP($A7,'3'!$A:$D,4,0) -> #N/A | E7: =VLOOKUP($A7,'4'!$A:$D,4,0) -> #N/A | F7: =VLOOKUP($A7,'5'!$A:$D,4,0) -> #N/A | G7: =VLOOKUP($A7,'6'!$A:$D,4,0) -> #N/A | H7: =VLOOKUP($A7,'1'!$A:$J,10,0) -> #N/A | I7: =VLOOKUP($A7,'2'!$A:$J,10,0) -> #N/A | J7: =VLOOKUP($A7,'3'!$A:$J,10,0) -> #N/A | K7: =VLOOKUP($A7,'4'!$A:$J,10,0) -> #N/A | L7: =VLOOKUP($A7,'5'!$A:$J,10,0) -> #N/A | M7: =VLOOKUP($A7,'6'!$A:$J,10,0) -> #N/A | N7: =IF(MATCH(MIN($B7:$M7),$B7:$M7,0)>6,"QE","RC") -> #N/A | O7: =MATCH(MIN($B7:$M7),$B7:$M7,0) -> #N/A | P7: =IF(LEFT(B7,5)="ERROR","1: "&VLOOKUP(B7,$S$31:$T$34,2,0)&". ","")&IF(LEFT(C7,5)="ERROR","2: "&VLOOKUP(C7,$S$31:$T$34,2,0)&". ","")&IF(LEFT(D7,5)="ERROR","3: "&VLOOKUP(D7,$S$31:$T$34,2,0)&". ","")&IF(LEFT(E7,5)="ERROR","4: "&VLOOKUP(E7,$S$31:$T$34,2,0)&". ","")&IF(LEFT(F7,5)="ERROR","5: "&VLOOKUP(F7,$S$31:$T$34,2,0)&". ","")&IF(LEFT(G7,5)="ERROR","6: "&G7,"") -> #N/A | Q7: =IF(LEFT(H7,5)="ERROR","1: "&VLOOKUP(H7,$S$31:$T$34,2,0)&". ","")&IF(LEFT(I7,5)="ERROR","2: "&VLOOKUP(I7,$S$31:$T$34,2,0)&". ","")&IF(LEFT(J7,5)="ERROR","3: "&VLOOKUP(J7,$S$31:$T$34,2,0)&". ","")&IF(LEFT(K7,5)="ERROR","4: "&VLOOKUP(K7,$S$31:$T$34,2,0)&". ","")&IF(LEFT(L7,5)="ERROR","5: "&VLOOKUP(L7,$S$31:$T$34,2,0)&". ","")&IF(LEFT(M7,5)="ERROR","6: "&M7,"") -> #N/A | T7: RC | Z7: QE
A8: 25 | B8: =VLOOKUP($A8,'1'!$A:$D,4,0) -> #N/A | C8: =VLOOKUP($A8,'2'!$A:$D,4,0) -> #N/A | D8: =VLOOKUP($A8,'3'!$A:$D,4,0) -> #N/A | E8: =VLOOKUP($A8,'4'!$A:$D,4,0) -> #N/A | F8: =VLOOKUP($A8,'5'!$A:$D,4,0) -> #N/A | G8: =VLOOKUP($A8,'6'!$A:$D,4,0) -> #N/A | H8: =VLOOKUP($A8,'1'!$A:$J,10,0) -> #N/A | I8: =VLOOKUP($A8,'2'!$A:$J,10,0) -> #N/A | J8: =VLOOKUP($A8,'3'!$A:$J,10,0) -> #N/A | K8: =VLOOKUP($A8,'4'!$A:$J,10,0) -> #N/A | L8: =VLOOKUP($A8,'5'!$A:$J,10,0) -> #N/A | M8: =VLOOKUP($A8,'6'!$A:$J,10,0) -> #N/A | N8: =IF(MATCH(MIN($B8:$M8),$B8:$M8,0)>6,"QE","RC") -> #N/A | O8: =MATCH(MIN($B8:$M8),$B8:$M8,0) -> #N/A | P8: =IF(LEFT(B8,5)="ERROR","1: "&VLOOKUP(B8,$S$31:$T$34,2,0)&". ","")&IF(LEFT(C8,5)="ERROR","2: "&VLOOKUP(C8,$S$31:$T$34,2,0)&". ","")&IF(LEFT(D8,5)="ERROR","3: "&VLOOKUP(D8,$S$31:$T$34,2,0)&". ","")&IF(LEFT(E8,5)="ERROR","4: "&VLOOKUP(E8,$S$31:$T$34,2,0)&". ","")&IF(LEFT(F8,5)="ERROR","5: "&VLOOKUP(F8,$S$31:$T$34,2,0)&". ","")&IF(LEFT(G8,5)="ERROR","6: "&G8,"") -> #N/A | Q8: =IF(LEFT(H8,5)="ERROR","1: "&VLOOKUP(H8,$S$31:$T$34,2,0)&". ","")&IF(LEFT(I8,5)="ERROR","2: "&VLOOKUP(I8,$S$31:$T$34,2,0)&". ","")&IF(LEFT(J8,5)="ERROR","3: "&VLOOKUP(J8,$S$31:$T$34,2,0)&". ","")&IF(LEFT(K8,5)="ERROR","4: "&VLOOKUP(K8,$S$31:$T$34,2,0)&". ","")&IF(LEFT(L8,5)="ERROR","5: "&VLOOKUP(L8,$S$31:$T$34,2,0)&". ","")&IF(LEFT(M8,5)="ERROR","6: "&M8,"") -> #N/A | T8: 1 | U8: 2 | V8: 3 | W8: 4 | X8: 5 | Y8: 6 | Z8: 1 | AA8: 2 | AB8: 3 | AC8: 4 | AD8: 5 | AE8: 6
A9: 26 | B9: =VLOOKUP($A9,'1'!$A:$D,4,0) -> #N/A | C9: =VLOOKUP($A9,'2'!$A:$D,4,0) -> #N/A | D9: =VLOOKUP($A9,'3'!$A:$D,4,0) -> #N/A | E9: =VLOOKUP($A9,'4'!$A:$D,4,0) -> #N/A | F9: =VLOOKUP($A9,'5'!$A:$D,4,0) -> #N/A | G9: =VLOOKUP($A9,'6'!$A:$D,4,0) -> #N/A | H9: =VLOOKUP($A9,'1'!$A:$J,10,0) -> #N/A | I9: =VLOOKUP($A9,'2'!$A:$J,10,0) -> #N/A | J9: =VLOOKUP($A9,'3'!$A:$J,10,0) -> #N/A | K9: =VLOOKUP($A9,'4'!$A:$J,10,0) -> #N/A | L9: =VLOOKUP($A9,'5'!$A:$J,10,0) -> #N/A | M9: =VLOOKUP($A9,'6'!$A:$J,10,0) -> #N/A | N9: =IF(MATCH(MIN($B9:$M9),$B9:$M9,0)>6,"QE","RC") -> #N/A | O9: =MATCH(MIN($B9:$M9),$B9:$M9,0) -> #N/A | P9: =IF(LEFT(B9,5)="ERROR","1: "&VLOOKUP(B9,$S$31:$T$34,2,0)&". ","")&IF(LEFT(C9,5)="ERROR","2: "&VLOOKUP(C9,$S$31:$T$34,2,0)&". ","")&IF(LEFT(D9,5)="ERROR","3: "&VLOOKUP(D9,$S$31:$T$34,2,0)&". ","")&IF(LEFT(E9,5)="ERROR","4: "&VLOOKUP(E9,$S$31:$T$34,2,0)&". ","")&IF(LEFT(F9,5)="ERROR","5: "&VLOOKUP(F9,$S$31:$T$34,2,0)&". ","")&IF(LEFT(G9,5)="ERROR","6: "&G9,"") -> #N/A | Q9: =IF(LEFT(H9,5)="ERROR","1: "&VLOOKUP(H9,$S$31:$T$34,2,0)&". ","")&IF(LEFT(I9,5)="ERROR","2: "&VLOOKUP(I9,$S$31:$T$34,2,0)&". ","")&IF(LEFT(J9,5)="ERROR","3: "&VLOOKUP(J9,$S$31:$T$34,2,0)&". ","")&IF(LEFT(K9,5)="ERROR","4: "&VLOOKUP(K9,$S$31:$T$34,2,0)&". ","")&IF(LEFT(L9,5)="ERROR","5: "&VLOOKUP(L9,$S$31:$T$34,2,0)&". ","")&IF(LEFT(M9,5)="ERROR","6: "&M9,"") -> #N/A | T9: =COUNTIF($O:$O,T8) -> 0 | U9: =COUNTIF($O:$O,U8) -> 0 | V9: =COUNTIF($O:$O,V8) -> 0 | W9: =COUNTIF($O:$O,W8) -> 0 | X9: =COUNTIF($O:$O,X8) -> 0 | Y9: =COUNTIF($O:$O,Y8) -> 0 | Z9: =COUNTIF($O:$O,Z8+6) -> 0 | AA9: =COUNTIF($O:$O,AA8+6) -> 0 | AB9: =COUNTIF($O:$O,AB8+6) -> 0 | AC9: =COUNTIF($O:$O,AC8+6) -> 0 | AD9: =COUNTIF($O:$O,AD8+6) -> 0 | AE9: =COUNTIF($O:$O,AE8+6) -> 0
A10: 27 | B10: =VLOOKUP($A10,'1'!$A:$D,4,0) -> #N/A | C10: =VLOOKUP($A10,'2'!$A:$D,4,0) -> #N/A | D10: =VLOOKUP($A10,'3'!$A:$D,4,0) -> #N/A | E10: =VLOOKUP($A10,'4'!$A:$D,4,0) -> #N/A | F10: =VLOOKUP($A10,'5'!$A:$D,4,0) -> #N/A | G10: =VLOOKUP($A10,'6'!$A:$D,4,0) -> #N/A | H10: =VLOOKUP($A10,'1'!$A:$J,10,0) -> #N/A | I10: =VLOOKUP($A10,'2'!$A:$J,10,0) -> #N/A | J10: =VLOOKUP($A10,'3'!$A:$J,10,0) -> #N/A | K10: =VLOOKUP($A10,'4'!$A:$J,10,0) -> #N/A | L10: =VLOOKUP($A10,'5'!$A:$J,10,0) -> #N/A | M10: =VLOOKUP($A10,'6'!$A:$J,10,0) -> #N/A | N10: =IF(MATCH(MIN($B10:$M10),$B10:$M10,0)>6,"QE","RC") -> #N/A | O10: =MATCH(MIN($B10:$M10),$B10:$M10,0) -> #N/A | P10: =IF(LEFT(B10,5)="ERROR","1: "&VLOOKUP(B10,$S$31:$T$34,2,0)&". ","")&IF(LEFT(C10,5)="ERROR","2: "&VLOOKUP(C10,$S$31:$T$34,2,0)&". ","")&IF(LEFT(D10,5)="ERROR","3: "&VLOOKUP(D10,$S$31:$T$34,2,0)&". ","")&IF(LEFT(E10,5)="ERROR","4: "&VLOOKUP(E10,$S$31:$T$34,2,0)&". ","")&IF(LEFT(F10,5)="ERROR","5: "&VLOOKUP(F10,$S$31:$T$34,2,0)&". ","")&IF(LEFT(G10,5)="ERROR","6: "&G10,"") -> #N/A | Q10: =IF(LEFT(H10,5)="ERROR","1: "&VLOOKUP(H10,$S$31:$T$34,2,0)&". ","")&IF(LEFT(I10,5)="ERROR","2: "&VLOOKUP(I10,$S$31:$T$34,2,0)&". ","")&IF(LEFT(J10,5)="ERROR","3: "&VLOOKUP(J10,$S$31:$T$34,2,0)&". ","")&IF(LEFT(K10,5)="ERROR","4: "&VLOOKUP(K10,$S$31:$T$34,2,0)&". ","")&IF(LEFT(L10,5)="ERROR","5: "&VLOOKUP(L10,$S$31:$T$34,2,0)&". ","")&IF(LEFT(M10,5)="ERROR","6: "&M10,"") -> #N/A | T10: Completed/Failed
A11: 28 | B11: =VLOOKUP($A11,'1'!$A:$D,4,0) -> #N/A | C11: =VLOOKUP($A11,'2'!$A:$D,4,0) -> #N/A | D11: =VLOOKUP($A11,'3'!$A:$D,4,0) -> #N/A | E11: =VLOOKUP($A11,'4'!$A:$D,4,0) -> #N/A | F11: =VLOOKUP($A11,'5'!$A:$D,4,0) -> #N/A | G11: =VLOOKUP($A11,'6'!$A:$D,4,0) -> #N/A | H11: =VLOOKUP($A11,'1'!$A:$J,10,0) -> #N/A | I11: =VLOOKUP($A11,'2'!$A:$J,10,0) -> #N/A | J11: =VLOOKUP($A11,'3'!$A:$J,10,0) -> #N/A | K11: =VLOOKUP($A11,'4'!$A:$J,10,0) -> #N/A | L11: =VLOOKUP($A11,'5'!$A:$J,10,0) -> #N/A | M11: =VLOOKUP($A11,'6'!$A:$J,10,0) -> #N/A | N11: =IF(MATCH(MIN($B11:$M11),$B11:$M11,0)>6,"QE","RC") -> #N/A | O11: =MATCH(MIN($B11:$M11),$B11:$M11,0) -> #N/A | P11: =IF(LEFT(B11,5)="ERROR","1: "&VLOOKUP(B11,$S$31:$T$34,2,0)&". ","")&IF(LEFT(C11,5)="ERROR","2: "&VLOOKUP(C11,$S$31:$T$34,2,0)&". ","")&IF(LEFT(D11,5)="ERROR","3: "&VLOOKUP(D11,$S$31:$T$34,2,0)&". ","")&IF(LEFT(E11,5)="ERROR","4: "&VLOOKUP(E11,$S$31:$T$34,2,0)&". ","")&IF(LEFT(F11,5)="ERROR","5: "&VLOOKUP(F11,$S$31:$T$34,2,0)&". ","")&IF(LEFT(G11,5)="ERROR","6: "&G11,"") -> #N/A | Q11: =IF(LEFT(H11,5)="ERROR","1: "&VLOOKUP(H11,$S$31:$T$34,2,0)&". ","")&IF(LEFT(I11,5)="ERROR","2: "&VLOOKUP(I11,$S$31:$T$34,2,0)&". ","")&IF(LEFT(J11,5)="ERROR","3: "&VLOOKUP(J11,$S$31:$T$34,2,0)&". ","")&IF(LEFT(K11,5)="ERROR","4: "&VLOOKUP(K11,$S$31:$T$34,2,0)&". ","")&IF(LEFT(L11,5)="ERROR","5: "&VLOOKUP(L11,$S$31:$T$34,2,0)&". ","")&IF(LEFT(M11,5)="ERROR","6: "&M11,"") -> #N/A | T11: RC | Z11: QE
A12: 29 | B12: =VLOOKUP($A12,'1'!$A:$D,4,0) -> #N/A | C12: =VLOOKUP($A12,'2'!$A:$D,4,0) -> #N/A | D12: =VLOOKUP($A12,'3'!$A:$D,4,0) -> #N/A | E12: =VLOOKUP($A12,'4'!$A:$D,4,0) -> #N/A | F12: =VLOOKUP($A12,'5'!$A:$D,4,0) -> #N/A | G12: =VLOOKUP($A12,'6'!$A:$D,4,0) -> #N/A | H12: =VLOOKUP($A12,'1'!$A:$J,10,0) -> #N/A | I12: =VLOOKUP($A12,'2'!$A:$J,10,0) -> #N/A | J12: =VLOOKUP($A12,'3'!$A:$J,10,0) -> #N/A | K12: =VLOOKUP($A12,'4'!$A:$J,10,0) -> #N/A | L12: =VLOOKUP($A12,'5'!$A:$J,10,0) -> #N/A | M12: =VLOOKUP($A12,'6'!$A:$J,10,0) -> #N/A | N12: =IF(MATCH(MIN($B12:$M12),$B12:$M12,0)>6,"QE","RC") -> #N/A | O12: =MATCH(MIN($B12:$M12),$B12:$M12,0) -> #N/A | P12: =IF(LEFT(B12,5)="ERROR","1: "&VLOOKUP(B12,$S$31:$T$34,2,0)&". ","")&IF(LEFT(C12,5)="ERROR","2: "&VLOOKUP(C12,$S$31:$T$34,2,0)&". ","")&IF(LEFT(D12,5)="ERROR","3: "&VLOOKUP(D12,$S$31:$T$34,2,0)&". ","")&IF(LEFT(E12,5)="ERROR","4: "&VLOOKUP(E12,$S$31:$T$34,2,0)&". ","")&IF(LEFT(F12,5)="ERROR","5: "&VLOOKUP(F12,$S$31:$T$34,2,0)&". ","")&IF(LEFT(G12,5)="ERROR","6: "&G12,"") -> #N/A | Q12: =IF(LEFT(H12,5)="ERROR","1: "&VLOOKUP(H12,$S$31:$T$34,2,0)&". ","")&IF(LEFT(I12,5)="ERROR","2: "&VLOOKUP(I12,$S$31:$T$34,2,0)&". ","")&IF(LEFT(J12,5)="ERROR","3: "&VLOOKUP(J12,$S$31:$T$34,2,0)&". ","")&IF(LEFT(K12,5)="ERROR","4: "&VLOOKUP(K12,$S$31:$T$34,2,0)&". ","")&IF(LEFT(L12,5)="ERROR","5: "&VLOOKUP(L12,$S$31:$T$34,2,0)&". ","")&IF(LEFT(M12,5)="ERROR","6: "&M12,"") -> #N/A | S12: Success | T12: =(COUNTA(B3:B69)-COUNTIF(B3:B69,$W$4)-COUNTIF(B3:B69,"TIME OUT")-COUNTIF(B3:B69,"*ERROR*")-COUNTIF(B3:B69,$X$4))/COUNTA(B3:B69) -> 1 | U12: =(COUNTA(C3:C69)-COUNTIF(C3:C69,$W$4)-COUNTIF(C3:C69,"TIME OUT")-COUNTIF(C3:C69,"*ERROR*")-COUNTIF(C3:C69,$X$4))/COUNTA(C3:C69) -> 1 | V12: =(COUNTA(D3:D69)-COUNTIF(D3:D69,$W$4)-COUNTIF(D3:D69,"TIME OUT")-COUNTIF(D3:D69,"*ERROR*")-COUNTIF(D3:D69,$X$4))/COUNTA(D3:D69) -> 1 | W12: =(COUNTA(E3:E69)-COUNTIF(E3:E69,$W$4)-COUNTIF(E3:E69,"TIME OUT")-COUNTIF(E3:E69,"*ERROR*")-COUNTIF(E3:E69,$X$4))/COUNTA(E3:E69) -> 1 | X12: =(COUNTA(F3:F69)-COUNTIF(F3:F69,$W$4)-COUNTIF(F3:F69,"TIME OUT")-COUNTIF(F3:F69,"*ERROR*")-COUNTIF(F3:F69,$X$4))/COUNTA(F3:F69) -> 1 | Y12: =(COUNTA(G3:G69)-COUNTIF(G3:G69,$W$4)-COUNTIF(G3:G69,"TIME OUT")-COUNTIF(G3:G69,"*ERROR*")-COUNTIF(G3:G69,$X$4))/COUNTA(G3:G69) -> 1 | Z12: =(COUNTA(H3:H69)-COUNTIF(H3:H69,$W$4)-COUNTIF(H3:H69,"TIME OUT")-COUNTIF(H3:H69,"*ERROR*")-COUNTIF(H3:H69,$X$4))/COUNTA(H3:H69) -> 1 | AA12: =(COUNTA(I3:I69)-COUNTIF(I3:I69,$W$4)-COUNTIF(I3:I69,"TIME OUT")-COUNTIF(I3:I69,"*ERROR*")-COUNTIF(I3:I69,$X$4))/COUNTA(I3:I69) -> 1 | ... AE12: =(COUNTA(M3:M69)-COUNTIF(M3:M69,$W$4)-COUNTIF(M3:M69,"TIME OUT")-COUNTIF(M3:M69,"*ERROR*")-COUNTIF(M3:M69,$X$4))/COUNTA(M3:M69) -> 1
A13: 30 | B13: =VLOOKUP($A13,'1'!$A:$D,4,0) -> #N/A | C13: =VLOOKUP($A13,'2'!$A:$D,4,0) -> #N/A | D13: =VLOOKUP($A13,'3'!$A:$D,4,0) -> #N/A | E13: =VLOOKUP($A13,'4'!$A:$D,4,0) -> #N/A | F13: =VLOOKUP($A13,'5'!$A:$D,4,0) -> #N/A | G13: =VLOOKUP($A13,'6'!$A:$D,4,0) -> #N/A | H13: =VLOOKUP($A13,'1'!$A:$J,10,0) -> #N/A | I13: =VLOOKUP($A13,'2'!$A:$J,10,0) -> #N/A | J13: =VLOOKUP($A13,'3'!$A:$J,10,0) -> #N/A | K13: =VLOOKUP($A13,'4'!$A:$J,10,0) -> #N/A | L13: =VLOOKUP($A13,'5'!$A:$J,10,0) -> #N/A | M13: =VLOOKUP($A13,'6'!$A:$J,10,0) -> #N/A | N13: =IF(MATCH(MIN($B13:$M13),$B13:$M13,0)>6,"QE","RC") -> #N/A | O13: =MATCH(MIN($B13:$M13),$B13:$M13,0) -> #N/A | P13: =IF(LEFT(B13,5)="ERROR","1: "&VLOOKUP(B13,$S$31:$T$34,2,0)&". ","")&IF(LEFT(C13,5)="ERROR","2: "&VLOOKUP(C13,$S$31:$T$34,2,0)&". ","")&IF(LEFT(D13,5)="ERROR","3: "&VLOOKUP(D13,$S$31:$T$34,2,0)&". ","")&IF(LEFT(E13,5)="ERROR","4: "&VLOOKUP(E13,$S$31:$T$34,2,0)&". ","")&IF(LEFT(F13,5)="ERROR","5: "&VLOOKUP(F13,$S$31:$T$34,2,0)&". ","")&IF(LEFT(G13,5)="ERROR","6: "&G13,"") -> #N/A | Q13: =IF(LEFT(H13,5)="ERROR","1: "&VLOOKUP(H13,$S$31:$T$34,2,0)&". ","")&IF(LEFT(I13,5)="ERROR","2: "&VLOOKUP(I13,$S$31:$T$34,2,0)&". ","")&IF(LEFT(J13,5)="ERROR","3: "&VLOOKUP(J13,$S$31:$T$34,2,0)&". ","")&IF(LEFT(K13,5)="ERROR","4: "&VLOOKUP(K13,$S$31:$T$34,2,0)&". ","")&IF(LEFT(L13,5)="ERROR","5: "&VLOOKUP(L13,$S$31:$T$34,2,0)&". ","")&IF(LEFT(M13,5)="ERROR","6: "&M13,"") -> #N/A | S13: Time out | T13: =(COUNTIF(B3:B69,$W$4)+COUNTIF(B3:B69,"TIME OUT"))/COUNTA(B3:B69) -> 0 | U13: =(COUNTIF(C3:C69,$W$4)+COUNTIF(C3:C69,"TIME OUT"))/COUNTA(C3:C69) -> 0 | V13: =(COUNTIF(D3:D69,$W$4)+COUNTIF(D3:D69,"TIME OUT"))/COUNTA(D3:D69) -> 0 | W13: =(COUNTIF(E3:E69,$W$4)+COUNTIF(E3:E69,"TIME OUT"))/COUNTA(E3:E69) -> 0 | X13: =(COUNTIF(F3:F69,$W$4)+COUNTIF(F3:F69,"TIME OUT"))/COUNTA(F3:F69) -> 0 | Y13: =(COUNTIF(G3:G69,$W$4)+COUNTIF(G3:G69,"TIME OUT"))/COUNTA(G3:G69) -> 0 | Z13: =(COUNTIF(H3:H69,$W$4)+COUNTIF(H3:H69,"TIME OUT"))/COUNTA(H3:H69) -> 0 | AA13: =(COUNTIF(I3:I69,$W$4)+COUNTIF(I3:I69,"TIME OUT"))/COUNTA(I3:I69) -> 0 | ... AE13: =(COUNTIF(M3:M69,$W$4)+COUNTIF(M3:M69,"TIME OUT"))/COUNTA(M3:M69) -> 0
A14: 31 | B14: =VLOOKUP($A14,'1'!$A:$D,4,0) -> #N/A | C14: =VLOOKUP($A14,'2'!$A:$D,4,0) -> #N/A | D14: =VLOOKUP($A14,'3'!$A:$D,4,0) -> #N/A | E14: =VLOOKUP($A14,'4'!$A:$D,4,0) -> #N/A | F14: =VLOOKUP($A14,'5'!$A:$D,4,0) -> #N/A | G14: =VLOOKUP($A14,'6'!$A:$D,4,0) -> #N/A | H14: =VLOOKUP($A14,'1'!$A:$J,10,0) -> #N/A | I14: =VLOOKUP($A14,'2'!$A:$J,10,0) -> #N/A | J14: =VLOOKUP($A14,'3'!$A:$J,10,0) -> #N/A | K14: =VLOOKUP($A14,'4'!$A:$J,10,0) -> #N/A | L14: =VLOOKUP($A14,'5'!$A:$J,10,0) -> #N/A | M14: =VLOOKUP($A14,'6'!$A:$J,10,0) -> #N/A | N14: =IF(MATCH(MIN($B14:$M14),$B14:$M14,0)>6,"QE","RC") -> #N/A | O14: =MATCH(MIN($B14:$M14),$B14:$M14,0) -> #N/A | P14: =IF(LEFT(B14,5)="ERROR","1: "&VLOOKUP(B14,$S$31:$T$34,2,0)&". ","")&IF(LEFT(C14,5)="ERROR","2: "&VLOOKUP(C14,$S$31:$T$34,2,0)&". ","")&IF(LEFT(D14,5)="ERROR","3: "&VLOOKUP(D14,$S$31:$T$34,2,0)&". ","")&IF(LEFT(E14,5)="ERROR","4: "&VLOOKUP(E14,$S$31:$T$34,2,0)&". ","")&IF(LEFT(F14,5)="ERROR","5: "&VLOOKUP(F14,$S$31:$T$34,2,0)&". ","")&IF(LEFT(G14,5)="ERROR","6: "&G14,"") -> #N/A | Q14: =IF(LEFT(H14,5)="ERROR","1: "&VLOOKUP(H14,$S$31:$T$34,2,0)&". ","")&IF(LEFT(I14,5)="ERROR","2: "&VLOOKUP(I14,$S$31:$T$34,2,0)&". ","")&IF(LEFT(J14,5)="ERROR","3: "&VLOOKUP(J14,$S$31:$T$34,2,0)&". ","")&IF(LEFT(K14,5)="ERROR","4: "&VLOOKUP(K14,$S$31:$T$34,2,0)&". ","")&IF(LEFT(L14,5)="ERROR","5: "&VLOOKUP(L14,$S$31:$T$34,2,0)&". ","")&IF(LEFT(M14,5)="ERROR","6: "&M14,"") -> #N/A | S14: Error | T14: =(COUNTIF(B3:B69,"*ERROR*"))/COUNTA(B3:B69) -> 0 | U14: =(COUNTIF(C3:C69,"*ERROR*"))/COUNTA(C3:C69) -> 0 | V14: =(COUNTIF(D3:D69,"*ERROR*"))/COUNTA(D3:D69) -> 0 | W14: =(COUNTIF(E3:E69,"*ERROR*"))/COUNTA(E3:E69) -> 0 | X14: =(COUNTIF(F3:F69,"*ERROR*"))/COUNTA(F3:F69) -> 0 | Y14: =(COUNTIF(G3:G69,"*ERROR*"))/COUNTA(G3:G69) -> 0 | Z14: =(COUNTIF(H3:H69,"*ERROR*"))/COUNTA(H3:H69) -> 0 | AA14: =(COUNTIF(I3:I69,"*ERROR*"))/COUNTA(I3:I69) -> 0 | ... AE14: =(COUNTIF(M3:M69,"*ERROR*"))/COUNTA(M3:M69) -> 0
A15: 32 | B15: =VLOOKUP($A15,'1'!$A:$D,4,0) -> #N/A | C15: =VLOOKUP($A15,'2'!$A:$D,4,0) -> #N/A | D15: =VLOOKUP($A15,'3'!$A:$D,4,0) -> #N/A | E15: =VLOOKUP($A15,'4'!$A:$D,4,0) -> #N/A | F15: =VLOOKUP($A15,'5'!$A:$D,4,0) -> #N/A | G15: =VLOOKUP($A15,'6'!$A:$D,4,0) -> #N/A | H15: =VLOOKUP($A15,'1'!$A:$J,10,0) -> #N/A | I15: =VLOOKUP($A15,'2'!$A:$J,10,0) -> #N/A | J15: =VLOOKUP($A15,'3'!$A:$J,10,0) -> #N/A | K15: =VLOOKUP($A15,'4'!$A:$J,10,0) -> #N/A | L15: =VLOOKUP($A15,'5'!$A:$J,10,0) -> #N/A | M15: =VLOOKUP($A15,'6'!$A:$J,10,0) -> #N/A | N15: =IF(MATCH(MIN($B15:$M15),$B15:$M15,0)>6,"QE","RC") -> #N/A | O15: =MATCH(MIN($B15:$M15),$B15:$M15,0) -> #N/A | P15: =IF(LEFT(B15,5)="ERROR","1: "&VLOOKUP(B15,$S$31:$T$34,2,0)&". ","")&IF(LEFT(C15,5)="ERROR","2: "&VLOOKUP(C15,$S$31:$T$34,2,0)&". ","")&IF(LEFT(D15,5)="ERROR","3: "&VLOOKUP(D15,$S$31:$T$34,2,0)&". ","")&IF(LEFT(E15,5)="ERROR","4: "&VLOOKUP(E15,$S$31:$T$34,2,0)&". ","")&IF(LEFT(F15,5)="ERROR","5: "&VLOOKUP(F15,$S$31:$T$34,2,0)&". ","")&IF(LEFT(G15,5)="ERROR","6: "&G15,"") -> #N/A | Q15: =IF(LEFT(H15,5)="ERROR","1: "&VLOOKUP(H15,$S$31:$T$34,2,0)&". ","")&IF(LEFT(I15,5)="ERROR","2: "&VLOOKUP(I15,$S$31:$T$34,2,0)&". ","")&IF(LEFT(J15,5)="ERROR","3: "&VLOOKUP(J15,$S$31:$T$34,2,0)&". ","")&IF(LEFT(K15,5)="ERROR","4: "&VLOOKUP(K15,$S$31:$T$34,2,0)&". ","")&IF(LEFT(L15,5)="ERROR","5: "&VLOOKUP(L15,$S$31:$T$34,2,0)&". ","")&IF(LEFT(M15,5)="ERROR","6: "&M15,"") -> #N/A
A16: 33 | B16: =VLOOKUP($A16,'1'!$A:$D,4,0) -> #N/A | C16: =VLOOKUP($A16,'2'!$A:$D,4,0) -> #N/A | D16: =VLOOKUP($A16,'3'!$A:$D,4,0) -> #N/A | E16: =VLOOKUP($A16,'4'!$A:$D,4,0) -> #N/A | F16: =VLOOKUP($A16,'5'!$A:$D,4,0) -> #N/A | G16: =VLOOKUP($A16,'6'!$A:$D,4,0) -> #N/A | H16: =VLOOKUP($A16,'1'!$A:$J,10,0) -> #N/A | I16: =VLOOKUP($A16,'2'!$A:$J,10,0) -> #N/A | J16: =VLOOKUP($A16,'3'!$A:$J,10,0) -> #N/A | K16: =VLOOKUP($A16,'4'!$A:$J,10,0) -> #N/A | L16: =VLOOKUP($A16,'5'!$A:$J,10,0) -> #N/A | M16: =VLOOKUP($A16,'6'!$A:$J,10,0) -> #N/A | N16: =IF(MATCH(MIN($B16:$M16),$B16:$M16,0)>6,"QE","RC") -> #N/A | O16: =MATCH(MIN($B16:$M16),$B16:$M16,0) -> #N/A | P16: =IF(LEFT(B16,5)="ERROR","1: "&VLOOKUP(B16,$S$31:$T$34,2,0)&". ","")&IF(LEFT(C16,5)="ERROR","2: "&VLOOKUP(C16,$S$31:$T$34,2,0)&". ","")&IF(LEFT(D16,5)="ERROR","3: "&VLOOKUP(D16,$S$31:$T$34,2,0)&". ","")&IF(LEFT(E16,5)="ERROR","4: "&VLOOKUP(E16,$S$31:$T$34,2,0)&". ","")&IF(LEFT(F16,5)="ERROR","5: "&VLOOKUP(F16,$S$31:$T$34,2,0)&". ","")&IF(LEFT(G16,5)="ERROR","6: "&G16,"") -> #N/A | Q16: =IF(LEFT(H16,5)="ERROR","1: "&VLOOKUP(H16,$S$31:$T$34,2,0)&". ","")&IF(LEFT(I16,5)="ERROR","2: "&VLOOKUP(I16,$S$31:$T$34,2,0)&". ","")&IF(LEFT(J16,5)="ERROR","3: "&VLOOKUP(J16,$S$31:$T$34,2,0)&". ","")&IF(LEFT(K16,5)="ERROR","4: "&VLOOKUP(K16,$S$31:$T$34,2,0)&". ","")&IF(LEFT(L16,5)="ERROR","5: "&VLOOKUP(L16,$S$31:$T$34,2,0)&". ","")&IF(LEFT(M16,5)="ERROR","6: "&M16,"") -> #N/A | S16: Success | T16: =(COUNTA(B3:G69)-COUNTIF(B3:G69,$W$4)-COUNTIF(B3:G69,"TIME OUT")-COUNTIF(B3:G69,"*ERROR*")-COUNTIF(B3:G69,$X$4))/COUNTA(B3:G69) -> 1 | Z16: =(COUNTA(H3:M69)-COUNTIF(H3:M69,$W$4)-COUNTIF(H3:M69,"TIME OUT")-COUNTIF(H3:M69,"*ERROR*")-COUNTIF(H3:M69,$X$4))/COUNTA(H3:M69) -> 1
A17: 34 | B17: =VLOOKUP($A17,'1'!$A:$D,4,0) -> #N/A | C17: =VLOOKUP($A17,'2'!$A:$D,4,0) -> #N/A | D17: =VLOOKUP($A17,'3'!$A:$D,4,0) -> #N/A | E17: =VLOOKUP($A17,'4'!$A:$D,4,0) -> #N/A | F17: =VLOOKUP($A17,'5'!$A:$D,4,0) -> #N/A | G17: =VLOOKUP($A17,'6'!$A:$D,4,0) -> #N/A | H17: =VLOOKUP($A17,'1'!$A:$J,10,0) -> #N/A | I17: =VLOOKUP($A17,'2'!$A:$J,10,0) -> #N/A | J17: =VLOOKUP($A17,'3'!$A:$J,10,0) -> #N/A | K17: =VLOOKUP($A17,'4'!$A:$J,10,0) -> #N/A | L17: =VLOOKUP($A17,'5'!$A:$J,10,0) -> #N/A | M17: =VLOOKUP($A17,'6'!$A:$J,10,0) -> #N/A | N17: =IF(MATCH(MIN($B17:$M17),$B17:$M17,0)>6,"QE","RC") -> #N/A | O17: =MATCH(MIN($B17:$M17),$B17:$M17,0) -> #N/A | P17: =IF(LEFT(B17,5)="ERROR","1: "&VLOOKUP(B17,$S$31:$T$34,2,0)&". ","")&IF(LEFT(C17,5)="ERROR","2: "&VLOOKUP(C17,$S$31:$T$34,2,0)&". ","")&IF(LEFT(D17,5)="ERROR","3: "&VLOOKUP(D17,$S$31:$T$34,2,0)&". ","")&IF(LEFT(E17,5)="ERROR","4: "&VLOOKUP(E17,$S$31:$T$34,2,0)&". ","")&IF(LEFT(F17,5)="ERROR","5: "&VLOOKUP(F17,$S$31:$T$34,2,0)&". ","")&IF(LEFT(G17,5)="ERROR","6: "&G17,"") -> #N/A | Q17: =IF(LEFT(H17,5)="ERROR","1: "&VLOOKUP(H17,$S$31:$T$34,2,0)&". ","")&IF(LEFT(I17,5)="ERROR","2: "&VLOOKUP(I17,$S$31:$T$34,2,0)&". ","")&IF(LEFT(J17,5)="ERROR","3: "&VLOOKUP(J17,$S$31:$T$34,2,0)&". ","")&IF(LEFT(K17,5)="ERROR","4: "&VLOOKUP(K17,$S$31:$T$34,2,0)&". ","")&IF(LEFT(L17,5)="ERROR","5: "&VLOOKUP(L17,$S$31:$T$34,2,0)&". ","")&IF(LEFT(M17,5)="ERROR","6: "&M17,"") -> #N/A | S17: Time out | T17: =(COUNTIF(B3:G69,$W$4)+COUNTIF(B3:G69,"TIME OUT"))/COUNTA(B3:G69) -> 0 | Z17: =(COUNTIF(H3:M69,$W$4)+COUNTIF(H3:M69,"TIME OUT"))/COUNTA(H3:M69) -> 0
A18: 36 | B18: =VLOOKUP($A18,'1'!$A:$D,4,0) -> #N/A | C18: =VLOOKUP($A18,'2'!$A:$D,4,0) -> #N/A | D18: =VLOOKUP($A18,'3'!$A:$D,4,0) -> #N/A | E18: =VLOOKUP($A18,'4'!$A:$D,4,0) -> #N/A | F18: =VLOOKUP($A18,'5'!$A:$D,4,0) -> #N/A | G18: =VLOOKUP($A18,'6'!$A:$D,4,0) -> #N/A | H18: =VLOOKUP($A18,'1'!$A:$J,10,0) -> #N/A | I18: =VLOOKUP($A18,'2'!$A:$J,10,0) -> #N/A | J18: =VLOOKUP($A18,'3'!$A:$J,10,0) -> #N/A | K18: =VLOOKUP($A18,'4'!$A:$J,10,0) -> #N/A | L18: =VLOOKUP($A18,'5'!$A:$J,10,0) -> #N/A | M18: =VLOOKUP($A18,'6'!$A:$J,10,0) -> #N/A | N18: =IF(MATCH(MIN($B18:$M18),$B18:$M18,0)>6,"QE","RC") -> #N/A | O18: =MATCH(MIN($B18:$M18),$B18:$M18,0) -> #N/A | P18: =IF(LEFT(B18,5)="ERROR","1: "&VLOOKUP(B18,$S$31:$T$34,2,0)&". ","")&IF(LEFT(C18,5)="ERROR","2: "&VLOOKUP(C18,$S$31:$T$34,2,0)&". ","")&IF(LEFT(D18,5)="ERROR","3: "&VLOOKUP(D18,$S$31:$T$34,2,0)&". ","")&IF(LEFT(E18,5)="ERROR","4: "&VLOOKUP(E18,$S$31:$T$34,2,0)&". ","")&IF(LEFT(F18,5)="ERROR","5: "&VLOOKUP(F18,$S$31:$T$34,2,0)&". ","")&IF(LEFT(G18,5)="ERROR","6: "&G18,"") -> #N/A | Q18: =IF(LEFT(H18,5)="ERROR","1: "&VLOOKUP(H18,$S$31:$T$34,2,0)&". ","")&IF(LEFT(I18,5)="ERROR","2: "&VLOOKUP(I18,$S$31:$T$34,2,0)&". ","")&IF(LEFT(J18,5)="ERROR","3: "&VLOOKUP(J18,$S$31:$T$34,2,0)&". ","")&IF(LEFT(K18,5)="ERROR","4: "&VLOOKUP(K18,$S$31:$T$34,2,0)&". ","")&IF(LEFT(L18,5)="ERROR","5: "&VLOOKUP(L18,$S$31:$T$34,2,0)&". ","")&IF(LEFT(M18,5)="ERROR","6: "&M18,"") -> #N/A | S18: Error | T18: =(COUNTIF(B3:G69,"*ERROR*")+COUNTIF(B3:G69,$X$4))/COUNTA(B3:G69) -> 0 | Z18: =(COUNTIF(H3:M69,"*ERROR*")+COUNTIF(H3:M69,$X$4))/COUNTA(H3:M69) -> 0
A19: 38 | B19: =VLOOKUP($A19,'1'!$A:$D,4,0) -> #N/A | C19: =VLOOKUP($A19,'2'!$A:$D,4,0) -> #N/A | D19: =VLOOKUP($A19,'3'!$A:$D,4,0) -> #N/A | E19: =VLOOKUP($A19,'4'!$A:$D,4,0) -> #N/A | F19: =VLOOKUP($A19,'5'!$A:$D,4,0) -> #N/A | G19: =VLOOKUP($A19,'6'!$A:$D,4,0) -> #N/A | H19: =VLOOKUP($A19,'1'!$A:$J,10,0) -> #N/A | I19: =VLOOKUP($A19,'2'!$A:$J,10,0) -> #N/A | J19: =VLOOKUP($A19,'3'!$A:$J,10,0) -> #N/A | K19: =VLOOKUP($A19,'4'!$A:$J,10,0) -> #N/A | L19: =VLOOKUP($A19,'5'!$A:$J,10,0) -> #N/A | M19: =VLOOKUP($A19,'6'!$A:$J,10,0) -> #N/A | N19: =IF(MATCH(MIN($B19:$M19),$B19:$M19,0)>6,"QE","RC") -> #N/A | O19: =MATCH(MIN($B19:$M19),$B19:$M19,0) -> #N/A | P19: =IF(LEFT(B19,5)="ERROR","1: "&VLOOKUP(B19,$S$31:$T$34,2,0)&". ","")&IF(LEFT(C19,5)="ERROR","2: "&VLOOKUP(C19,$S$31:$T$34,2,0)&". ","")&IF(LEFT(D19,5)="ERROR","3: "&VLOOKUP(D19,$S$31:$T$34,2,0)&". ","")&IF(LEFT(E19,5)="ERROR","4: "&VLOOKUP(E19,$S$31:$T$34,2,0)&". ","")&IF(LEFT(F19,5)="ERROR","5: "&VLOOKUP(F19,$S$31:$T$34,2,0)&". ","")&IF(LEFT(G19,5)="ERROR","6: "&G19,"") -> #N/A | Q19: =IF(LEFT(H19,5)="ERROR","1: "&VLOOKUP(H19,$S$31:$T$34,2,0)&". ","")&IF(LEFT(I19,5)="ERROR","2: "&VLOOKUP(I19,$S$31:$T$34,2,0)&". ","")&IF(LEFT(J19,5)="ERROR","3: "&VLOOKUP(J19,$S$31:$T$34,2,0)&". ","")&IF(LEFT(K19,5)="ERROR","4: "&VLOOKUP(K19,$S$31:$T$34,2,0)&". ","")&IF(LEFT(L19,5)="ERROR","5: "&VLOOKUP(L19,$S$31:$T$34,2,0)&". ","")&IF(LEFT(M19,5)="ERROR","6: "&M19,"") -> #N/A
A20: 40 | B20: =VLOOKUP($A20,'1'!$A:$D,4,0) -> #N/A | C20: =VLOOKUP($A20,'2'!$A:$D,4,0) -> #N/A | D20: =VLOOKUP($A20,'3'!$A:$D,4,0) -> #N/A | E20: =VLOOKUP($A20,'4'!$A:$D,4,0) -> #N/A | F20: =VLOOKUP($A20,'5'!$A:$D,4,0) -> #N/A | G20: =VLOOKUP($A20,'6'!$A:$D,4,0) -> #N/A | H20: =VLOOKUP($A20,'1'!$A:$J,10,0) -> #N/A | I20: =VLOOKUP($A20,'2'!$A:$J,10,0) -> #N/A | J20: =VLOOKUP($A20,'3'!$A:$J,10,0) -> #N/A | K20: =VLOOKUP($A20,'4'!$A:$J,10,0) -> #N/A | L20: =VLOOKUP($A20,'5'!$A:$J,10,0) -> #N/A | M20: =VLOOKUP($A20,'6'!$A:$J,10,0) -> #N/A | N20: =IF(MATCH(MIN($B20:$M20),$B20:$M20,0)>6,"QE","RC") -> #N/A | O20: =MATCH(MIN($B20:$M20),$B20:$M20,0) -> #N/A | P20: =IF(LEFT(B20,5)="ERROR","1: "&VLOOKUP(B20,$S$31:$T$34,2,0)&". ","")&IF(LEFT(C20,5)="ERROR","2: "&VLOOKUP(C20,$S$31:$T$34,2,0)&". ","")&IF(LEFT(D20,5)="ERROR","3: "&VLOOKUP(D20,$S$31:$T$34,2,0)&". ","")&IF(LEFT(E20,5)="ERROR","4: "&VLOOKUP(E20,$S$31:$T$34,2,0)&". ","")&IF(LEFT(F20,5)="ERROR","5: "&VLOOKUP(F20,$S$31:$T$34,2,0)&". ","")&IF(LEFT(G20,5)="ERROR","6: "&G20,"") -> #N/A | Q20: =IF(LEFT(H20,5)="ERROR","1: "&VLOOKUP(H20,$S$31:$T$34,2,0)&". ","")&IF(LEFT(I20,5)="ERROR","2: "&VLOOKUP(I20,$S$31:$T$34,2,0)&". ","")&IF(LEFT(J20,5)="ERROR","3: "&VLOOKUP(J20,$S$31:$T$34,2,0)&". ","")&IF(LEFT(K20,5)="ERROR","4: "&VLOOKUP(K20,$S$31:$T$34,2,0)&". ","")&IF(LEFT(L20,5)="ERROR","5: "&VLOOKUP(L20,$S$31:$T$34,2,0)&". ","")&IF(LEFT(M20,5)="ERROR","6: "&M20,"") -> #N/A | S20: ERROR: Maple was unable to allocate enough memory to complete this computation. Please see ?alloc | T20: =COUNTIF(B:G,S20) -> 0 | U20: =T20/$T$25 -> 0 | V20: =COUNTIF(H:M,S20) -> 0 | W20: =V20/$V$25 -> 0 | X20: Run again on fresh restart
A21: 41 | B21: =VLOOKUP($A21,'1'!$A:$D,4,0) -> #N/A | C21: =VLOOKUP($A21,'2'!$A:$D,4,0) -> #N/A | D21: =VLOOKUP($A21,'3'!$A:$D,4,0) -> #N/A | E21: =VLOOKUP($A21,'4'!$A:$D,4,0) -> #N/A | F21: =VLOOKUP($A21,'5'!$A:$D,4,0) -> #N/A | G21: =VLOOKUP($A21,'6'!$A:$D,4,0) -> #N/A | H21: =VLOOKUP($A21,'1'!$A:$J,10,0) -> #N/A | I21: =VLOOKUP($A21,'2'!$A:$J,10,0) -> #N/A | J21: =VLOOKUP($A21,'3'!$A:$J,10,0) -> #N/A | K21: =VLOOKUP($A21,'4'!$A:$J,10,0) -> #N/A | L21: =VLOOKUP($A21,'5'!$A:$J,10,0) -> #N/A | M21: =VLOOKUP($A21,'6'!$A:$J,10,0) -> #N/A | N21: =IF(MATCH(MIN($B21:$M21),$B21:$M21,0)>6,"QE","RC") -> #N/A | O21: =MATCH(MIN($B21:$M21),$B21:$M21,0) -> #N/A | P21: =IF(LEFT(B21,5)="ERROR","1: "&VLOOKUP(B21,$S$31:$T$34,2,0)&". ","")&IF(LEFT(C21,5)="ERROR","2: "&VLOOKUP(C21,$S$31:$T$34,2,0)&". ","")&IF(LEFT(D21,5)="ERROR","3: "&VLOOKUP(D21,$S$31:$T$34,2,0)&". ","")&IF(LEFT(E21,5)="ERROR","4: "&VLOOKUP(E21,$S$31:$T$34,2,0)&". ","")&IF(LEFT(F21,5)="ERROR","5: "&VLOOKUP(F21,$S$31:$T$34,2,0)&". ","")&IF(LEFT(G21,5)="ERROR","6: "&G21,"") -> #N/A | Q21: =IF(LEFT(H21,5)="ERROR","1: "&VLOOKUP(H21,$S$31:$T$34,2,0)&". ","")&IF(LEFT(I21,5)="ERROR","2: "&VLOOKUP(I21,$S$31:$T$34,2,0)&". ","")&IF(LEFT(J21,5)="ERROR","3: "&VLOOKUP(J21,$S$31:$T$34,2,0)&". ","")&IF(LEFT(K21,5)="ERROR","4: "&VLOOKUP(K21,$S$31:$T$34,2,0)&". ","")&IF(LEFT(L21,5)="ERROR","5: "&VLOOKUP(L21,$S$31:$T$34,2,0)&". ","")&IF(LEFT(M21,5)="ERROR","6: "&M21,"") -> #N/A | S21: ERROR: reducible RootOf detected. Substitutions are %1 | T21: =COUNTIF(B:G,S21) -> 0 | U21: =T21/$T$25 -> 0 | V21: =COUNTIF(H:M,S21) -> 0 | W21: =V21/$V$25 -> 0 | X21: Not sure I can do anything - issue with QuantifierElimination, maybe check 129 again
A22: 43 | B22: =VLOOKUP($A22,'1'!$A:$D,4,0) -> #N/A | C22: =VLOOKUP($A22,'2'!$A:$D,4,0) -> #N/A | D22: =VLOOKUP($A22,'3'!$A:$D,4,0) -> #N/A | E22: =VLOOKUP($A22,'4'!$A:$D,4,0) -> #N/A | F22: =VLOOKUP($A22,'5'!$A:$D,4,0) -> #N/A | G22: =VLOOKUP($A22,'6'!$A:$D,4,0) -> #N/A | H22: =VLOOKUP($A22,'1'!$A:$J,10,0) -> #N/A | I22: =VLOOKUP($A22,'2'!$A:$J,10,0) -> #N/A | J22: =VLOOKUP($A22,'3'!$A:$J,10,0) -> #N/A | K22: =VLOOKUP($A22,'4'!$A:$J,10,0) -> #N/A | L22: =VLOOKUP($A22,'5'!$A:$J,10,0) -> #N/A | M22: =VLOOKUP($A22,'6'!$A:$J,10,0) -> #N/A | N22: =IF(MATCH(MIN($B22:$M22),$B22:$M22,0)>6,"QE","RC") -> #N/A | O22: =MATCH(MIN($B22:$M22),$B22:$M22,0) -> #N/A | P22: =IF(LEFT(B22,5)="ERROR","1: "&VLOOKUP(B22,$S$31:$T$34,2,0)&". ","")&IF(LEFT(C22,5)="ERROR","2: "&VLOOKUP(C22,$S$31:$T$34,2,0)&". ","")&IF(LEFT(D22,5)="ERROR","3: "&VLOOKUP(D22,$S$31:$T$34,2,0)&". ","")&IF(LEFT(E22,5)="ERROR","4: "&VLOOKUP(E22,$S$31:$T$34,2,0)&". ","")&IF(LEFT(F22,5)="ERROR","5: "&VLOOKUP(F22,$S$31:$T$34,2,0)&". ","")&IF(LEFT(G22,5)="ERROR","6: "&G22,"") -> #N/A | Q22: =IF(LEFT(H22,5)="ERROR","1: "&VLOOKUP(H22,$S$31:$T$34,2,0)&". ","")&IF(LEFT(I22,5)="ERROR","2: "&VLOOKUP(I22,$S$31:$T$34,2,0)&". ","")&IF(LEFT(J22,5)="ERROR","3: "&VLOOKUP(J22,$S$31:$T$34,2,0)&". ","")&IF(LEFT(K22,5)="ERROR","4: "&VLOOKUP(K22,$S$31:$T$34,2,0)&". ","")&IF(LEFT(L22,5)="ERROR","5: "&VLOOKUP(L22,$S$31:$T$34,2,0)&". ","")&IF(LEFT(M22,5)="ERROR","6: "&M22,"") -> #N/A | S22: ERROR: invalid input: %1 expects its %-2 argument, %3, to be of type %4, but received %5 | T22: =COUNTIF(B:G,S22) -> 0 | U22: =T22/$T$25 -> 0 | V22: =COUNTIF(H:M,S22) -> 0 | W22: =V22/$V$25 -> 0 | X22: Check this - anything I can do? Could be a bug in the conversion tool
A23: 45 | B23: =VLOOKUP($A23,'1'!$A:$D,4,0) -> #N/A | C23: =VLOOKUP($A23,'2'!$A:$D,4,0) -> #N/A | D23: =VLOOKUP($A23,'3'!$A:$D,4,0) -> #N/A | E23: =VLOOKUP($A23,'4'!$A:$D,4,0) -> #N/A | F23: =VLOOKUP($A23,'5'!$A:$D,4,0) -> #N/A | G23: =VLOOKUP($A23,'6'!$A:$D,4,0) -> #N/A | H23: =VLOOKUP($A23,'1'!$A:$J,10,0) -> #N/A | I23: =VLOOKUP($A23,'2'!$A:$J,10,0) -> #N/A | J23: =VLOOKUP($A23,'3'!$A:$J,10,0) -> #N/A | K23: =VLOOKUP($A23,'4'!$A:$J,10,0) -> #N/A | L23: =VLOOKUP($A23,'5'!$A:$J,10,0) -> #N/A | M23: =VLOOKUP($A23,'6'!$A:$J,10,0) -> #N/A | N23: =IF(MATCH(MIN($B23:$M23),$B23:$M23,0)>6,"QE","RC") -> #N/A | O23: =MATCH(MIN($B23:$M23),$B23:$M23,0) -> #N/A | P23: =IF(LEFT(B23,5)="ERROR","1: "&VLOOKUP(B23,$S$31:$T$34,2,0)&". ","")&IF(LEFT(C23,5)="ERROR","2: "&VLOOKUP(C23,$S$31:$T$34,2,0)&". ","")&IF(LEFT(D23,5)="ERROR","3: "&VLOOKUP(D23,$S$31:$T$34,2,0)&". ","")&IF(LEFT(E23,5)="ERROR","4: "&VLOOKUP(E23,$S$31:$T$34,2,0)&". ","")&IF(LEFT(F23,5)="ERROR","5: "&VLOOKUP(F23,$S$31:$T$34,2,0)&". ","")&IF(LEFT(G23,5)="ERROR","6: "&G23,"") -> #N/A | Q23: =IF(LEFT(H23,5)="ERROR","1: "&VLOOKUP(H23,$S$31:$T$34,2,0)&". ","")&IF(LEFT(I23,5)="ERROR","2: "&VLOOKUP(I23,$S$31:$T$34,2,0)&". ","")&IF(LEFT(J23,5)="ERROR","3: "&VLOOKUP(J23,$S$31:$T$34,2,0)&". ","")&IF(LEFT(K23,5)="ERROR","4: "&VLOOKUP(K23,$S$31:$T$34,2,0)&". ","")&IF(LEFT(L23,5)="ERROR","5: "&VLOOKUP(L23,$S$31:$T$34,2,0)&". ","")&IF(LEFT(M23,5)="ERROR","6: "&M23,"") -> #N/A | S23: ERROR: attempt to refine root to target precision %1 failed with last working precision %2 | T23: =COUNTIF(B:G,S23) -> 0 | U23: =T23/$T$25 -> 0 | V23: =COUNTIF(H:M,S23) -> 0 | W23: =V23/$V$25 -> 0 | X23: Check this - anything I can do?
A24: 46 | B24: =VLOOKUP($A24,'1'!$A:$D,4,0) -> #N/A | C24: =VLOOKUP($A24,'2'!$A:$D,4,0) -> #N/A | D24: =VLOOKUP($A24,'3'!$A:$D,4,0) -> #N/A | E24: =VLOOKUP($A24,'4'!$A:$D,4,0) -> #N/A | F24: =VLOOKUP($A24,'5'!$A:$D,4,0) -> #N/A | G24: =VLOOKUP($A24,'6'!$A:$D,4,0) -> #N/A | H24: =VLOOKUP($A24,'1'!$A:$J,10,0) -> #N/A | I24: =VLOOKUP($A24,'2'!$A:$J,10,0) -> #N/A | J24: =VLOOKUP($A24,'3'!$A:$J,10,0) -> #N/A | K24: =VLOOKUP($A24,'4'!$A:$J,10,0) -> #N/A | L24: =VLOOKUP($A24,'5'!$A:$J,10,0) -> #N/A | M24: =VLOOKUP($A24,'6'!$A:$J,10,0) -> #N/A | N24: =IF(MATCH(MIN($B24:$M24),$B24:$M24,0)>6,"QE","RC") -> #N/A | O24: =MATCH(MIN($B24:$M24),$B24:$M24,0) -> #N/A | P24: =IF(LEFT(B24,5)="ERROR","1: "&VLOOKUP(B24,$S$31:$T$34,2,0)&". ","")&IF(LEFT(C24,5)="ERROR","2: "&VLOOKUP(C24,$S$31:$T$34,2,0)&". ","")&IF(LEFT(D24,5)="ERROR","3: "&VLOOKUP(D24,$S$31:$T$34,2,0)&". ","")&IF(LEFT(E24,5)="ERROR","4: "&VLOOKUP(E24,$S$31:$T$34,2,0)&". ","")&IF(LEFT(F24,5)="ERROR","5: "&VLOOKUP(F24,$S$31:$T$34,2,0)&". ","")&IF(LEFT(G24,5)="ERROR","6: "&G24,"") -> #N/A | Q24: =IF(LEFT(H24,5)="ERROR","1: "&VLOOKUP(H24,$S$31:$T$34,2,0)&". ","")&IF(LEFT(I24,5)="ERROR","2: "&VLOOKUP(I24,$S$31:$T$34,2,0)&". ","")&IF(LEFT(J24,5)="ERROR","3: "&VLOOKUP(J24,$S$31:$T$34,2,0)&". ","")&IF(LEFT(K24,5)="ERROR","4: "&VLOOKUP(K24,$S$31:$T$34,2,0)&". ","")&IF(LEFT(L24,5)="ERROR","5: "&VLOOKUP(L24,$S$31:$T$34,2,0)&". ","")&IF(LEFT(M24,5)="ERROR","6: "&M24,"") -> #N/A | S24: No error | T24: =T25-SUM(T20:T23) -> 402 | U24: =T24/$T$25 -> 1 | V24: =V25-SUM(V20:V23) -> 402 | W24: =V24/$V$25 -> 1
A25: 48 | B25: =VLOOKUP($A25,'1'!$A:$D,4,0) -> #N/A | C25: =VLOOKUP($A25,'2'!$A:$D,4,0) -> #N/A | D25: =VLOOKUP($A25,'3'!$A:$D,4,0) -> #N/A | E25: =VLOOKUP($A25,'4'!$A:$D,4,0) -> #N/A | F25: =VLOOKUP($A25,'5'!$A:$D,4,0) -> #N/A | G25: =VLOOKUP($A25,'6'!$A:$D,4,0) -> #N/A | H25: =VLOOKUP($A25,'1'!$A:$J,10,0) -> #N/A | I25: =VLOOKUP($A25,'2'!$A:$J,10,0) -> #N/A | J25: =VLOOKUP($A25,'3'!$A:$J,10,0) -> #N/A | K25: =VLOOKUP($A25,'4'!$A:$J,10,0) -> #N/A | L25: =VLOOKUP($A25,'5'!$A:$J,10,0) -> #N/A | M25: =VLOOKUP($A25,'6'!$A:$J,10,0) -> #N/A | N25: =IF(MATCH(MIN($B25:$M25),$B25:$M25,0)>6,"QE","RC") -> #N/A | O25: =MATCH(MIN($B25:$M25),$B25:$M25,0) -> #N/A | P25: =IF(LEFT(B25,5)="ERROR","1: "&VLOOKUP(B25,$S$31:$T$34,2,0)&". ","")&IF(LEFT(C25,5)="ERROR","2: "&VLOOKUP(C25,$S$31:$T$34,2,0)&". ","")&IF(LEFT(D25,5)="ERROR","3: "&VLOOKUP(D25,$S$31:$T$34,2,0)&". ","")&IF(LEFT(E25,5)="ERROR","4: "&VLOOKUP(E25,$S$31:$T$34,2,0)&". ","")&IF(LEFT(F25,5)="ERROR","5: "&VLOOKUP(F25,$S$31:$T$34,2,0)&". ","")&IF(LEFT(G25,5)="ERROR","6: "&G25,"") -> #N/A | Q25: =IF(LEFT(H25,5)="ERROR","1: "&VLOOKUP(H25,$S$31:$T$34,2,0)&". ","")&IF(LEFT(I25,5)="ERROR","2: "&VLOOKUP(I25,$S$31:$T$34,2,0)&". ","")&IF(LEFT(J25,5)="ERROR","3: "&VLOOKUP(J25,$S$31:$T$34,2,0)&". ","")&IF(LEFT(K25,5)="ERROR","4: "&VLOOKUP(K25,$S$31:$T$34,2,0)&". ","")&IF(LEFT(L25,5)="ERROR","5: "&VLOOKUP(L25,$S$31:$T$34,2,0)&". ","")&IF(LEFT(M25,5)="ERROR","6: "&M25,"") -> #N/A | S25: Total | T25: =COUNTA(B3:G69) -> 402 | U25: =SUM(U20:U24) -> 1 | V25: =COUNTA(H3:M69) -> 402 | W25: =SUM(W20:W24) -> 1
A26: 49 | B26: =VLOOKUP($A26,'1'!$A:$D,4,0) -> #N/A | C26: =VLOOKUP($A26,'2'!$A:$D,4,0) -> #N/A | D26: =VLOOKUP($A26,'3'!$A:$D,4,0) -> #N/A | E26: =VLOOKUP($A26,'4'!$A:$D,4,0) -> #N/A | F26: =VLOOKUP($A26,'5'!$A:$D,4,0) -> #N/A | G26: =VLOOKUP($A26,'6'!$A:$D,4,0) -> #N/A | H26: =VLOOKUP($A26,'1'!$A:$J,10,0) -> #N/A | I26: =VLOOKUP($A26,'2'!$A:$J,10,0) -> #N/A | J26: =VLOOKUP($A26,'3'!$A:$J,10,0) -> #N/A | K26: =VLOOKUP($A26,'4'!$A:$J,10,0) -> #N/A | L26: =VLOOKUP($A26,'5'!$A:$J,10,0) -> #N/A | M26: =VLOOKUP($A26,'6'!$A:$J,10,0) -> #N/A | N26: =IF(MATCH(MIN($B26:$M26),$B26:$M26,0)>6,"QE","RC") -> #N/A | O26: =MATCH(MIN($B26:$M26),$B26:$M26,0) -> #N/A | P26: =IF(LEFT(B26,5)="ERROR","1: "&VLOOKUP(B26,$S$31:$T$34,2,0)&". ","")&IF(LEFT(C26,5)="ERROR","2: "&VLOOKUP(C26,$S$31:$T$34,2,0)&". ","")&IF(LEFT(D26,5)="ERROR","3: "&VLOOKUP(D26,$S$31:$T$34,2,0)&". ","")&IF(LEFT(E26,5)="ERROR","4: "&VLOOKUP(E26,$S$31:$T$34,2,0)&". ","")&IF(LEFT(F26,5)="ERROR","5: "&VLOOKUP(F26,$S$31:$T$34,2,0)&". ","")&IF(LEFT(G26,5)="ERROR","6: "&G26,"") -> #N/A | Q26: =IF(LEFT(H26,5)="ERROR","1: "&VLOOKUP(H26,$S$31:$T$34,2,0)&". ","")&IF(LEFT(I26,5)="ERROR","2: "&VLOOKUP(I26,$S$31:$T$34,2,0)&". ","")&IF(LEFT(J26,5)="ERROR","3: "&VLOOKUP(J26,$S$31:$T$34,2,0)&". ","")&IF(LEFT(K26,5)="ERROR","4: "&VLOOKUP(K26,$S$31:$T$34,2,0)&". ","")&IF(LEFT(L26,5)="ERROR","5: "&VLOOKUP(L26,$S$31:$T$34,2,0)&". ","")&IF(LEFT(M26,5)="ERROR","6: "&M26,"") -> #N/A
A27: 67 | B27: =VLOOKUP($A27,'1'!$A:$D,4,0) -> #N/A | C27: =VLOOKUP($A27,'2'!$A:$D,4,0) -> #N/A | D27: =VLOOKUP($A27,'3'!$A:$D,4,0) -> #N/A | E27: =VLOOKUP($A27,'4'!$A:$D,4,0) -> #N/A | F27: =VLOOKUP($A27,'5'!$A:$D,4,0) -> #N/A | G27: =VLOOKUP($A27,'6'!$A:$D,4,0) -> #N/A | H27: =VLOOKUP($A27,'1'!$A:$J,10,0) -> #N/A | I27: =VLOOKUP($A27,'2'!$A:$J,10,0) -> #N/A | J27: =VLOOKUP($A27,'3'!$A:$J,10,0) -> #N/A | K27: =VLOOKUP($A27,'4'!$A:$J,10,0) -> #N/A | L27: =VLOOKUP($A27,'5'!$A:$J,10,0) -> #N/A | M27: =VLOOKUP($A27,'6'!$A:$J,10,0) -> #N/A | N27: =IF(MATCH(MIN($B27:$M27),$B27:$M27,0)>6,"QE","RC") -> #N/A | O27: =MATCH(MIN($B27:$M27),$B27:$M27,0) -> #N/A | P27: =IF(LEFT(B27,5)="ERROR","1: "&VLOOKUP(B27,$S$31:$T$34,2,0)&". ","")&IF(LEFT(C27,5)="ERROR","2: "&VLOOKUP(C27,$S$31:$T$34,2,0)&". ","")&IF(LEFT(D27,5)="ERROR","3: "&VLOOKUP(D27,$S$31:$T$34,2,0)&". ","")&IF(LEFT(E27,5)="ERROR","4: "&VLOOKUP(E27,$S$31:$T$34,2,0)&". ","")&IF(LEFT(F27,5)="ERROR","5: "&VLOOKUP(F27,$S$31:$T$34,2,0)&". ","")&IF(LEFT(G27,5)="ERROR","6: "&G27,"") -> #N/A | Q27: =IF(LEFT(H27,5)="ERROR","1: "&VLOOKUP(H27,$S$31:$T$34,2,0)&". ","")&IF(LEFT(I27,5)="ERROR","2: "&VLOOKUP(I27,$S$31:$T$34,2,0)&". ","")&IF(LEFT(J27,5)="ERROR","3: "&VLOOKUP(J27,$S$31:$T$34,2,0)&". ","")&IF(LEFT(K27,5)="ERROR","4: "&VLOOKUP(K27,$S$31:$T$34,2,0)&". ","")&IF(LEFT(L27,5)="ERROR","5: "&VLOOKUP(L27,$S$31:$T$34,2,0)&". ","")&IF(LEFT(M27,5)="ERROR","6: "&M27,"") -> #N/A
A28: 69 | B28: =VLOOKUP($A28,'1'!$A:$D,4,0) -> #N/A | C28: =VLOOKUP($A28,'2'!$A:$D,4,0) -> #N/A | D28: =VLOOKUP($A28,'3'!$A:$D,4,0) -> #N/A | E28: =VLOOKUP($A28,'4'!$A:$D,4,0) -> #N/A | F28: =VLOOKUP($A28,'5'!$A:$D,4,0) -> #N/A | G28: =VLOOKUP($A28,'6'!$A:$D,4,0) -> #N/A | H28: =VLOOKUP($A28,'1'!$A:$J,10,0) -> #N/A | I28: =VLOOKUP($A28,'2'!$A:$J,10,0) -> #N/A | J28: =VLOOKUP($A28,'3'!$A:$J,10,0) -> #N/A | K28: =VLOOKUP($A28,'4'!$A:$J,10,0) -> #N/A | L28: =VLOOKUP($A28,'5'!$A:$J,10,0) -> #N/A | M28: =VLOOKUP($A28,'6'!$A:$J,10,0) -> #N/A | N28: =IF(MATCH(MIN($B28:$M28),$B28:$M28,0)>6,"QE","RC") -> #N/A | O28: =MATCH(MIN($B28:$M28),$B28:$M28,0) -> #N/A | P28: =IF(LEFT(B28,5)="ERROR","1: "&VLOOKUP(B28,$S$31:$T$34,2,0)&". ","")&IF(LEFT(C28,5)="ERROR","2: "&VLOOKUP(C28,$S$31:$T$34,2,0)&". ","")&IF(LEFT(D28,5)="ERROR","3: "&VLOOKUP(D28,$S$31:$T$34,2,0)&". ","")&IF(LEFT(E28,5)="ERROR","4: "&VLOOKUP(E28,$S$31:$T$34,2,0)&". ","")&IF(LEFT(F28,5)="ERROR","5: "&VLOOKUP(F28,$S$31:$T$34,2,0)&". ","")&IF(LEFT(G28,5)="ERROR","6: "&G28,"") -> #N/A | Q28: =IF(LEFT(H28,5)="ERROR","1: "&VLOOKUP(H28,$S$31:$T$34,2,0)&". ","")&IF(LEFT(I28,5)="ERROR","2: "&VLOOKUP(I28,$S$31:$T$34,2,0)&". ","")&IF(LEFT(J28,5)="ERROR","3: "&VLOOKUP(J28,$S$31:$T$34,2,0)&". ","")&IF(LEFT(K28,5)="ERROR","4: "&VLOOKUP(K28,$S$31:$T$34,2,0)&". ","")&IF(LEFT(L28,5)="ERROR","5: "&VLOOKUP(L28,$S$31:$T$34,2,0)&". ","")&IF(LEFT(M28,5)="ERROR","6: "&M28,"") -> #N/A
A29: 70 | B29: =VLOOKUP($A29,'1'!$A:$D,4,0) -> #N/A | C29: =VLOOKUP($A29,'2'!$A:$D,4,0) -> #N/A | D29: =VLOOKUP($A29,'3'!$A:$D,4,0) -> #N/A | E29: =VLOOKUP($A29,'4'!$A:$D,4,0) -> #N/A | F29: =VLOOKUP($A29,'5'!$A:$D,4,0) -> #N/A | G29: =VLOOKUP($A29,'6'!$A:$D,4,0) -> #N/A | H29: =VLOOKUP($A29,'1'!$A:$J,10,0) -> #N/A | I29: =VLOOKUP($A29,'2'!$A:$J,10,0) -> #N/A | J29: =VLOOKUP($A29,'3'!$A:$J,10,0) -> #N/A | K29: =VLOOKUP($A29,'4'!$A:$J,10,0) -> #N/A | L29: =VLOOKUP($A29,'5'!$A:$J,10,0) -> #N/A | M29: =VLOOKUP($A29,'6'!$A:$J,10,0) -> #N/A | N29: =IF(MATCH(MIN($B29:$M29),$B29:$M29,0)>6,"QE","RC") -> #N/A | O29: =MATCH(MIN($B29:$M29),$B29:$M29,0) -> #N/A | P29: =IF(LEFT(B29,5)="ERROR","1: "&VLOOKUP(B29,$S$31:$T$34,2,0)&". ","")&IF(LEFT(C29,5)="ERROR","2: "&VLOOKUP(C29,$S$31:$T$34,2,0)&". ","")&IF(LEFT(D29,5)="ERROR","3: "&VLOOKUP(D29,$S$31:$T$34,2,0)&". ","")&IF(LEFT(E29,5)="ERROR","4: "&VLOOKUP(E29,$S$31:$T$34,2,0)&". ","")&IF(LEFT(F29,5)="ERROR","5: "&VLOOKUP(F29,$S$31:$T$34,2,0)&". ","")&IF(LEFT(G29,5)="ERROR","6: "&G29,"") -> #N/A | Q29: =IF(LEFT(H29,5)="ERROR","1: "&VLOOKUP(H29,$S$31:$T$34,2,0)&". ","")&IF(LEFT(I29,5)="ERROR","2: "&VLOOKUP(I29,$S$31:$T$34,2,0)&". ","")&IF(LEFT(J29,5)="ERROR","3: "&VLOOKUP(J29,$S$31:$T$34,2,0)&". ","")&IF(LEFT(K29,5)="ERROR","4: "&VLOOKUP(K29,$S$31:$T$34,2,0)&". ","")&IF(LEFT(L29,5)="ERROR","5: "&VLOOKUP(L29,$S$31:$T$34,2,0)&". ","")&IF(LEFT(M29,5)="ERROR","6: "&M29,"") -> #N/A
A30: 72 | B30: =VLOOKUP($A30,'1'!$A:$D,4,0) -> #N/A | C30: =VLOOKUP($A30,'2'!$A:$D,4,0) -> #N/A | D30: =VLOOKUP($A30,'3'!$A:$D,4,0) -> #N/A | E30: =VLOOKUP($A30,'4'!$A:$D,4,0) -> #N/A | F30: =VLOOKUP($A30,'5'!$A:$D,4,0) -> #N/A | G30: =VLOOKUP($A30,'6'!$A:$D,4,0) -> #N/A | H30: =VLOOKUP($A30,'1'!$A:$J,10,0) -> #N/A | I30: =VLOOKUP($A30,'2'!$A:$J,10,0) -> #N/A | J30: =VLOOKUP($A30,'3'!$A:$J,10,0) -> #N/A | K30: =VLOOKUP($A30,'4'!$A:$J,10,0) -> #N/A | L30: =VLOOKUP($A30,'5'!$A:$J,10,0) -> #N/A | M30: =VLOOKUP($A30,'6'!$A:$J,10,0) -> #N/A | N30: =IF(MATCH(MIN($B30:$M30),$B30:$M30,0)>6,"QE","RC") -> #N/A | O30: =MATCH(MIN($B30:$M30),$B30:$M30,0) -> #N/A | P30: =IF(LEFT(B30,5)="ERROR","1: "&VLOOKUP(B30,$S$31:$T$34,2,0)&". ","")&IF(LEFT(C30,5)="ERROR","2: "&VLOOKUP(C30,$S$31:$T$34,2,0)&". ","")&IF(LEFT(D30,5)="ERROR","3: "&VLOOKUP(D30,$S$31:$T$34,2,0)&". ","")&IF(LEFT(E30,5)="ERROR","4: "&VLOOKUP(E30,$S$31:$T$34,2,0)&". ","")&IF(LEFT(F30,5)="ERROR","5: "&VLOOKUP(F30,$S$31:$T$34,2,0)&". ","")&IF(LEFT(G30,5)="ERROR","6: "&G30,"") -> #N/A | Q30: =IF(LEFT(H30,5)="ERROR","1: "&VLOOKUP(H30,$S$31:$T$34,2,0)&". ","")&IF(LEFT(I30,5)="ERROR","2: "&VLOOKUP(I30,$S$31:$T$34,2,0)&". ","")&IF(LEFT(J30,5)="ERROR","3: "&VLOOKUP(J30,$S$31:$T$34,2,0)&". ","")&IF(LEFT(K30,5)="ERROR","4: "&VLOOKUP(K30,$S$31:$T$34,2,0)&". ","")&IF(LEFT(L30,5)="ERROR","5: "&VLOOKUP(L30,$S$31:$T$34,2,0)&". ","")&IF(LEFT(M30,5)="ERROR","6: "&M30,"") -> #N/A
A31: 73 | B31: =VLOOKUP($A31,'1'!$A:$D,4,0) -> #N/A | C31: =VLOOKUP($A31,'2'!$A:$D,4,0) -> #N/A | D31: =VLOOKUP($A31,'3'!$A:$D,4,0) -> #N/A | E31: =VLOOKUP($A31,'4'!$A:$D,4,0) -> #N/A | F31: =VLOOKUP($A31,'5'!$A:$D,4,0) -> #N/A | G31: =VLOOKUP($A31,'6'!$A:$D,4,0) -> #N/A | H31: =VLOOKUP($A31,'1'!$A:$J,10,0) -> #N/A | I31: =VLOOKUP($A31,'2'!$A:$J,10,0) -> #N/A | J31: =VLOOKUP($A31,'3'!$A:$J,10,0) -> #N/A | K31: =VLOOKUP($A31,'4'!$A:$J,10,0) -> #N/A | L31: =VLOOKUP($A31,'5'!$A:$J,10,0) -> #N/A | M31: =VLOOKUP($A31,'6'!$A:$J,10,0) -> #N/A | N31: =IF(MATCH(MIN($B31:$M31),$B31:$M31,0)>6,"QE","RC") -> #N/A | O31: =MATCH(MIN($B31:$M31),$B31:$M31,0) -> #N/A | P31: =IF(LEFT(B31,5)="ERROR","1: "&VLOOKUP(B31,$S$31:$T$34,2,0)&". ","")&IF(LEFT(C31,5)="ERROR","2: "&VLOOKUP(C31,$S$31:$T$34,2,0)&". ","")&IF(LEFT(D31,5)="ERROR","3: "&VLOOKUP(D31,$S$31:$T$34,2,0)&". ","")&IF(LEFT(E31,5)="ERROR","4: "&VLOOKUP(E31,$S$31:$T$34,2,0)&". ","")&IF(LEFT(F31,5)="ERROR","5: "&VLOOKUP(F31,$S$31:$T$34,2,0)&". ","")&IF(LEFT(G31,5)="ERROR","6: "&G31,"") -> #N/A | Q31: =IF(LEFT(H31,5)="ERROR","1: "&VLOOKUP(H31,$S$31:$T$34,2,0)&". ","")&IF(LEFT(I31,5)="ERROR","2: "&VLOOKUP(I31,$S$31:$T$34,2,0)&". ","")&IF(LEFT(J31,5)="ERROR","3: "&VLOOKUP(J31,$S$31:$T$34,2,0)&". ","")&IF(LEFT(K31,5)="ERROR","4: "&VLOOKUP(K31,$S$31:$T$34,2,0)&". ","")&IF(LEFT(L31,5)="ERROR","5: "&VLOOKUP(L31,$S$31:$T$34,2,0)&". ","")&IF(LEFT(M31,5)="ERROR","6: "&M31,"") -> #N/A | S31: ERROR: Maple was unable to allocate enough memory to complete this computation. Please see ?alloc | T31: Error: Memory
A32: 75 | B32: =VLOOKUP($A32,'1'!$A:$D,4,0) -> #N/A | C32: =VLOOKUP($A32,'2'!$A:$D,4,0) -> #N/A | D32: =VLOOKUP($A32,'3'!$A:$D,4,0) -> #N/A | E32: =VLOOKUP($A32,'4'!$A:$D,4,0) -> #N/A | F32: =VLOOKUP($A32,'5'!$A:$D,4,0) -> #N/A | G32: =VLOOKUP($A32,'6'!$A:$D,4,0) -> #N/A | H32: =VLOOKUP($A32,'1'!$A:$J,10,0) -> #N/A | I32: =VLOOKUP($A32,'2'!$A:$J,10,0) -> #N/A | J32: =VLOOKUP($A32,'3'!$A:$J,10,0) -> #N/A | K32: =VLOOKUP($A32,'4'!$A:$J,10,0) -> #N/A | L32: =VLOOKUP($A32,'5'!$A:$J,10,0) -> #N/A | M32: =VLOOKUP($A32,'6'!$A:$J,10,0) -> #N/A | N32: =IF(MATCH(MIN($B32:$M32),$B32:$M32,0)>6,"QE","RC") -> #N/A | O32: =MATCH(MIN($B32:$M32),$B32:$M32,0) -> #N/A | P32: =IF(LEFT(B32,5)="ERROR","1: "&VLOOKUP(B32,$S$31:$T$34,2,0)&". ","")&IF(LEFT(C32,5)="ERROR","2: "&VLOOKUP(C32,$S$31:$T$34,2,0)&". ","")&IF(LEFT(D32,5)="ERROR","3: "&VLOOKUP(D32,$S$31:$T$34,2,0)&". ","")&IF(LEFT(E32,5)="ERROR","4: "&VLOOKUP(E32,$S$31:$T$34,2,0)&". ","")&IF(LEFT(F32,5)="ERROR","5: "&VLOOKUP(F32,$S$31:$T$34,2,0)&". ","")&IF(LEFT(G32,5)="ERROR","6: "&G32,"") -> #N/A | Q32: =IF(LEFT(H32,5)="ERROR","1: "&VLOOKUP(H32,$S$31:$T$34,2,0)&". ","")&IF(LEFT(I32,5)="ERROR","2: "&VLOOKUP(I32,$S$31:$T$34,2,0)&". ","")&IF(LEFT(J32,5)="ERROR","3: "&VLOOKUP(J32,$S$31:$T$34,2,0)&". ","")&IF(LEFT(K32,5)="ERROR","4: "&VLOOKUP(K32,$S$31:$T$34,2,0)&". ","")&IF(LEFT(L32,5)="ERROR","5: "&VLOOKUP(L32,$S$31:$T$34,2,0)&". ","")&IF(LEFT(M32,5)="ERROR","6: "&M32,"") -> #N/A | S32: ERROR: reducible RootOf detected. Substitutions are %1 | T32: Error: Reducible RootOf
A33: 76 | B33: =VLOOKUP($A33,'1'!$A:$D,4,0) -> #N/A | C33: =VLOOKUP($A33,'2'!$A:$D,4,0) -> #N/A | D33: =VLOOKUP($A33,'3'!$A:$D,4,0) -> #N/A | E33: =VLOOKUP($A33,'4'!$A:$D,4,0) -> #N/A | F33: =VLOOKUP($A33,'5'!$A:$D,4,0) -> #N/A | G33: =VLOOKUP($A33,'6'!$A:$D,4,0) -> #N/A | H33: =VLOOKUP($A33,'1'!$A:$J,10,0) -> #N/A | I33: =VLOOKUP($A33,'2'!$A:$J,10,0) -> #N/A | J33: =VLOOKUP($A33,'3'!$A:$J,10,0) -> #N/A | K33: =VLOOKUP($A33,'4'!$A:$J,10,0) -> #N/A | L33: =VLOOKUP($A33,'5'!$A:$J,10,0) -> #N/A | M33: =VLOOKUP($A33,'6'!$A:$J,10,0) -> #N/A | N33: =IF(MATCH(MIN($B33:$M33),$B33:$M33,0)>6,"QE","RC") -> #N/A | O33: =MATCH(MIN($B33:$M33),$B33:$M33,0) -> #N/A | P33: =IF(LEFT(B33,5)="ERROR","1: "&VLOOKUP(B33,$S$31:$T$34,2,0)&". ","")&IF(LEFT(C33,5)="ERROR","2: "&VLOOKUP(C33,$S$31:$T$34,2,0)&". ","")&IF(LEFT(D33,5)="ERROR","3: "&VLOOKUP(D33,$S$31:$T$34,2,0)&". ","")&IF(LEFT(E33,5)="ERROR","4: "&VLOOKUP(E33,$S$31:$T$34,2,0)&". ","")&IF(LEFT(F33,5)="ERROR","5: "&VLOOKUP(F33,$S$31:$T$34,2,0)&". ","")&IF(LEFT(G33,5)="ERROR","6: "&G33,"") -> #N/A | Q33: =IF(LEFT(H33,5)="ERROR","1: "&VLOOKUP(H33,$S$31:$T$34,2,0)&". ","")&IF(LEFT(I33,5)="ERROR","2: "&VLOOKUP(I33,$S$31:$T$34,2,0)&". ","")&IF(LEFT(J33,5)="ERROR","3: "&VLOOKUP(J33,$S$31:$T$34,2,0)&". ","")&IF(LEFT(K33,5)="ERROR","4: "&VLOOKUP(K33,$S$31:$T$34,2,0)&". ","")&IF(LEFT(L33,5)="ERROR","5: "&VLOOKUP(L33,$S$31:$T$34,2,0)&". ","")&IF(LEFT(M33,5)="ERROR","6: "&M33,"") -> #N/A | S33: ERROR: invalid input: %1 expects its %-2 argument, %3, to be of type %4, but received %5 | T33: Error: Invalid input
A34: 77 | B34: =VLOOKUP($A34,'1'!$A:$D,4,0) -> #N/A | C34: =VLOOKUP($A34,'2'!$A:$D,4,0) -> #N/A | D34: =VLOOKUP($A34,'3'!$A:$D,4,0) -> #N/A | E34: =VLOOKUP($A34,'4'!$A:$D,4,0) -> #N/A | F34: =VLOOKUP($A34,'5'!$A:$D,4,0) -> #N/A | G34: =VLOOKUP($A34,'6'!$A:$D,4,0) -> #N/A | H34: =VLOOKUP($A34,'1'!$A:$J,10,0) -> #N/A | I34: =VLOOKUP($A34,'2'!$A:$J,10,0) -> #N/A | J34: =VLOOKUP($A34,'3'!$A:$J,10,0) -> #N/A | K34: =VLOOKUP($A34,'4'!$A:$J,10,0) -> #N/A | L34: =VLOOKUP($A34,'5'!$A:$J,10,0) -> #N/A | M34: =VLOOKUP($A34,'6'!$A:$J,10,0) -> #N/A | N34: =IF(MATCH(MIN($B34:$M34),$B34:$M34,0)>6,"QE","RC") -> #N/A | O34: =MATCH(MIN($B34:$M34),$B34:$M34,0) -> #N/A | P34: =IF(LEFT(B34,5)="ERROR","1: "&VLOOKUP(B34,$S$31:$T$34,2,0)&". ","")&IF(LEFT(C34,5)="ERROR","2: "&VLOOKUP(C34,$S$31:$T$34,2,0)&". ","")&IF(LEFT(D34,5)="ERROR","3: "&VLOOKUP(D34,$S$31:$T$34,2,0)&". ","")&IF(LEFT(E34,5)="ERROR","4: "&VLOOKUP(E34,$S$31:$T$34,2,0)&". ","")&IF(LEFT(F34,5)="ERROR","5: "&VLOOKUP(F34,$S$31:$T$34,2,0)&". ","")&IF(LEFT(G34,5)="ERROR","6: "&G34,"") -> #N/A | Q34: =IF(LEFT(H34,5)="ERROR","1: "&VLOOKUP(H34,$S$31:$T$34,2,0)&". ","")&IF(LEFT(I34,5)="ERROR","2: "&VLOOKUP(I34,$S$31:$T$34,2,0)&". ","")&IF(LEFT(J34,5)="ERROR","3: "&VLOOKUP(J34,$S$31:$T$34,2,0)&". ","")&IF(LEFT(K34,5)="ERROR","4: "&VLOOKUP(K34,$S$31:$T$34,2,0)&". ","")&IF(LEFT(L34,5)="ERROR","5: "&VLOOKUP(L34,$S$31:$T$34,2,0)&". ","")&IF(LEFT(M34,5)="ERROR","6: "&M34,"") -> #N/A | S34: ERROR: attempt to refine root to target precision %1 failed with last working precision %2 | T34: Error: Root refine
A35: 78 | B35: =VLOOKUP($A35,'1'!$A:$D,4,0) -> #N/A | C35: =VLOOKUP($A35,'2'!$A:$D,4,0) -> #N/A | D35: =VLOOKUP($A35,'3'!$A:$D,4,0) -> #N/A | E35: =VLOOKUP($A35,'4'!$A:$D,4,0) -> #N/A | F35: =VLOOKUP($A35,'5'!$A:$D,4,0) -> #N/A | G35: =VLOOKUP($A35,'6'!$A:$D,4,0) -> #N/A | H35: =VLOOKUP($A35,'1'!$A:$J,10,0) -> #N/A | I35: =VLOOKUP($A35,'2'!$A:$J,10,0) -> #N/A | J35: =VLOOKUP($A35,'3'!$A:$J,10,0) -> #N/A | K35: =VLOOKUP($A35,'4'!$A:$J,10,0) -> #N/A | L35: =VLOOKUP($A35,'5'!$A:$J,10,0) -> #N/A | M35: =VLOOKUP($A35,'6'!$A:$J,10,0) -> #N/A | N35: =IF(MATCH(MIN($B35:$M35),$B35:$M35,0)>6,"QE","RC") -> #N/A | O35: =MATCH(MIN($B35:$M35),$B35:$M35,0) -> #N/A | P35: =IF(LEFT(B35,5)="ERROR","1: "&VLOOKUP(B35,$S$31:$T$34,2,0)&". ","")&IF(LEFT(C35,5)="ERROR","2: "&VLOOKUP(C35,$S$31:$T$34,2,0)&". ","")&IF(LEFT(D35,5)="ERROR","3: "&VLOOKUP(D35,$S$31:$T$34,2,0)&". ","")&IF(LEFT(E35,5)="ERROR","4: "&VLOOKUP(E35,$S$31:$T$34,2,0)&". ","")&IF(LEFT(F35,5)="ERROR","5: "&VLOOKUP(F35,$S$31:$T$34,2,0)&". ","")&IF(LEFT(G35,5)="ERROR","6: "&G35,"") -> #N/A | Q35: =IF(LEFT(H35,5)="ERROR","1: "&VLOOKUP(H35,$S$31:$T$34,2,0)&". ","")&IF(LEFT(I35,5)="ERROR","2: "&VLOOKUP(I35,$S$31:$T$34,2,0)&". ","")&IF(LEFT(J35,5)="ERROR","3: "&VLOOKUP(J35,$S$31:$T$34,2,0)&". ","")&IF(LEFT(K35,5)="ERROR","4: "&VLOOKUP(K35,$S$31:$T$34,2,0)&". ","")&IF(LEFT(L35,5)="ERROR","5: "&VLOOKUP(L35,$S$31:$T$34,2,0)&". ","")&IF(LEFT(M35,5)="ERROR","6: "&M35,"") -> #N/A
A36: 79 | B36: =VLOOKUP($A36,'1'!$A:$D,4,0) -> #N/A | C36: =VLOOKUP($A36,'2'!$A:$D,4,0) -> #N/A | D36: =VLOOKUP($A36,'3'!$A:$D,4,0) -> #N/A | E36: =VLOOKUP($A36,'4'!$A:$D,4,0) -> #N/A | F36: =VLOOKUP($A36,'5'!$A:$D,4,0) -> #N/A | G36: =VLOOKUP($A36,'6'!$A:$D,4,0) -> #N/A | H36: =VLOOKUP($A36,'1'!$A:$J,10,0) -> #N/A | I36: =VLOOKUP($A36,'2'!$A:$J,10,0) -> #N/A | J36: =VLOOKUP($A36,'3'!$A:$J,10,0) -> #N/A | K36: =VLOOKUP($A36,'4'!$A:$J,10,0) -> #N/A | L36: =VLOOKUP($A36,'5'!$A:$J,10,0) -> #N/A | M36: =VLOOKUP($A36,'6'!$A:$J,10,0) -> #N/A | N36: =IF(MATCH(MIN($B36:$M36),$B36:$M36,0)>6,"QE","RC") -> #N/A | O36: =MATCH(MIN($B36:$M36),$B36:$M36,0) -> #N/A | P36: =IF(LEFT(B36,5)="ERROR","1: "&VLOOKUP(B36,$S$31:$T$34,2,0)&". ","")&IF(LEFT(C36,5)="ERROR","2: "&VLOOKUP(C36,$S$31:$T$34,2,0)&". ","")&IF(LEFT(D36,5)="ERROR","3: "&VLOOKUP(D36,$S$31:$T$34,2,0)&". ","")&IF(LEFT(E36,5)="ERROR","4: "&VLOOKUP(E36,$S$31:$T$34,2,0)&". ","")&IF(LEFT(F36,5)="ERROR","5: "&VLOOKUP(F36,$S$31:$T$34,2,0)&". ","")&IF(LEFT(G36,5)="ERROR","6: "&G36,"") -> #N/A | Q36: =IF(LEFT(H36,5)="ERROR","1: "&VLOOKUP(H36,$S$31:$T$34,2,0)&". ","")&IF(LEFT(I36,5)="ERROR","2: "&VLOOKUP(I36,$S$31:$T$34,2,0)&". ","")&IF(LEFT(J36,5)="ERROR","3: "&VLOOKUP(J36,$S$31:$T$34,2,0)&". ","")&IF(LEFT(K36,5)="ERROR","4: "&VLOOKUP(K36,$S$31:$T$34,2,0)&". ","")&IF(LEFT(L36,5)="ERROR","5: "&VLOOKUP(L36,$S$31:$T$34,2,0)&". ","")&IF(LEFT(M36,5)="ERROR","6: "&M36,"") -> #N/A
A37: 80 | B37: =VLOOKUP($A37,'1'!$A:$D,4,0) -> #N/A | C37: =VLOOKUP($A37,'2'!$A:$D,4,0) -> #N/A | D37: =VLOOKUP($A37,'3'!$A:$D,4,0) -> #N/A | E37: =VLOOKUP($A37,'4'!$A:$D,4,0) -> #N/A | F37: =VLOOKUP($A37,'5'!$A:$D,4,0) -> #N/A | G37: =VLOOKUP($A37,'6'!$A:$D,4,0) -> #N/A | H37: =VLOOKUP($A37,'1'!$A:$J,10,0) -> #N/A | I37: =VLOOKUP($A37,'2'!$A:$J,10,0) -> #N/A | J37: =VLOOKUP($A37,'3'!$A:$J,10,0) -> #N/A | K37: =VLOOKUP($A37,'4'!$A:$J,10,0) -> #N/A | L37: =VLOOKUP($A37,'5'!$A:$J,10,0) -> #N/A | M37: =VLOOKUP($A37,'6'!$A:$J,10,0) -> #N/A | N37: =IF(MATCH(MIN($B37:$M37),$B37:$M37,0)>6,"QE","RC") -> #N/A | O37: =MATCH(MIN($B37:$M37),$B37:$M37,0) -> #N/A | P37: =IF(LEFT(B37,5)="ERROR","1: "&VLOOKUP(B37,$S$31:$T$34,2,0)&". ","")&IF(LEFT(C37,5)="ERROR","2: "&VLOOKUP(C37,$S$31:$T$34,2,0)&". ","")&IF(LEFT(D37,5)="ERROR","3: "&VLOOKUP(D37,$S$31:$T$34,2,0)&". ","")&IF(LEFT(E37,5)="ERROR","4: "&VLOOKUP(E37,$S$31:$T$34,2,0)&". ","")&IF(LEFT(F37,5)="ERROR","5: "&VLOOKUP(F37,$S$31:$T$34,2,0)&". ","")&IF(LEFT(G37,5)="ERROR","6: "&G37,"") -> #N/A | Q37: =IF(LEFT(H37,5)="ERROR","1: "&VLOOKUP(H37,$S$31:$T$34,2,0)&". ","")&IF(LEFT(I37,5)="ERROR","2: "&VLOOKUP(I37,$S$31:$T$34,2,0)&". ","")&IF(LEFT(J37,5)="ERROR","3: "&VLOOKUP(J37,$S$31:$T$34,2,0)&". ","")&IF(LEFT(K37,5)="ERROR","4: "&VLOOKUP(K37,$S$31:$T$34,2,0)&". ","")&IF(LEFT(L37,5)="ERROR","5: "&VLOOKUP(L37,$S$31:$T$34,2,0)&". ","")&IF(LEFT(M37,5)="ERROR","6: "&M37,"") -> #N/A
A38: 81 | B38: =VLOOKUP($A38,'1'!$A:$D,4,0) -> #N/A | C38: =VLOOKUP($A38,'2'!$A:$D,4,0) -> #N/A | D38: =VLOOKUP($A38,'3'!$A:$D,4,0) -> #N/A | E38: =VLOOKUP($A38,'4'!$A:$D,4,0) -> #N/A | F38: =VLOOKUP($A38,'5'!$A:$D,4,0) -> #N/A | G38: =VLOOKUP($A38,'6'!$A:$D,4,0) -> #N/A | H38: =VLOOKUP($A38,'1'!$A:$J,10,0) -> #N/A | I38: =VLOOKUP($A38,'2'!$A:$J,10,0) -> #N/A | J38: =VLOOKUP($A38,'3'!$A:$J,10,0) -> #N/A | K38: =VLOOKUP($A38,'4'!$A:$J,10,0) -> #N/A | L38: =VLOOKUP($A38,'5'!$A:$J,10,0) -> #N/A | M38: =VLOOKUP($A38,'6'!$A:$J,10,0) -> #N/A | N38: =IF(MATCH(MIN($B38:$M38),$B38:$M38,0)>6,"QE","RC") -> #N/A | O38: =MATCH(MIN($B38:$M38),$B38:$M38,0) -> #N/A | P38: =IF(LEFT(B38,5)="ERROR","1: "&VLOOKUP(B38,$S$31:$T$34,2,0)&". ","")&IF(LEFT(C38,5)="ERROR","2: "&VLOOKUP(C38,$S$31:$T$34,2,0)&". ","")&IF(LEFT(D38,5)="ERROR","3: "&VLOOKUP(D38,$S$31:$T$34,2,0)&". ","")&IF(LEFT(E38,5)="ERROR","4: "&VLOOKUP(E38,$S$31:$T$34,2,0)&". ","")&IF(LEFT(F38,5)="ERROR","5: "&VLOOKUP(F38,$S$31:$T$34,2,0)&". ","")&IF(LEFT(G38,5)="ERROR","6: "&G38,"") -> #N/A | Q38: =IF(LEFT(H38,5)="ERROR","1: "&VLOOKUP(H38,$S$31:$T$34,2,0)&". ","")&IF(LEFT(I38,5)="ERROR","2: "&VLOOKUP(I38,$S$31:$T$34,2,0)&". ","")&IF(LEFT(J38,5)="ERROR","3: "&VLOOKUP(J38,$S$31:$T$34,2,0)&". ","")&IF(LEFT(K38,5)="ERROR","4: "&VLOOKUP(K38,$S$31:$T$34,2,0)&". ","")&IF(LEFT(L38,5)="ERROR","5: "&VLOOKUP(L38,$S$31:$T$34,2,0)&". ","")&IF(LEFT(M38,5)="ERROR","6: "&M38,"") -> #N/A
A39: 82 | B39: =VLOOKUP($A39,'1'!$A:$D,4,0) -> #N/A | C39: =VLOOKUP($A39,'2'!$A:$D,4,0) -> #N/A | D39: =VLOOKUP($A39,'3'!$A:$D,4,0) -> #N/A | E39: =VLOOKUP($A39,'4'!$A:$D,4,0) -> #N/A | F39: =VLOOKUP($A39,'5'!$A:$D,4,0) -> #N/A | G39: =VLOOKUP($A39,'6'!$A:$D,4,0) -> #N/A | H39: =VLOOKUP($A39,'1'!$A:$J,10,0) -> #N/A | I39: =VLOOKUP($A39,'2'!$A:$J,10,0) -> #N/A | J39: =VLOOKUP($A39,'3'!$A:$J,10,0) -> #N/A | K39: =VLOOKUP($A39,'4'!$A:$J,10,0) -> #N/A | L39: =VLOOKUP($A39,'5'!$A:$J,10,0) -> #N/A | M39: =VLOOKUP($A39,'6'!$A:$J,10,0) -> #N/A | N39: =IF(MATCH(MIN($B39:$M39),$B39:$M39,0)>6,"QE","RC") -> #N/A | O39: =MATCH(MIN($B39:$M39),$B39:$M39,0) -> #N/A | P39: =IF(LEFT(B39,5)="ERROR","1: "&VLOOKUP(B39,$S$31:$T$34,2,0)&". ","")&IF(LEFT(C39,5)="ERROR","2: "&VLOOKUP(C39,$S$31:$T$34,2,0)&". ","")&IF(LEFT(D39,5)="ERROR","3: "&VLOOKUP(D39,$S$31:$T$34,2,0)&". ","")&IF(LEFT(E39,5)="ERROR","4: "&VLOOKUP(E39,$S$31:$T$34,2,0)&". ","")&IF(LEFT(F39,5)="ERROR","5: "&VLOOKUP(F39,$S$31:$T$34,2,0)&". ","")&IF(LEFT(G39,5)="ERROR","6: "&G39,"") -> #N/A | Q39: =IF(LEFT(H39,5)="ERROR","1: "&VLOOKUP(H39,$S$31:$T$34,2,0)&". ","")&IF(LEFT(I39,5)="ERROR","2: "&VLOOKUP(I39,$S$31:$T$34,2,0)&". ","")&IF(LEFT(J39,5)="ERROR","3: "&VLOOKUP(J39,$S$31:$T$34,2,0)&". ","")&IF(LEFT(K39,5)="ERROR","4: "&VLOOKUP(K39,$S$31:$T$34,2,0)&". ","")&IF(LEFT(L39,5)="ERROR","5: "&VLOOKUP(L39,$S$31:$T$34,2,0)&". ","")&IF(LEFT(M39,5)="ERROR","6: "&M39,"") -> #N/A
A40: 83 | B40: =VLOOKUP($A40,'1'!$A:$D,4,0) -> #N/A | C40: =VLOOKUP($A40,'2'!$A:$D,4,0) -> #N/A | D40: =VLOOKUP($A40,'3'!$A:$D,4,0) -> #N/A | E40: =VLOOKUP($A40,'4'!$A:$D,4,0) -> #N/A | F40: =VLOOKUP($A40,'5'!$A:$D,4,0) -> #N/A | G40: =VLOOKUP($A40,'6'!$A:$D,4,0) -> #N/A | H40: =VLOOKUP($A40,'1'!$A:$J,10,0) -> #N/A | I40: =VLOOKUP($A40,'2'!$A:$J,10,0) -> #N/A | J40: =VLOOKUP($A40,'3'!$A:$J,10,0) -> #N/A | K40: =VLOOKUP($A40,'4'!$A:$J,10,0) -> #N/A | L40: =VLOOKUP($A40,'5'!$A:$J,10,0) -> #N/A | M40: =VLOOKUP($A40,'6'!$A:$J,10,0) -> #N/A | N40: =IF(MATCH(MIN($B40:$M40),$B40:$M40,0)>6,"QE","RC") -> #N/A | O40: =MATCH(MIN($B40:$M40),$B40:$M40,0) -> #N/A | P40: =IF(LEFT(B40,5)="ERROR","1: "&VLOOKUP(B40,$S$31:$T$34,2,0)&". ","")&IF(LEFT(C40,5)="ERROR","2: "&VLOOKUP(C40,$S$31:$T$34,2,0)&". ","")&IF(LEFT(D40,5)="ERROR","3: "&VLOOKUP(D40,$S$31:$T$34,2,0)&". ","")&IF(LEFT(E40,5)="ERROR","4: "&VLOOKUP(E40,$S$31:$T$34,2,0)&". ","")&IF(LEFT(F40,5)="ERROR","5: "&VLOOKUP(F40,$S$31:$T$34,2,0)&". ","")&IF(LEFT(G40,5)="ERROR","6: "&G40,"") -> #N/A | Q40: =IF(LEFT(H40,5)="ERROR","1: "&VLOOKUP(H40,$S$31:$T$34,2,0)&". ","")&IF(LEFT(I40,5)="ERROR","2: "&VLOOKUP(I40,$S$31:$T$34,2,0)&". ","")&IF(LEFT(J40,5)="ERROR","3: "&VLOOKUP(J40,$S$31:$T$34,2,0)&". ","")&IF(LEFT(K40,5)="ERROR","4: "&VLOOKUP(K40,$S$31:$T$34,2,0)&". ","")&IF(LEFT(L40,5)="ERROR","5: "&VLOOKUP(L40,$S$31:$T$34,2,0)&". ","")&IF(LEFT(M40,5)="ERROR","6: "&M40,"") -> #N/A
A41: 84 | B41: =VLOOKUP($A41,'1'!$A:$D,4,0) -> #N/A | C41: =VLOOKUP($A41,'2'!$A:$D,4,0) -> #N/A | D41: =VLOOKUP($A41,'3'!$A:$D,4,0) -> #N/A | E41: =VLOOKUP($A41,'4'!$A:$D,4,0) -> #N/A | F41: =VLOOKUP($A41,'5'!$A:$D,4,0) -> #N/A | G41: =VLOOKUP($A41,'6'!$A:$D,4,0) -> #N/A | H41: =VLOOKUP($A41,'1'!$A:$J,10,0) -> #N/A | I41: =VLOOKUP($A41,'2'!$A:$J,10,0) -> #N/A | J41: =VLOOKUP($A41,'3'!$A:$J,10,0) -> #N/A | K41: =VLOOKUP($A41,'4'!$A:$J,10,0) -> #N/A | L41: =VLOOKUP($A41,'5'!$A:$J,10,0) -> #N/A | M41: =VLOOKUP($A41,'6'!$A:$J,10,0) -> #N/A | N41: =IF(MATCH(MIN($B41:$M41),$B41:$M41,0)>6,"QE","RC") -> #N/A | O41: =MATCH(MIN($B41:$M41),$B41:$M41,0) -> #N/A | P41: =IF(LEFT(B41,5)="ERROR","1: "&VLOOKUP(B41,$S$31:$T$34,2,0)&". ","")&IF(LEFT(C41,5)="ERROR","2: "&VLOOKUP(C41,$S$31:$T$34,2,0)&". ","")&IF(LEFT(D41,5)="ERROR","3: "&VLOOKUP(D41,$S$31:$T$34,2,0)&". ","")&IF(LEFT(E41,5)="ERROR","4: "&VLOOKUP(E41,$S$31:$T$34,2,0)&". ","")&IF(LEFT(F41,5)="ERROR","5: "&VLOOKUP(F41,$S$31:$T$34,2,0)&". ","")&IF(LEFT(G41,5)="ERROR","6: "&G41,"") -> #N/A | Q41: =IF(LEFT(H41,5)="ERROR","1: "&VLOOKUP(H41,$S$31:$T$34,2,0)&". ","")&IF(LEFT(I41,5)="ERROR","2: "&VLOOKUP(I41,$S$31:$T$34,2,0)&". ","")&IF(LEFT(J41,5)="ERROR","3: "&VLOOKUP(J41,$S$31:$T$34,2,0)&". ","")&IF(LEFT(K41,5)="ERROR","4: "&VLOOKUP(K41,$S$31:$T$34,2,0)&". ","")&IF(LEFT(L41,5)="ERROR","5: "&VLOOKUP(L41,$S$31:$T$34,2,0)&". ","")&IF(LEFT(M41,5)="ERROR","6: "&M41,"") -> #N/A
A42: 86 | B42: =VLOOKUP($A42,'1'!$A:$D,4,0) -> #N/A | C42: =VLOOKUP($A42,'2'!$A:$D,4,0) -> #N/A | D42: =VLOOKUP($A42,'3'!$A:$D,4,0) -> #N/A | E42: =VLOOKUP($A42,'4'!$A:$D,4,0) -> #N/A | F42: =VLOOKUP($A42,'5'!$A:$D,4,0) -> #N/A | G42: =VLOOKUP($A42,'6'!$A:$D,4,0) -> #N/A | H42: =VLOOKUP($A42,'1'!$A:$J,10,0) -> #N/A | I42: =VLOOKUP($A42,'2'!$A:$J,10,0) -> #N/A | J42: =VLOOKUP($A42,'3'!$A:$J,10,0) -> #N/A | K42: =VLOOKUP($A42,'4'!$A:$J,10,0) -> #N/A | L42: =VLOOKUP($A42,'5'!$A:$J,10,0) -> #N/A | M42: =VLOOKUP($A42,'6'!$A:$J,10,0) -> #N/A | N42: =IF(MATCH(MIN($B42:$M42),$B42:$M42,0)>6,"QE","RC") -> #N/A | O42: =MATCH(MIN($B42:$M42),$B42:$M42,0) -> #N/A | P42: =IF(LEFT(B42,5)="ERROR","1: "&VLOOKUP(B42,$S$31:$T$34,2,0)&". ","")&IF(LEFT(C42,5)="ERROR","2: "&VLOOKUP(C42,$S$31:$T$34,2,0)&". ","")&IF(LEFT(D42,5)="ERROR","3: "&VLOOKUP(D42,$S$31:$T$34,2,0)&". ","")&IF(LEFT(E42,5)="ERROR","4: "&VLOOKUP(E42,$S$31:$T$34,2,0)&". ","")&IF(LEFT(F42,5)="ERROR","5: "&VLOOKUP(F42,$S$31:$T$34,2,0)&". ","")&IF(LEFT(G42,5)="ERROR","6: "&G42,"") -> #N/A | Q42: =IF(LEFT(H42,5)="ERROR","1: "&VLOOKUP(H42,$S$31:$T$34,2,0)&". ","")&IF(LEFT(I42,5)="ERROR","2: "&VLOOKUP(I42,$S$31:$T$34,2,0)&". ","")&IF(LEFT(J42,5)="ERROR","3: "&VLOOKUP(J42,$S$31:$T$34,2,0)&". ","")&IF(LEFT(K42,5)="ERROR","4: "&VLOOKUP(K42,$S$31:$T$34,2,0)&". ","")&IF(LEFT(L42,5)="ERROR","5: "&VLOOKUP(L42,$S$31:$T$34,2,0)&". ","")&IF(LEFT(M42,5)="ERROR","6: "&M42,"") -> #N/A
A43: 88 | B43: =VLOOKUP($A43,'1'!$A:$D,4,0) -> #N/A | C43: =VLOOKUP($A43,'2'!$A:$D,4,0) -> #N/A | D43: =VLOOKUP($A43,'3'!$A:$D,4,0) -> #N/A | E43: =VLOOKUP($A43,'4'!$A:$D,4,0) -> #N/A | F43: =VLOOKUP($A43,'5'!$A:$D,4,0) -> #N/A | G43: =VLOOKUP($A43,'6'!$A:$D,4,0) -> #N/A | H43: =VLOOKUP($A43,'1'!$A:$J,10,0) -> #N/A | I43: =VLOOKUP($A43,'2'!$A:$J,10,0) -> #N/A | J43: =VLOOKUP($A43,'3'!$A:$J,10,0) -> #N/A | K43: =VLOOKUP($A43,'4'!$A:$J,10,0) -> #N/A | L43: =VLOOKUP($A43,'5'!$A:$J,10,0) -> #N/A | M43: =VLOOKUP($A43,'6'!$A:$J,10,0) -> #N/A | N43: =IF(MATCH(MIN($B43:$M43),$B43:$M43,0)>6,"QE","RC") -> #N/A | O43: =MATCH(MIN($B43:$M43),$B43:$M43,0) -> #N/A | P43: =IF(LEFT(B43,5)="ERROR","1: "&VLOOKUP(B43,$S$31:$T$34,2,0)&". ","")&IF(LEFT(C43,5)="ERROR","2: "&VLOOKUP(C43,$S$31:$T$34,2,0)&". ","")&IF(LEFT(D43,5)="ERROR","3: "&VLOOKUP(D43,$S$31:$T$34,2,0)&". ","")&IF(LEFT(E43,5)="ERROR","4: "&VLOOKUP(E43,$S$31:$T$34,2,0)&". ","")&IF(LEFT(F43,5)="ERROR","5: "&VLOOKUP(F43,$S$31:$T$34,2,0)&". ","")&IF(LEFT(G43,5)="ERROR","6: "&G43,"") -> #N/A | Q43: =IF(LEFT(H43,5)="ERROR","1: "&VLOOKUP(H43,$S$31:$T$34,2,0)&". ","")&IF(LEFT(I43,5)="ERROR","2: "&VLOOKUP(I43,$S$31:$T$34,2,0)&". ","")&IF(LEFT(J43,5)="ERROR","3: "&VLOOKUP(J43,$S$31:$T$34,2,0)&". ","")&IF(LEFT(K43,5)="ERROR","4: "&VLOOKUP(K43,$S$31:$T$34,2,0)&". ","")&IF(LEFT(L43,5)="ERROR","5: "&VLOOKUP(L43,$S$31:$T$34,2,0)&". ","")&IF(LEFT(M43,5)="ERROR","6: "&M43,"") -> #N/A
A44: 90 | B44: =VLOOKUP($A44,'1'!$A:$D,4,0) -> #N/A | C44: =VLOOKUP($A44,'2'!$A:$D,4,0) -> #N/A | D44: =VLOOKUP($A44,'3'!$A:$D,4,0) -> #N/A | E44: =VLOOKUP($A44,'4'!$A:$D,4,0) -> #N/A | F44: =VLOOKUP($A44,'5'!$A:$D,4,0) -> #N/A | G44: =VLOOKUP($A44,'6'!$A:$D,4,0) -> #N/A | H44: =VLOOKUP($A44,'1'!$A:$J,10,0) -> #N/A | I44: =VLOOKUP($A44,'2'!$A:$J,10,0) -> #N/A | J44: =VLOOKUP($A44,'3'!$A:$J,10,0) -> #N/A | K44: =VLOOKUP($A44,'4'!$A:$J,10,0) -> #N/A | L44: =VLOOKUP($A44,'5'!$A:$J,10,0) -> #N/A | M44: =VLOOKUP($A44,'6'!$A:$J,10,0) -> #N/A | N44: =IF(MATCH(MIN($B44:$M44),$B44:$M44,0)>6,"QE","RC") -> #N/A | O44: =MATCH(MIN($B44:$M44),$B44:$M44,0) -> #N/A | P44: =IF(LEFT(B44,5)="ERROR","1: "&VLOOKUP(B44,$S$31:$T$34,2,0)&". ","")&IF(LEFT(C44,5)="ERROR","2: "&VLOOKUP(C44,$S$31:$T$34,2,0)&". ","")&IF(LEFT(D44,5)="ERROR","3: "&VLOOKUP(D44,$S$31:$T$34,2,0)&". ","")&IF(LEFT(E44,5)="ERROR","4: "&VLOOKUP(E44,$S$31:$T$34,2,0)&". ","")&IF(LEFT(F44,5)="ERROR","5: "&VLOOKUP(F44,$S$31:$T$34,2,0)&". ","")&IF(LEFT(G44,5)="ERROR","6: "&G44,"") -> #N/A | Q44: =IF(LEFT(H44,5)="ERROR","1: "&VLOOKUP(H44,$S$31:$T$34,2,0)&". ","")&IF(LEFT(I44,5)="ERROR","2: "&VLOOKUP(I44,$S$31:$T$34,2,0)&". ","")&IF(LEFT(J44,5)="ERROR","3: "&VLOOKUP(J44,$S$31:$T$34,2,0)&". ","")&IF(LEFT(K44,5)="ERROR","4: "&VLOOKUP(K44,$S$31:$T$34,2,0)&". ","")&IF(LEFT(L44,5)="ERROR","5: "&VLOOKUP(L44,$S$31:$T$34,2,0)&". ","")&IF(LEFT(M44,5)="ERROR","6: "&M44,"") -> #N/A
A45: 92 | B45: =VLOOKUP($A45,'1'!$A:$D,4,0) -> #N/A | C45: =VLOOKUP($A45,'2'!$A:$D,4,0) -> #N/A | D45: =VLOOKUP($A45,'3'!$A:$D,4,0) -> #N/A | E45: =VLOOKUP($A45,'4'!$A:$D,4,0) -> #N/A | F45: =VLOOKUP($A45,'5'!$A:$D,4,0) -> #N/A | G45: =VLOOKUP($A45,'6'!$A:$D,4,0) -> #N/A | H45: =VLOOKUP($A45,'1'!$A:$J,10,0) -> #N/A | I45: =VLOOKUP($A45,'2'!$A:$J,10,0) -> #N/A | J45: =VLOOKUP($A45,'3'!$A:$J,10,0) -> #N/A | K45: =VLOOKUP($A45,'4'!$A:$J,10,0) -> #N/A | L45: =VLOOKUP($A45,'5'!$A:$J,10,0) -> #N/A | M45: =VLOOKUP($A45,'6'!$A:$J,10,0) -> #N/A | N45: =IF(MATCH(MIN($B45:$M45),$B45:$M45,0)>6,"QE","RC") -> #N/A | O45: =MATCH(MIN($B45:$M45),$B45:$M45,0) -> #N/A | P45: =IF(LEFT(B45,5)="ERROR","1: "&VLOOKUP(B45,$S$31:$T$34,2,0)&". ","")&IF(LEFT(C45,5)="ERROR","2: "&VLOOKUP(C45,$S$31:$T$34,2,0)&". ","")&IF(LEFT(D45,5)="ERROR","3: "&VLOOKUP(D45,$S$31:$T$34,2,0)&". ","")&IF(LEFT(E45,5)="ERROR","4: "&VLOOKUP(E45,$S$31:$T$34,2,0)&". ","")&IF(LEFT(F45,5)="ERROR","5: "&VLOOKUP(F45,$S$31:$T$34,2,0)&". ","")&IF(LEFT(G45,5)="ERROR","6: "&G45,"") -> #N/A | Q45: =IF(LEFT(H45,5)="ERROR","1: "&VLOOKUP(H45,$S$31:$T$34,2,0)&". ","")&IF(LEFT(I45,5)="ERROR","2: "&VLOOKUP(I45,$S$31:$T$34,2,0)&". ","")&IF(LEFT(J45,5)="ERROR","3: "&VLOOKUP(J45,$S$31:$T$34,2,0)&". ","")&IF(LEFT(K45,5)="ERROR","4: "&VLOOKUP(K45,$S$31:$T$34,2,0)&". ","")&IF(LEFT(L45,5)="ERROR","5: "&VLOOKUP(L45,$S$31:$T$34,2,0)&". ","")&IF(LEFT(M45,5)="ERROR","6: "&M45,"") -> #N/A
A46: 93 | B46: =VLOOKUP($A46,'1'!$A:$D,4,0) -> #N/A | C46: =VLOOKUP($A46,'2'!$A:$D,4,0) -> #N/A | D46: =VLOOKUP($A46,'3'!$A:$D,4,0) -> #N/A | E46: =VLOOKUP($A46,'4'!$A:$D,4,0) -> #N/A | F46: =VLOOKUP($A46,'5'!$A:$D,4,0) -> #N/A | G46: =VLOOKUP($A46,'6'!$A:$D,4,0) -> #N/A | H46: =VLOOKUP($A46,'1'!$A:$J,10,0) -> #N/A | I46: =VLOOKUP($A46,'2'!$A:$J,10,0) -> #N/A | J46: =VLOOKUP($A46,'3'!$A:$J,10,0) -> #N/A | K46: =VLOOKUP($A46,'4'!$A:$J,10,0) -> #N/A | L46: =VLOOKUP($A46,'5'!$A:$J,10,0) -> #N/A | M46: =VLOOKUP($A46,'6'!$A:$J,10,0) -> #N/A | N46: =IF(MATCH(MIN($B46:$M46),$B46:$M46,0)>6,"QE","RC") -> #N/A | O46: =MATCH(MIN($B46:$M46),$B46:$M46,0) -> #N/A | P46: =IF(LEFT(B46,5)="ERROR","1: "&VLOOKUP(B46,$S$31:$T$34,2,0)&". ","")&IF(LEFT(C46,5)="ERROR","2: "&VLOOKUP(C46,$S$31:$T$34,2,0)&". ","")&IF(LEFT(D46,5)="ERROR","3: "&VLOOKUP(D46,$S$31:$T$34,2,0)&". ","")&IF(LEFT(E46,5)="ERROR","4: "&VLOOKUP(E46,$S$31:$T$34,2,0)&". ","")&IF(LEFT(F46,5)="ERROR","5: "&VLOOKUP(F46,$S$31:$T$34,2,0)&". ","")&IF(LEFT(G46,5)="ERROR","6: "&G46,"") -> #N/A | Q46: =IF(LEFT(H46,5)="ERROR","1: "&VLOOKUP(H46,$S$31:$T$34,2,0)&". ","")&IF(LEFT(I46,5)="ERROR","2: "&VLOOKUP(I46,$S$31:$T$34,2,0)&". ","")&IF(LEFT(J46,5)="ERROR","3: "&VLOOKUP(J46,$S$31:$T$34,2,0)&". ","")&IF(LEFT(K46,5)="ERROR","4: "&VLOOKUP(K46,$S$31:$T$34,2,0)&". ","")&IF(LEFT(L46,5)="ERROR","5: "&VLOOKUP(L46,$S$31:$T$34,2,0)&". ","")&IF(LEFT(M46,5)="ERROR","6: "&M46,"") -> #N/A
... A69: 132 | B69: =VLOOKUP($A69,'1'!$A:$D,4,0) -> #N/A | C69: =VLOOKUP($A69,'2'!$A:$D,4,0) -> #N/A | D69: =VLOOKUP($A69,'3'!$A:$D,4,0) -> #N/A | E69: =VLOOKUP($A69,'4'!$A:$D,4,0) -> #N/A | F69: =VLOOKUP($A69,'5'!$A:$D,4,0) -> #N/A | G69: =VLOOKUP($A69,'6'!$A:$D,4,0) -> #N/A | H69: =VLOOKUP($A69,'1'!$A:$J,10,0) -> #N/A | I69: =VLOOKUP($A69,'2'!$A:$J,10,0) -> #N/A | J69: =VLOOKUP($A69,'3'!$A:$J,10,0) -> #N/A | K69: =VLOOKUP($A69,'4'!$A:$J,10,0) -> #N/A | L69: =VLOOKUP($A69,'5'!$A:$J,10,0) -> #N/A | M69: =VLOOKUP($A69,'6'!$A:$J,10,0) -> #N/A | N69: =IF(MATCH(MIN($B69:$M69),$B69:$M69,0)>6,"QE","RC") -> #N/A | O69: =MATCH(MIN($B69:$M69),$B69:$M69,0) -> #N/A | P69: =IF(LEFT(B69,5)="ERROR","1: "&VLOOKUP(B69,$S$31:$T$34,2,0)&". ","")&IF(LEFT(C69,5)="ERROR","2: "&VLOOKUP(C69,$S$31:$T$34,2,0)&". ","")&IF(LEFT(D69,5)="ERROR","3: "&VLOOKUP(D69,$S$31:$T$34,2,0)&". ","")&IF(LEFT(E69,5)="ERROR","4: "&VLOOKUP(E69,$S$31:$T$34,2,0)&". ","")&IF(LEFT(F69,5)="ERROR","5: "&VLOOKUP(F69,$S$31:$T$34,2,0)&". ","")&IF(LEFT(G69,5)="ERROR","6: "&G69,"") -> #N/A | Q69: =IF(LEFT(H69,5)="ERROR","1: "&VLOOKUP(H69,$S$31:$T$34,2,0)&". ","")&IF(LEFT(I69,5)="ERROR","2: "&VLOOKUP(I69,$S$31:$T$34,2,0)&". ","")&IF(LEFT(J69,5)="ERROR","3: "&VLOOKUP(J69,$S$31:$T$34,2,0)&". ","")&IF(LEFT(K69,5)="ERROR","4: "&VLOOKUP(K69,$S$31:$T$34,2,0)&". ","")&IF(LEFT(L69,5)="ERROR","5: "&VLOOKUP(L69,$S$31:$T$34,2,0)&". ","")&IF(LEFT(M69,5)="ERROR","6: "&M69,"") -> #N/A

Sheet Sorting
A3: No. | B3: Sum of RC1 | C3: No. | D3: Sum of RC2 | E3: No. | F3: Sum of RC3 | G3: No. | H3: Sum of RC4 | I3: No. | J3: Sum of RC5 | K3: No. | L3: Sum of RC6 | N3: No. | O3: Sum of QE1 | P3: No. | Q3: Sum of QE2 | R3: No. | S3: Sum of QE3 | T3: No. | U3: Sum of QE4 | V3: No. | W3: Sum of QE5 | X3: No. | Y3: Sum of QE6
A4: 79 | B4: #N/A | C4: 79 | D4: #N/A | E4: 79 | F4: #N/A | G4: 79 | H4: #N/A | I4: 79 | J4: #N/A | K4: 79 | L4: #N/A | N4: 79 | O4: #N/A | P4: 79 | Q4: #N/A | R4: 79 | S4: #N/A | T4: 79 | U4: #N/A | V4: 79 | W4: #N/A | X4: 79 | Y4: #N/A
A5: 17 | B5: #N/A | C5: 17 | D5: #N/A | E5: 17 | F5: #N/A | G5: 17 | H5: #N/A | I5: 17 | J5: #N/A | K5: 17 | L5: #N/A | N5: 17 | O5: #N/A | P5: 17 | Q5: #N/A | R5: 17 | S5: #N/A | T5: 17 | U5: #N/A | V5: 17 | W5: #N/A | X5: 17 | Y5: #N/A
A6: 80 | B6: #N/A | C6: 80 | D6: #N/A | E6: 80 | F6: #N/A | G6: 80 | H6: #N/A | I6: 80 | J6: #N/A | K6: 80 | L6: #N/A | N6: 80 | O6: #N/A | P6: 80 | Q6: #N/A | R6: 80 | S6: #N/A | T6: 80 | U6: #N/A | V6: 80 | W6: #N/A | X6: 80 | Y6: #N/A
A7: 20 | B7: #N/A | C7: 20 | D7: #N/A | E7: 20 | F7: #N/A | G7: 20 | H7: #N/A | I7: 20 | J7: #N/A | K7: 20 | L7: #N/A | N7: 20 | O7: #N/A | P7: 20 | Q7: #N/A | R7: 20 | S7: #N/A | T7: 20 | U7: #N/A | V7: 20 | W7: #N/A | X7: 20 | Y7: #N/A
A8: 81 | B8: #N/A | C8: 81 | D8: #N/A | E8: 81 | F8: #N/A | G8: 81 | H8: #N/A | I8: 81 | J8: #N/A | K8: 81 | L8: #N/A | N8: 81 | O8: #N/A | P8: 81 | Q8: #N/A | R8: 81 | S8: #N/A | T8: 81 | U8: #N/A | V8: 81 | W8: #N/A | X8: 81 | Y8: #N/A
A9: 23 | B9: #N/A | C9: 23 | D9: #N/A | E9: 23 | F9: #N/A | G9: 23 | H9: #N/A | I9: 23 | J9: #N/A | K9: 23 | L9: #N/A | N9: 23 | O9: #N/A | P9: 23 | Q9: #N/A | R9: 23 | S9: #N/A | T9: 23 | U9: #N/A | V9: 23 | W9: #N/A | X9: 23 | Y9: #N/A
A10: 82 | B10: #N/A | C10: 82 | D10: #N/A | E10: 82 | F10: #N/A | G10: 82 | H10: #N/A | I10: 82 | J10: #N/A | K10: 82 | L10: #N/A | N10: 82 | O10: #N/A | P10: 82 | Q10: #N/A | R10: 82 | S10: #N/A | T10: 82 | U10: #N/A | V10: 82 | W10: #N/A | X10: 82 | Y10: #N/A
A11: 26 | B11: #N/A | C11: 26 | D11: #N/A | E11: 26 | F11: #N/A | G11: 26 | H11: #N/A | I11: 26 | J11: #N/A | K11: 26 | L11: #N/A | N11: 26 | O11: #N/A | P11: 26 | Q11: #N/A | R11: 26 | S11: #N/A | T11: 26 | U11: #N/A | V11: 26 | W11: #N/A | X11: 26 | Y11: #N/A
A12: 83 | B12: #N/A | C12: 83 | D12: #N/A | E12: 83 | F12: #N/A | G12: 83 | H12: #N/A | I12: 83 | J12: #N/A | K12: 83 | L12: #N/A | N12: 83 | O12: #N/A | P12: 83 | Q12: #N/A | R12: 83 | S12: #N/A | T12: 83 | U12: #N/A | V12: 83 | W12: #N/A | X12: 83 | Y12: #N/A
A13: 28 | B13: #N/A | C13: 28 | D13: #N/A | E13: 28 | F13: #N/A | G13: 28 | H13: #N/A | I13: 28 | J13: #N/A | K13: 28 | L13: #N/A | N13: 28 | O13: #N/A | P13: 28 | Q13: #N/A | R13: 28 | S13: #N/A | T13: 28 | U13: #N/A | V13: 28 | W13: #N/A | X13: 28 | Y13: #N/A
A14: 84 | B14: #N/A | C14: 84 | D14: #N/A | E14: 84 | F14: #N/A | G14: 84 | H14: #N/A | I14: 84 | J14: #N/A | K14: 84 | L14: #N/A | N14: 84 | O14: #N/A | P14: 84 | Q14: #N/A | R14: 84 | S14: #N/A | T14: 84 | U14: #N/A | V14: 84 | W14: #N/A | X14: 84 | Y14: #N/A
A15: 30 | B15: #N/A | C15: 30 | D15: #N/A | E15: 30 | F15: #N/A | G15: 30 | H15: #N/A | I15: 30 | J15: #N/A | K15: 30 | L15: #N/A | N15: 30 | O15: #N/A | P15: 30 | Q15: #N/A | R15: 30 | S15: #N/A | T15: 30 | U15: #N/A | V15: 30 | W15: #N/A | X15: 30 | Y15: #N/A
... A70: 132 | B70: #N/A | C70: 132 | D70: #N/A | E70: 132 | F70: #N/A | G70: 132 | H70: #N/A | I70: 132 | J70: #N/A | K70: 132 | L70: #N/A | N70: 132 | O70: #N/A | P70: 132 | Q70: #N/A | R70: 132 | S70: #N/A | T70: 132 | U70: #N/A | V70: 132 | W70: #N/A | X70: 132 | Y70: #N/A
A71: Grand Total | B71: #N/A | C71: Grand Total | D71: #N/A | E71: Grand Total | F71: #N/A | G71: Grand Total | H71: #N/A | I71: Grand Total | J71: #N/A | K71: Grand Total | L71: #N/A | N71: Grand Total | O71: #N/A | P71: Grand Total | Q71: #N/A | R71: Grand Total | S71: #N/A | T71: Grand Total | U71: #N/A | V71: Grand Total | W71: #N/A | X71: Grand Total | Y71: #N/A

Sheet Sorting 2
B1: Make sure to sort these out - removes zeroes etc and sort each one individually | P1: Log Sums
B2: RC1 | C2: RC2 | D2: RC3 | E2: RC4 | F2: RC5 | G2: RC6 | H2: QE1 | I2: QE2 | J2: QE3 | K2: QE4 | L2: QE5 | M2: QE6 | N2: VB | P2: RC1 | Q2: RC2 | R2: RC3 | S2: RC4 | T2: RC5 | U2: RC6 | V2: QE1 | W2: QE2 | X2: QE3 | Y2: QE4 | Z2: QE5 | AA2: QE6 | AB2: VB
A3: 1 | B3: =IF(OR(Sorting!B4=0,Sorting!B4="Grand Total"),"",Sorting!B4) -> #N/A | C3: =IF(OR(Sorting!D4=0,Sorting!D4="Grand Total"),"",Sorting!D4) -> #N/A | D3: =IF(OR(Sorting!F4=0,Sorting!F4="Grand Total"),"",Sorting!F4) -> #N/A | E3: =IF(OR(Sorting!H4=0,Sorting!H4="Grand Total"),"",Sorting!H4) -> #N/A | F3: =IF(OR(Sorting!J4=0,Sorting!J4="Grand Total"),"",Sorting!J4) -> #N/A | G3: =IF(OR(Sorting!L4=0,Sorting!L4="Grand Total"),"",Sorting!L4) -> #N/A | H3: =IF(OR(Sorting!O4=0,Sorting!O4="Grand Total"),"",Sorting!O4) -> #N/A | I3: =IF(OR(Sorting!Q4=0,Sorting!Q4="Grand Total"),"",Sorting!Q4) -> #N/A | J3: =IF(OR(Sorting!S4=0,Sorting!S4="Grand Total"),"",Sorting!S4) -> #N/A | K3: =IF(OR(Sorting!U4=0,Sorting!U4="Grand Total"),"",Sorting!U4) -> #N/A | L3: =IF(OR(Sorting!W4=0,Sorting!W4="Grand Total"),"",Sorting!W4) -> #N/A | M3: =IF(OR(Sorting!Y4=0,Sorting!Y4="Grand Total"),"",Sorting!Y4) -> #N/A | N3: =MIN(B3,C3,D3,E3,F3,G3,H3,I3,J3,K3,L3,M3) -> #N/A | O3: 1 | P3: =LOG10(SUM(B$3:B3)) -> #N/A | Q3: =LOG10(SUM(C$3:C3)) -> #N/A | R3: =LOG10(SUM(D$3:D3)) -> #N/A | S3: =LOG10(SUM(E$3:E3)) -> #N/A | T3: =LOG10(SUM(F$3:F3)) -> #N/A | U3: =LOG10(SUM(G$3:G3)) -> #N/A | V3: =LOG10(SUM(H$3:H3)) -> #N/A | W3: =LOG10(SUM(I$3:I3)) -> #N/A | ... AB3: =LOG10(SUM(N$3:N3)) -> #N/A
A4: 2 | B4: =IF(OR(Sorting!B5=0,Sorting!B5="Grand Total"),"",Sorting!B5) -> #N/A | C4: =IF(OR(Sorting!D5=0,Sorting!D5="Grand Total"),"",Sorting!D5) -> #N/A | D4: =IF(OR(Sorting!F5=0,Sorting!F5="Grand Total"),"",Sorting!F5) -> #N/A | E4: =IF(OR(Sorting!H5=0,Sorting!H5="Grand Total"),"",Sorting!H5) -> #N/A | F4: =IF(OR(Sorting!J5=0,Sorting!J5="Grand Total"),"",Sorting!J5) -> #N/A | G4: =IF(OR(Sorting!L5=0,Sorting!L5="Grand Total"),"",Sorting!L5) -> #N/A | H4: =IF(OR(Sorting!O5=0,Sorting!O5="Grand Total"),"",Sorting!O5) -> #N/A | I4: =IF(OR(Sorting!Q5=0,Sorting!Q5="Grand Total"),"",Sorting!Q5) -> #N/A | J4: =IF(OR(Sorting!S5=0,Sorting!S5="Grand Total"),"",Sorting!S5) -> #N/A | K4: =IF(OR(Sorting!U5=0,Sorting!U5="Grand Total"),"",Sorting!U5) -> #N/A | L4: =IF(OR(Sorting!W5=0,Sorting!W5="Grand Total"),"",Sorting!W5) -> #N/A | M4: =IF(OR(Sorting!Y5=0,Sorting!Y5="Grand Total"),"",Sorting!Y5) -> #N/A | N4: =MIN(B4,C4,D4,E4,F4,G4,H4,I4,J4,K4,L4,M4) -> #N/A | O4: 2 | P4: =IF(OR(LOG10(SUM(B$3:B4))=P3,P3=""),"",LOG10(SUM(B$3:B4))) -> #N/A | Q4: =IF(OR(LOG10(SUM(C$3:C4))=Q3,Q3=""),"",LOG10(SUM(C$3:C4))) -> #N/A | R4: =IF(OR(LOG10(SUM(D$3:D4))=R3,R3=""),"",LOG10(SUM(D$3:D4))) -> #N/A | S4: =IF(OR(LOG10(SUM(E$3:E4))=S3,S3=""),"",LOG10(SUM(E$3:E4))) -> #N/A | T4: =IF(OR(LOG10(SUM(F$3:F4))=T3,T3=""),"",LOG10(SUM(F$3:F4))) -> #N/A | U4: =IF(OR(LOG10(SUM(G$3:G4))=U3,U3=""),"",LOG10(SUM(G$3:G4))) -> #N/A | V4: =IF(OR(LOG10(SUM(H$3:H4))=V3,V3=""),"",LOG10(SUM(H$3:H4))) -> #N/A | W4: =IF(OR(LOG10(SUM(I$3:I4))=W3,W3=""),"",LOG10(SUM(I$3:I4))) -> #N/A | ... AB4: =IF(OR(LOG10(SUM(N$3:N4))=AB3,AB3=""),"",LOG10(SUM(N$3:N4))) -> #N/A
A5: 3 | B5: =IF(OR(Sorting!B6=0,Sorting!B6="Grand Total"),"",Sorting!B6) -> #N/A | C5: =IF(OR(Sorting!D6=0,Sorting!D6="Grand Total"),"",Sorting!D6) -> #N/A | D5: =IF(OR(Sorting!F6=0,Sorting!F6="Grand Total"),"",Sorting!F6) -> #N/A | E5: =IF(OR(Sorting!H6=0,Sorting!H6="Grand Total"),"",Sorting!H6) -> #N/A | F5: =IF(OR(Sorting!J6=0,Sorting!J6="Grand Total"),"",Sorting!J6) -> #N/A | G5: =IF(OR(Sorting!L6=0,Sorting!L6="Grand Total"),"",Sorting!L6) -> #N/A | H5: =IF(OR(Sorting!O6=0,Sorting!O6="Grand Total"),"",Sorting!O6) -> #N/A | I5: =IF(OR(Sorting!Q6=0,Sorting!Q6="Grand Total"),"",Sorting!Q6) -> #N/A | J5: =IF(OR(Sorting!S6=0,Sorting!S6="Grand Total"),"",Sorting!S6) -> #N/A | K5: =IF(OR(Sorting!U6=0,Sorting!U6="Grand Total"),"",Sorting!U6) -> #N/A | L5: =IF(OR(Sorting!W6=0,Sorting!W6="Grand Total"),"",Sorting!W6) -> #N/A | M5: =IF(OR(Sorting!Y6=0,Sorting!Y6="Grand Total"),"",Sorting!Y6) -> #N/A | N5: =MIN(B5,C5,D5,E5,F5,G5,H5,I5,J5,K5,L5,M5) -> #N/A | O5: 3 | P5: =IF(OR(LOG10(SUM(B$3:B5))=P4,P4=""),"",LOG10(SUM(B$3:B5))) -> #N/A | Q5: =IF(OR(LOG10(SUM(C$3:C5))=Q4,Q4=""),"",LOG10(SUM(C$3:C5))) -> #N/A | R5: =IF(OR(LOG10(SUM(D$3:D5))=R4,R4=""),"",LOG10(SUM(D$3:D5))) -> #N/A | S5: =IF(OR(LOG10(SUM(E$3:E5))=S4,S4=""),"",LOG10(SUM(E$3:E5))) -> #N/A | T5: =IF(OR(LOG10(SUM(F$3:F5))=T4,T4=""),"",LOG10(SUM(F$3:F5))) -> #N/A | U5: =IF(OR(LOG10(SUM(G$3:G5))=U4,U4=""),"",LOG10(SUM(G$3:G5))) -> #N/A | V5: =IF(OR(LOG10(SUM(H$3:H5))=V4,V4=""),"",LOG10(SUM(H$3:H5))) -> #N/A | W5: =IF(OR(LOG10(SUM(I$3:I5))=W4,W4=""),"",LOG10(SUM(I$3:I5))) -> #N/A | ... AB5: =IF(OR(LOG10(SUM(N$3:N5))=AB4,AB4=""),"",LOG10(SUM(N$3:N5))) -> #N/A
A6: 4 | B6: =IF(OR(Sorting!B7=0,Sorting!B7="Grand Total"),"",Sorting!B7) -> #N/A | C6: =IF(OR(Sorting!D7=0,Sorting!D7="Grand Total"),"",Sorting!D7) -> #N/A | D6: =IF(OR(Sorting!F7=0,Sorting!F7="Grand Total"),"",Sorting!F7) -> #N/A | E6: =IF(OR(Sorting!H7=0,Sorting!H7="Grand Total"),"",Sorting!H7) -> #N/A | F6: =IF(OR(Sorting!J7=0,Sorting!J7="Grand Total"),"",Sorting!J7) -> #N/A | G6: =IF(OR(Sorting!L7=0,Sorting!L7="Grand Total"),"",Sorting!L7) -> #N/A | H6: =IF(OR(Sorting!O7=0,Sorting!O7="Grand Total"),"",Sorting!O7) -> #N/A | I6: =IF(OR(Sorting!Q7=0,Sorting!Q7="Grand Total"),"",Sorting!Q7) -> #N/A | J6: =IF(OR(Sorting!S7=0,Sorting!S7="Grand Total"),"",Sorting!S7) -> #N/A | K6: =IF(OR(Sorting!U7=0,Sorting!U7="Grand Total"),"",Sorting!U7) -> #N/A | L6: =IF(OR(Sorting!W7=0,Sorting!W7="Grand Total"),"",Sorting!W7) -> #N/A | M6: =IF(OR(Sorting!Y7=0,Sorting!Y7="Grand Total"),"",Sorting!Y7) -> #N/A | N6: =MIN(B6,C6,D6,E6,F6,G6,H6,I6,J6,K6,L6,M6) -> #N/A | O6: 4 | P6: =IF(OR(LOG10(SUM(B$3:B6))=P5,P5=""),"",LOG10(SUM(B$3:B6))) -> #N/A | Q6: =IF(OR(LOG10(SUM(C$3:C6))=Q5,Q5=""),"",LOG10(SUM(C$3:C6))) -> #N/A | R6: =IF(OR(LOG10(SUM(D$3:D6))=R5,R5=""),"",LOG10(SUM(D$3:D6))) -> #N/A | S6: =IF(OR(LOG10(SUM(E$3:E6))=S5,S5=""),"",LOG10(SUM(E$3:E6))) -> #N/A | T6: =IF(OR(LOG10(SUM(F$3:F6))=T5,T5=""),"",LOG10(SUM(F$3:F6))) -> #N/A | U6: =IF(OR(LOG10(SUM(G$3:G6))=U5,U5=""),"",LOG10(SUM(G$3:G6))) -> #N/A | V6: =IF(OR(LOG10(SUM(H$3:H6))=V5,V5=""),"",LOG10(SUM(H$3:H6))) -> #N/A | W6: =IF(OR(LOG10(SUM(I$3:I6))=W5,W5=""),"",LOG10(SUM(I$3:I6))) -> #N/A | ... AB6: =IF(OR(LOG10(SUM(N$3:N6))=AB5,AB5=""),"",LOG10(SUM(N$3:N6))) -> #N/A
A7: 5 | B7: =IF(OR(Sorting!B8=0,Sorting!B8="Grand Total"),"",Sorting!B8) -> #N/A | C7: =IF(OR(Sorting!D8=0,Sorting!D8="Grand Total"),"",Sorting!D8) -> #N/A | D7: =IF(OR(Sorting!F8=0,Sorting!F8="Grand Total"),"",Sorting!F8) -> #N/A | E7: =IF(OR(Sorting!H8=0,Sorting!H8="Grand Total"),"",Sorting!H8) -> #N/A | F7: =IF(OR(Sorting!J8=0,Sorting!J8="Grand Total"),"",Sorting!J8) -> #N/A | G7: =IF(OR(Sorting!L8=0,Sorting!L8="Grand Total"),"",Sorting!L8) -> #N/A | H7: =IF(OR(Sorting!O8=0,Sorting!O8="Grand Total"),"",Sorting!O8) -> #N/A | I7: =IF(OR(Sorting!Q8=0,Sorting!Q8="Grand Total"),"",Sorting!Q8) -> #N/A | J7: =IF(OR(Sorting!S8=0,Sorting!S8="Grand Total"),"",Sorting!S8) -> #N/A | K7: =IF(OR(Sorting!U8=0,Sorting!U8="Grand Total"),"",Sorting!U8) -> #N/A | L7: =IF(OR(Sorting!W8=0,Sorting!W8="Grand Total"),"",Sorting!W8) -> #N/A | M7: =IF(OR(Sorting!Y8=0,Sorting!Y8="Grand Total"),"",Sorting!Y8) -> #N/A | N7: =MIN(B7,C7,D7,E7,F7,G7,H7,I7,J7,K7,L7,M7) -> #N/A | O7: 5 | P7: =IF(OR(LOG10(SUM(B$3:B7))=P6,P6=""),"",LOG10(SUM(B$3:B7))) -> #N/A | Q7: =IF(OR(LOG10(SUM(C$3:C7))=Q6,Q6=""),"",LOG10(SUM(C$3:C7))) -> #N/A | R7: =IF(OR(LOG10(SUM(D$3:D7))=R6,R6=""),"",LOG10(SUM(D$3:D7))) -> #N/A | S7: =IF(OR(LOG10(SUM(E$3:E7))=S6,S6=""),"",LOG10(SUM(E$3:E7))) -> #N/A | T7: =IF(OR(LOG10(SUM(F$3:F7))=T6,T6=""),"",LOG10(SUM(F$3:F7))) -> #N/A | U7: =IF(OR(LOG10(SUM(G$3:G7))=U6,U6=""),"",LOG10(SUM(G$3:G7))) -> #N/A | V7: =IF(OR(LOG10(SUM(H$3:H7))=V6,V6=""),"",LOG10(SUM(H$3:H7))) -> #N/A | W7: =IF(OR(LOG10(SUM(I$3:I7))=W6,W6=""),"",LOG10(SUM(I$3:I7))) -> #N/A | ... AB7: =IF(OR(LOG10(SUM(N$3:N7))=AB6,AB6=""),"",LOG10(SUM(N$3:N7))) -> #N/A
A8: 6 | B8: =IF(OR(Sorting!B9=0,Sorting!B9="Grand Total"),"",Sorting!B9) -> #N/A | C8: =IF(OR(Sorting!D9=0,Sorting!D9="Grand Total"),"",Sorting!D9) -> #N/A | D8: =IF(OR(Sorting!F9=0,Sorting!F9="Grand Total"),"",Sorting!F9) -> #N/A | E8: =IF(OR(Sorting!H9=0,Sorting!H9="Grand Total"),"",Sorting!H9) -> #N/A | F8: =IF(OR(Sorting!J9=0,Sorting!J9="Grand Total"),"",Sorting!J9) -> #N/A | G8: =IF(OR(Sorting!L9=0,Sorting!L9="Grand Total"),"",Sorting!L9) -> #N/A | H8: =IF(OR(Sorting!O9=0,Sorting!O9="Grand Total"),"",Sorting!O9) -> #N/A | I8: =IF(OR(Sorting!Q9=0,Sorting!Q9="Grand Total"),"",Sorting!Q9) -> #N/A | J8: =IF(OR(Sorting!S9=0,Sorting!S9="Grand Total"),"",Sorting!S9) -> #N/A | K8: =IF(OR(Sorting!U9=0,Sorting!U9="Grand Total"),"",Sorting!U9) -> #N/A | L8: =IF(OR(Sorting!W9=0,Sorting!W9="Grand Total"),"",Sorting!W9) -> #N/A | M8: =IF(OR(Sorting!Y9=0,Sorting!Y9="Grand Total"),"",Sorting!Y9) -> #N/A | N8: =MIN(B8,C8,D8,E8,F8,G8,H8,I8,J8,K8,L8,M8) -> #N/A | O8: 6 | P8: =IF(OR(LOG10(SUM(B$3:B8))=P7,P7=""),"",LOG10(SUM(B$3:B8))) -> #N/A | Q8: =IF(OR(LOG10(SUM(C$3:C8))=Q7,Q7=""),"",LOG10(SUM(C$3:C8))) -> #N/A | R8: =IF(OR(LOG10(SUM(D$3:D8))=R7,R7=""),"",LOG10(SUM(D$3:D8))) -> #N/A | S8: =IF(OR(LOG10(SUM(E$3:E8))=S7,S7=""),"",LOG10(SUM(E$3:E8))) -> #N/A | T8: =IF(OR(LOG10(SUM(F$3:F8))=T7,T7=""),"",LOG10(SUM(F$3:F8))) -> #N/A | U8: =IF(OR(LOG10(SUM(G$3:G8))=U7,U7=""),"",LOG10(SUM(G$3:G8))) -> #N/A | V8: =IF(OR(LOG10(SUM(H$3:H8))=V7,V7=""),"",LOG10(SUM(H$3:H8))) -> #N/A | W8: =IF(OR(LOG10(SUM(I$3:I8))=W7,W7=""),"",LOG10(SUM(I$3:I8))) -> #N/A | ... AB8: =IF(OR(LOG10(SUM(N$3:N8))=AB7,AB7=""),"",LOG10(SUM(N$3:N8))) -> #N/A
A9: 7 | B9: =IF(OR(Sorting!B10=0,Sorting!B10="Grand Total"),"",Sorting!B10) -> #N/A | C9: =IF(OR(Sorting!D10=0,Sorting!D10="Grand Total"),"",Sorting!D10) -> #N/A | D9: =IF(OR(Sorting!F10=0,Sorting!F10="Grand Total"),"",Sorting!F10) -> #N/A | E9: =IF(OR(Sorting!H10=0,Sorting!H10="Grand Total"),"",Sorting!H10) -> #N/A | F9: =IF(OR(Sorting!J10=0,Sorting!J10="Grand Total"),"",Sorting!J10) -> #N/A | G9: =IF(OR(Sorting!L10=0,Sorting!L10="Grand Total"),"",Sorting!L10) -> #N/A | H9: =IF(OR(Sorting!O10=0,Sorting!O10="Grand Total"),"",Sorting!O10) -> #N/A | I9: =IF(OR(Sorting!Q10=0,Sorting!Q10="Grand Total"),"",Sorting!Q10) -> #N/A | J9: =IF(OR(Sorting!S10=0,Sorting!S10="Grand Total"),"",Sorting!S10) -> #N/A | K9: =IF(OR(Sorting!U10=0,Sorting!U10="Grand Total"),"",Sorting!U10) -> #N/A | L9: =IF(OR(Sorting!W10=0,Sorting!W10="Grand Total"),"",Sorting!W10) -> #N/A | M9: =IF(OR(Sorting!Y10=0,Sorting!Y10="Grand Total"),"",Sorting!Y10) -> #N/A | N9: =MIN(B9,C9,D9,E9,F9,G9,H9,I9,J9,K9,L9,M9) -> #N/A | O9: 7 | P9: =IF(OR(LOG10(SUM(B$3:B9))=P8,P8=""),"",LOG10(SUM(B$3:B9))) -> #N/A | Q9: =IF(OR(LOG10(SUM(C$3:C9))=Q8,Q8=""),"",LOG10(SUM(C$3:C9))) -> #N/A | R9: =IF(OR(LOG10(SUM(D$3:D9))=R8,R8=""),"",LOG10(SUM(D$3:D9))) -> #N/A | S9: =IF(OR(LOG10(SUM(E$3:E9))=S8,S8=""),"",LOG10(SUM(E$3:E9))) -> #N/A | T9: =IF(OR(LOG10(SUM(F$3:F9))=T8,T8=""),"",LOG10(SUM(F$3:F9))) -> #N/A | U9: =IF(OR(LOG10(SUM(G$3:G9))=U8,U8=""),"",LOG10(SUM(G$3:G9))) -> #N/A | V9: =IF(OR(LOG10(SUM(H$3:H9))=V8,V8=""),"",LOG10(SUM(H$3:H9))) -> #N/A | W9: =IF(OR(LOG10(SUM(I$3:I9))=W8,W8=""),"",LOG10(SUM(I$3:I9))) -> #N/A | ... AB9: =IF(OR(LOG10(SUM(N$3:N9))=AB8,AB8=""),"",LOG10(SUM(N$3:N9))) -> #N/A
A10: 8 | B10: =IF(OR(Sorting!B11=0,Sorting!B11="Grand Total"),"",Sorting!B11) -> #N/A | C10: =IF(OR(Sorting!D11=0,Sorting!D11="Grand Total"),"",Sorting!D11) -> #N/A | D10: =IF(OR(Sorting!F11=0,Sorting!F11="Grand Total"),"",Sorting!F11) -> #N/A | E10: =IF(OR(Sorting!H11=0,Sorting!H11="Grand Total"),"",Sorting!H11) -> #N/A | F10: =IF(OR(Sorting!J11=0,Sorting!J11="Grand Total"),"",Sorting!J11) -> #N/A | G10: =IF(OR(Sorting!L11=0,Sorting!L11="Grand Total"),"",Sorting!L11) -> #N/A | H10: =IF(OR(Sorting!O11=0,Sorting!O11="Grand Total"),"",Sorting!O11) -> #N/A | I10: =IF(OR(Sorting!Q11=0,Sorting!Q11="Grand Total"),"",Sorting!Q11) -> #N/A | J10: =IF(OR(Sorting!S11=0,Sorting!S11="Grand Total"),"",Sorting!S11) -> #N/A | K10: =IF(OR(Sorting!U11=0,Sorting!U11="Grand Total"),"",Sorting!U11) -> #N/A | L10: =IF(OR(Sorting!W11=0,Sorting!W11="Grand Total"),"",Sorting!W11) -> #N/A | M10: =IF(OR(Sorting!Y11=0,Sorting!Y11="Grand Total"),"",Sorting!Y11) -> #N/A | N10: =MIN(B10,C10,D10,E10,F10,G10,H10,I10,J10,K10,L10,M10) -> #N/A | O10: 8 | P10: =IF(OR(LOG10(SUM(B$3:B10))=P9,P9=""),"",LOG10(SUM(B$3:B10))) -> #N/A | Q10: =IF(OR(LOG10(SUM(C$3:C10))=Q9,Q9=""),"",LOG10(SUM(C$3:C10))) -> #N/A | R10: =IF(OR(LOG10(SUM(D$3:D10))=R9,R9=""),"",LOG10(SUM(D$3:D10))) -> #N/A | S10: =IF(OR(LOG10(SUM(E$3:E10))=S9,S9=""),"",LOG10(SUM(E$3:E10))) -> #N/A | T10: =IF(OR(LOG10(SUM(F$3:F10))=T9,T9=""),"",LOG10(SUM(F$3:F10))) -> #N/A | U10: =IF(OR(LOG10(SUM(G$3:G10))=U9,U9=""),"",LOG10(SUM(G$3:G10))) -> #N/A | V10: =IF(OR(LOG10(SUM(H$3:H10))=V9,V9=""),"",LOG10(SUM(H$3:H10))) -> #N/A | W10: =IF(OR(LOG10(SUM(I$3:I10))=W9,W9=""),"",LOG10(SUM(I$3:I10))) -> #N/A | ... AB10: =IF(OR(LOG10(SUM(N$3:N10))=AB9,AB9=""),"",LOG10(SUM(N$3:N10))) -> #N/A
A11: 9 | B11: =IF(OR(Sorting!B12=0,Sorting!B12="Grand Total"),"",Sorting!B12) -> #N/A | C11: =IF(OR(Sorting!D12=0,Sorting!D12="Grand Total"),"",Sorting!D12) -> #N/A | D11: =IF(OR(Sorting!F12=0,Sorting!F12="Grand Total"),"",Sorting!F12) -> #N/A | E11: =IF(OR(Sorting!H12=0,Sorting!H12="Grand Total"),"",Sorting!H12) -> #N/A | F11: =IF(OR(Sorting!J12=0,Sorting!J12="Grand Total"),"",Sorting!J12) -> #N/A | G11: =IF(OR(Sorting!L12=0,Sorting!L12="Grand Total"),"",Sorting!L12) -> #N/A | H11: =IF(OR(Sorting!O12=0,Sorting!O12="Grand Total"),"",Sorting!O12) -> #N/A | I11: =IF(OR(Sorting!Q12=0,Sorting!Q12="Grand Total"),"",Sorting!Q12) -> #N/A | J11: =IF(OR(Sorting!S12=0,Sorting!S12="Grand Total"),"",Sorting!S12) -> #N/A | K11: =IF(OR(Sorting!U12=0,Sorting!U12="Grand Total"),"",Sorting!U12) -> #N/A | L11: =IF(OR(Sorting!W12=0,Sorting!W12="Grand Total"),"",Sorting!W12) -> #N/A | M11: =IF(OR(Sorting!Y12=0,Sorting!Y12="Grand Total"),"",Sorting!Y12) -> #N/A | N11: =MIN(B11,C11,D11,E11,F11,G11,H11,I11,J11,K11,L11,M11) -> #N/A | O11: 9 | P11: =IF(OR(LOG10(SUM(B$3:B11))=P10,P10=""),"",LOG10(SUM(B$3:B11))) -> #N/A | Q11: =IF(OR(LOG10(SUM(C$3:C11))=Q10,Q10=""),"",LOG10(SUM(C$3:C11))) -> #N/A | R11: =IF(OR(LOG10(SUM(D$3:D11))=R10,R10=""),"",LOG10(SUM(D$3:D11))) -> #N/A | S11: =IF(OR(LOG10(SUM(E$3:E11))=S10,S10=""),"",LOG10(SUM(E$3:E11))) -> #N/A | T11: =IF(OR(LOG10(SUM(F$3:F11))=T10,T10=""),"",LOG10(SUM(F$3:F11))) -> #N/A | U11: =IF(OR(LOG10(SUM(G$3:G11))=U10,U10=""),"",LOG10(SUM(G$3:G11))) -> #N/A | V11: =IF(OR(LOG10(SUM(H$3:H11))=V10,V10=""),"",LOG10(SUM(H$3:H11))) -> #N/A | W11: =IF(OR(LOG10(SUM(I$3:I11))=W10,W10=""),"",LOG10(SUM(I$3:I11))) -> #N/A | ... AB11: =IF(OR(LOG10(SUM(N$3:N11))=AB10,AB10=""),"",LOG10(SUM(N$3:N11))) -> #N/A
A12: 10 | B12: =IF(OR(Sorting!B13=0,Sorting!B13="Grand Total"),"",Sorting!B13) -> #N/A | C12: =IF(OR(Sorting!D13=0,Sorting!D13="Grand Total"),"",Sorting!D13) -> #N/A | D12: =IF(OR(Sorting!F13=0,Sorting!F13="Grand Total"),"",Sorting!F13) -> #N/A | E12: =IF(OR(Sorting!H13=0,Sorting!H13="Grand Total"),"",Sorting!H13) -> #N/A | F12: =IF(OR(Sorting!J13=0,Sorting!J13="Grand Total"),"",Sorting!J13) -> #N/A | G12: =IF(OR(Sorting!L13=0,Sorting!L13="Grand Total"),"",Sorting!L13) -> #N/A | H12: =IF(OR(Sorting!O13=0,Sorting!O13="Grand Total"),"",Sorting!O13) -> #N/A | I12: =IF(OR(Sorting!Q13=0,Sorting!Q13="Grand Total"),"",Sorting!Q13) -> #N/A | J12: =IF(OR(Sorting!S13=0,Sorting!S13="Grand Total"),"",Sorting!S13) -> #N/A | K12: =IF(OR(Sorting!U13=0,Sorting!U13="Grand Total"),"",Sorting!U13) -> #N/A | L12: =IF(OR(Sorting!W13=0,Sorting!W13="Grand Total"),"",Sorting!W13) -> #N/A | M12: =IF(OR(Sorting!Y13=0,Sorting!Y13="Grand Total"),"",Sorting!Y13) -> #N/A | N12: =MIN(B12,C12,D12,E12,F12,G12,H12,I12,J12,K12,L12,M12) -> #N/A | O12: 10 | P12: =IF(OR(LOG10(SUM(B$3:B12))=P11,P11=""),"",LOG10(SUM(B$3:B12))) -> #N/A | Q12: =IF(OR(LOG10(SUM(C$3:C12))=Q11,Q11=""),"",LOG10(SUM(C$3:C12))) -> #N/A | R12: =IF(OR(LOG10(SUM(D$3:D12))=R11,R11=""),"",LOG10(SUM(D$3:D12))) -> #N/A | S12: =IF(OR(LOG10(SUM(E$3:E12))=S11,S11=""),"",LOG10(SUM(E$3:E12))) -> #N/A | T12: =IF(OR(LOG10(SUM(F$3:F12))=T11,T11=""),"",LOG10(SUM(F$3:F12))) -> #N/A | U12: =IF(OR(LOG10(SUM(G$3:G12))=U11,U11=""),"",LOG10(SUM(G$3:G12))) -> #N/A | V12: =IF(OR(LOG10(SUM(H$3:H12))=V11,V11=""),"",LOG10(SUM(H$3:H12))) -> #N/A | W12: =IF(OR(LOG10(SUM(I$3:I12))=W11,W11=""),"",LOG10(SUM(I$3:I12))) -> #N/A | ... AB12: =IF(OR(LOG10(SUM(N$3:N12))=AB11,AB11=""),"",LOG10(SUM(N$3:N12))) -> #N/A
A13: 11 | B13: =IF(OR(Sorting!B14=0,Sorting!B14="Grand Total"),"",Sorting!B14) -> #N/A | C13: =IF(OR(Sorting!D14=0,Sorting!D14="Grand Total"),"",Sorting!D14) -> #N/A | D13: =IF(OR(Sorting!F14=0,Sorting!F14="Grand Total"),"",Sorting!F14) -> #N/A | E13: =IF(OR(Sorting!H14=0,Sorting!H14="Grand Total"),"",Sorting!H14) -> #N/A | F13: =IF(OR(Sorting!J14=0,Sorting!J14="Grand Total"),"",Sorting!J14) -> #N/A | G13: =IF(OR(Sorting!L14=0,Sorting!L14="Grand Total"),"",Sorting!L14) -> #N/A | H13: =IF(OR(Sorting!O14=0,Sorting!O14="Grand Total"),"",Sorting!O14) -> #N/A | I13: =IF(OR(Sorting!Q14=0,Sorting!Q14="Grand Total"),"",Sorting!Q14) -> #N/A | J13: =IF(OR(Sorting!S14=0,Sorting!S14="Grand Total"),"",Sorting!S14) -> #N/A | K13: =IF(OR(Sorting!U14=0,Sorting!U14="Grand Total"),"",Sorting!U14) -> #N/A | L13: =IF(OR(Sorting!W14=0,Sorting!W14="Grand Total"),"",Sorting!W14) -> #N/A | M13: =IF(OR(Sorting!Y14=0,Sorting!Y14="Grand Total"),"",Sorting!Y14) -> #N/A | N13: =MIN(B13,C13,D13,E13,F13,G13,H13,I13,J13,K13,L13,M13) -> #N/A | O13: 11 | P13: =IF(OR(LOG10(SUM(B$3:B13))=P12,P12=""),"",LOG10(SUM(B$3:B13))) -> #N/A | Q13: =IF(OR(LOG10(SUM(C$3:C13))=Q12,Q12=""),"",LOG10(SUM(C$3:C13))) -> #N/A | R13: =IF(OR(LOG10(SUM(D$3:D13))=R12,R12=""),"",LOG10(SUM(D$3:D13))) -> #N/A | S13: =IF(OR(LOG10(SUM(E$3:E13))=S12,S12=""),"",LOG10(SUM(E$3:E13))) -> #N/A | T13: =IF(OR(LOG10(SUM(F$3:F13))=T12,T12=""),"",LOG10(SUM(F$3:F13))) -> #N/A | U13: =IF(OR(LOG10(SUM(G$3:G13))=U12,U12=""),"",LOG10(SUM(G$3:G13))) -> #N/A | V13: =IF(OR(LOG10(SUM(H$3:H13))=V12,V12=""),"",LOG10(SUM(H$3:H13))) -> #N/A | W13: =IF(OR(LOG10(SUM(I$3:I13))=W12,W12=""),"",LOG10(SUM(I$3:I13))) -> #N/A | ... AB13: =IF(OR(LOG10(SUM(N$3:N13))=AB12,AB12=""),"",LOG10(SUM(N$3:N13))) -> #N/A
A14: 12 | B14: =IF(OR(Sorting!B15=0,Sorting!B15="Grand Total"),"",Sorting!B15) -> #N/A | C14: =IF(OR(Sorting!D15=0,Sorting!D15="Grand Total"),"",Sorting!D15) -> #N/A | D14: =IF(OR(Sorting!F15=0,Sorting!F15="Grand Total"),"",Sorting!F15) -> #N/A | E14: =IF(OR(Sorting!H15=0,Sorting!H15="Grand Total"),"",Sorting!H15) -> #N/A | F14: =IF(OR(Sorting!J15=0,Sorting!J15="Grand Total"),"",Sorting!J15) -> #N/A | G14: =IF(OR(Sorting!L15=0,Sorting!L15="Grand Total"),"",Sorting!L15) -> #N/A | H14: =IF(OR(Sorting!O15=0,Sorting!O15="Grand Total"),"",Sorting!O15) -> #N/A | I14: =IF(OR(Sorting!Q15=0,Sorting!Q15="Grand Total"),"",Sorting!Q15) -> #N/A | J14: =IF(OR(Sorting!S15=0,Sorting!S15="Grand Total"),"",Sorting!S15) -> #N/A | K14: =IF(OR(Sorting!U15=0,Sorting!U15="Grand Total"),"",Sorting!U15) -> #N/A | L14: =IF(OR(Sorting!W15=0,Sorting!W15="Grand Total"),"",Sorting!W15) -> #N/A | M14: =IF(OR(Sorting!Y15=0,Sorting!Y15="Grand Total"),"",Sorting!Y15) -> #N/A | N14: =MIN(B14,C14,D14,E14,F14,G14,H14,I14,J14,K14,L14,M14) -> #N/A | O14: 12 | P14: =IF(OR(LOG10(SUM(B$3:B14))=P13,P13=""),"",LOG10(SUM(B$3:B14))) -> #N/A | Q14: =IF(OR(LOG10(SUM(C$3:C14))=Q13,Q13=""),"",LOG10(SUM(C$3:C14))) -> #N/A | R14: =IF(OR(LOG10(SUM(D$3:D14))=R13,R13=""),"",LOG10(SUM(D$3:D14))) -> #N/A | S14: =IF(OR(LOG10(SUM(E$3:E14))=S13,S13=""),"",LOG10(SUM(E$3:E14))) -> #N/A | T14: =IF(OR(LOG10(SUM(F$3:F14))=T13,T13=""),"",LOG10(SUM(F$3:F14))) -> #N/A | U14: =IF(OR(LOG10(SUM(G$3:G14))=U13,U13=""),"",LOG10(SUM(G$3:G14))) -> #N/A | V14: =IF(OR(LOG10(SUM(H$3:H14))=V13,V13=""),"",LOG10(SUM(H$3:H14))) -> #N/A | W14: =IF(OR(LOG10(SUM(I$3:I14))=W13,W13=""),"",LOG10(SUM(I$3:I14))) -> #N/A | ... AB14: =IF(OR(LOG10(SUM(N$3:N14))=AB13,AB13=""),"",LOG10(SUM(N$3:N14))) -> #N/A
A15: 13 | B15: =IF(OR(Sorting!B16=0,Sorting!B16="Grand Total"),"",Sorting!B16) -> #N/A | C15: =IF(OR(Sorting!D16=0,Sorting!D16="Grand Total"),"",Sorting!D16) -> #N/A | D15: =IF(OR(Sorting!F16=0,Sorting!F16="Grand Total"),"",Sorting!F16) -> #N/A | E15: =IF(OR(Sorting!H16=0,Sorting!H16="Grand Total"),"",Sorting!H16) -> #N/A | F15: =IF(OR(Sorting!J16=0,Sorting!J16="Grand Total"),"",Sorting!J16) -> #N/A | G15: =IF(OR(Sorting!L16=0,Sorting!L16="Grand Total"),"",Sorting!L16) -> #N/A | H15: =IF(OR(Sorting!O16=0,Sorting!O16="Grand Total"),"",Sorting!O16) -> #N/A | I15: =IF(OR(Sorting!Q16=0,Sorting!Q16="Grand Total"),"",Sorting!Q16) -> #N/A | J15: =IF(OR(Sorting!S16=0,Sorting!S16="Grand Total"),"",Sorting!S16) -> #N/A | K15: =IF(OR(Sorting!U16=0,Sorting!U16="Grand Total"),"",Sorting!U16) -> #N/A | L15: =IF(OR(Sorting!W16=0,Sorting!W16="Grand Total"),"",Sorting!W16) -> #N/A | M15: =IF(OR(Sorting!Y16=0,Sorting!Y16="Grand Total"),"",Sorting!Y16) -> #N/A | N15: =MIN(B15,C15,D15,E15,F15,G15,H15,I15,J15,K15,L15,M15) -> #N/A | O15: 13 | P15: =IF(OR(LOG10(SUM(B$3:B15))=P14,P14=""),"",LOG10(SUM(B$3:B15))) -> #N/A | Q15: =IF(OR(LOG10(SUM(C$3:C15))=Q14,Q14=""),"",LOG10(SUM(C$3:C15))) -> #N/A | R15: =IF(OR(LOG10(SUM(D$3:D15))=R14,R14=""),"",LOG10(SUM(D$3:D15))) -> #N/A | S15: =IF(OR(LOG10(SUM(E$3:E15))=S14,S14=""),"",LOG10(SUM(E$3:E15))) -> #N/A | T15: =IF(OR(LOG10(SUM(F$3:F15))=T14,T14=""),"",LOG10(SUM(F$3:F15))) -> #N/A | U15: =IF(OR(LOG10(SUM(G$3:G15))=U14,U14=""),"",LOG10(SUM(G$3:G15))) -> #N/A | V15: =IF(OR(LOG10(SUM(H$3:H15))=V14,V14=""),"",LOG10(SUM(H$3:H15))) -> #N/A | W15: =IF(OR(LOG10(SUM(I$3:I15))=W14,W14=""),"",LOG10(SUM(I$3:I15))) -> #N/A | ... AB15: =IF(OR(LOG10(SUM(N$3:N15))=AB14,AB14=""),"",LOG10(SUM(N$3:N15))) -> #N/A
... A69: 67 | B69: =IF(OR(Sorting!B70=0,Sorting!B70="Grand Total"),"",Sorting!B70) -> #N/A | C69: =IF(OR(Sorting!D70=0,Sorting!D70="Grand Total"),"",Sorting!D70) -> #N/A | D69: =IF(OR(Sorting!F70=0,Sorting!F70="Grand Total"),"",Sorting!F70) -> #N/A | E69: =IF(OR(Sorting!H70=0,Sorting!H70="Grand Total"),"",Sorting!H70) -> #N/A | F69: =IF(OR(Sorting!J70=0,Sorting!J70="Grand Total"),"",Sorting!J70) -> #N/A | G69: =IF(OR(Sorting!L70=0,Sorting!L70="Grand Total"),"",Sorting!L70) -> #N/A | H69: =IF(OR(Sorting!O70=0,Sorting!O70="Grand Total"),"",Sorting!O70) -> #N/A | I69: =IF(OR(Sorting!Q70=0,Sorting!Q70="Grand Total"),"",Sorting!Q70) -> #N/A | J69: =IF(OR(Sorting!S70=0,Sorting!S70="Grand Total"),"",Sorting!S70) -> #N/A | K69: =IF(OR(Sorting!U70=0,Sorting!U70="Grand Total"),"",Sorting!U70) -> #N/A | L69: =IF(OR(Sorting!W70=0,Sorting!W70="Grand Total"),"",Sorting!W70) -> #N/A | M69: =IF(OR(Sorting!Y70=0,Sorting!Y70="Grand Total"),"",Sorting!Y70) -> #N/A | N69: =MIN(B69,C69,D69,E69,F69,G69,H69,I69,J69,K69,L69,M69) -> #N/A | O69: 67 | P69: =IF(OR(LOG10(SUM(B$3:B69))=P68,P68=""),"",LOG10(SUM(B$3:B69))) -> #N/A | Q69: =IF(OR(LOG10(SUM(C$3:C69))=Q68,Q68=""),"",LOG10(SUM(C$3:C69))) -> #N/A | R69: =IF(OR(LOG10(SUM(D$3:D69))=R68,R68=""),"",LOG10(SUM(D$3:D69))) -> #N/A | S69: =IF(OR(LOG10(SUM(E$3:E69))=S68,S68=""),"",LOG10(SUM(E$3:E69))) -> #N/A | T69: =IF(OR(LOG10(SUM(F$3:F69))=T68,T68=""),"",LOG10(SUM(F$3:F69))) -> #N/A | U69: =IF(OR(LOG10(SUM(G$3:G69))=U68,U68=""),"",LOG10(SUM(G$3:G69))) -> #N/A | V69: =IF(OR(LOG10(SUM(H$3:H69))=V68,V68=""),"",LOG10(SUM(H$3:H69))) -> #N/A | W69: =IF(OR(LOG10(SUM(I$3:I69))=W68,W68=""),"",LOG10(SUM(I$3:I69))) -> #N/A | ... AB69: =IF(OR(LOG10(SUM(N$3:N69))=AB68,AB68=""),"",LOG10(SUM(N$3:N69))) -> #N/A

Sheet SurvPlot1

Sheet SurvPlot2

Sheet SurvPlot3
