Workbook

Sheet 1
A1: File | B1: rc_ordering | C1: rc_memory | D1: rc_cputime | E1: rc_realtime | F1: rc_cells | G1: qe_ordering | H1: qe_memory | I1: qe_cputime | J1: qe_realtime | K1: qe_cells | L1: Ordering match | M1: memory diff | N1: win | O1: % of other | P1: cputime diff | Q1: win | R1: % of other | S1: realtime diff | T1: win | U1: % of other | V1: cells diff | W1: win | X1: % of other | Z1: rc_memory_avg | AA1: rc_cputime_avg | AB1: rc_realtime_avg | AC1: rc_cells_avg | AD1: qe_memory_avg | AE1: qe_cputime_avg | AF1: qe_realtime_avg | AG1: qe_cells_avg | AH1: =M1&"_avg" -> memory diff_avg | AI1: =P1&"_avg" -> cputime diff_avg | AJ1: =S1&"_avg" -> realtime diff_avg | AK1: =V1&"_avg" -> cells diff_avg
A2: 17 | B2: [skoE, skoR, skoX] | C2: 25141480 | D2: 0.2297 | E2: 0.2284 | F2: 189 | G2: [skoE, skoR, skoX] | H2: 17426908 | I2: 0.2203 | J2: 0.2164 | K2: 189 | L2: =IF(OR(ISNUMBER(SEARCH("ERROR", B2)), ISNUMBER(SEARCH("ERROR", G2)), ISNUMBER(SEARCH("TIME OUT", B2)), ISNUMBER(SEARCH("TIME OUT", G2))), "--", B2=G2) -> TRUE | M2: =IF(OR(ISNUMBER(SEARCH("ERROR", C2)), ISNUMBER(SEARCH("ERROR", H2)), ISNUMBER(SEARCH("TIME OUT", C2)), ISNUMBER(SEARCH("TIME OUT", H2))),"--",C2-H2) -> 7714572 | N2: =IF(AND(OR(ISNUMBER(SEARCH("TIME OUT", C2)), ISNUMBER(SEARCH("ERROR", C2))), OR(ISNUMBER(SEARCH("TIME OUT", H2)), ISNUMBER(SEARCH("ERROR", H2)))), "--", IF(OR(ISNUMBER(SEARCH("TIME OUT", C2)), ISNUMBER(SEARCH("ERROR", C2))), "QE", IF(OR(ISNUMBER(SEARCH("TIME OUT", H2)), ISNUMBER(SEARCH("ERROR", H2))), "RC", IF(M2=0, "TIE", IF(M2>0, "QE", "RC"))))) -> QE | O2: =IF(M2="--","--",TEXT(MIN(C2,H2)/MAX(C2,H2),"0.000%")) -> 69.315% | P2: =IF(OR(ISNUMBER(SEARCH("ERROR", D2)), ISNUMBER(SEARCH("ERROR", I2)), ISNUMBER(SEARCH("TIME OUT", D2)), ISNUMBER(SEARCH("TIME OUT", I2))),"--",D2-I2) -> 0.0094 | Q2: =IF(AND(OR(ISNUMBER(SEARCH("TIME OUT", D2)), ISNUMBER(SEARCH("ERROR", D2))), OR(ISNUMBER(SEARCH("TIME OUT", I2)), ISNUMBER(SEARCH("ERROR", I2)))), "--", IF(OR(ISNUMBER(SEARCH("TIME OUT", D2)), ISNUMBER(SEARCH("ERROR", D2))), "QE", IF(OR(ISNUMBER(SEARCH("TIME OUT", I2)), ISNUMBER(SEARCH("ERROR", I2))), "RC", IF(P2=0, "TIE", IF(P2>0, "QE", "RC"))))) -> QE | R2: =IF(P2="--","--",TEXT(MIN(D2,I2)/MAX(D2,I2),"0.000%")) -> 95.908% | S2: =IF(OR(ISNUMBER(SEARCH("ERROR", E2)), ISNUMBER(SEARCH("ERROR", J2)), ISNUMBER(SEARCH("TIME OUT", E2)), ISNUMBER(SEARCH("TIME OUT", J2))),"--",E2-J2) -> 0.012 | T2: =IF(AND(OR(ISNUMBER(SEARCH("TIME OUT", E2)), ISNUMBER(SEARCH("ERROR", E2))), OR(ISNUMBER(SEARCH("TIME OUT", J2)), ISNUMBER(SEARCH("ERROR", J2)))), "--", IF(OR(ISNUMBER(SEARCH("TIME OUT", E2)), ISNUMBER(SEARCH("ERROR", E2))), "QE", IF(OR(ISNUMBER(SEARCH("TIME OUT", J2)), ISNUMBER(SEARCH("ERROR", J2))), "RC", IF(S2=0, "TIE", IF(S2>0, "QE", "RC"))))) -> QE | U2: =IF(S2="--","--",TEXT(MIN(E2,J2)/MAX(E2,J2),"0.000%")) -> 94.746% | V2: =IF(OR(ISNUMBER(SEARCH("ERROR", F2)), ISNUMBER(SEARCH("ERROR", K2)), ISNUMBER(SEARCH("TIME OUT", F2)), ISNUMBER(SEARCH("TIME OUT", K2))),"--",F2-K2) -> 0 | W2: =IF(AND(OR(ISNUMBER(SEARCH("TIME OUT", F2)), ISNUMBER(SEARCH("ERROR", F2))), OR(ISNUMBER(SEARCH("TIME OUT", K2)), ISNUMBER(SEARCH("ERROR", K2)))), "--", IF(OR(ISNUMBER(SEARCH("TIME OUT", F2)), ISNUMBER(SEARCH("ERROR", F2))), "QE", IF(OR(ISNUMBER(SEARCH("TIME OUT", K2)), ISNUMBER(SEARCH("ERROR", K2))), "RC", IF(V2=0, "TIE", IF(V2>0, "QE", "RC"))))) -> TIE | X2: =IF(V2="--","--",TEXT(MIN(F2,K2)/MAX(F2,K2),"0.000%")) -> 100.000% | Z2: =AVERAGE(C:C) -> 5.1233055e+09 | AA2: =AVERAGE(D:D) -> 73.36 | AB2: =AVERAGE(E:E) -> 51.585493 | AC2: =AVERAGE(F:F) -> 40459.089 | AD2: =AVERAGE(H:H) -> 19340267 | AE2: =AVERAGE(I:I) -> 0.23079286 | AF2: =AVERAGE(J:J) -> 0.22651429 | AG2: =AVERAGE(K:K) -> 210.42857 | AH2: =AVERAGE(M:M) -> 8652888.4 | AI2: =AVERAGE(P:P) -> 0.015171429 | AJ2: =AVERAGE(S:S) -> 0.0166 | AK2: =AVERAGE(V:V) -> -13.714286
A3: 19 | B3: [skoE, skoR, skoX] | C3: 25141407 | D3: 0.2218 | E3: 0.2208 | F3: 189 | G3: [skoE, skoR, skoX] | H3: 17427183 | I3: 0.2156 | J3: 0.2109 | K3: 189 | L3: =IF(OR(ISNUMBER(SEARCH("ERROR", B3)), ISNUMBER(SEARCH("ERROR", G3)), ISNUMBER(SEARCH("TIME OUT", B3)), ISNUMBER(SEARCH("TIME OUT", G3))), "--", B3=G3) -> TRUE | M3: =IF(OR(ISNUMBER(SEARCH("ERROR", C3)), ISNUMBER(SEARCH("ERROR", H3)), ISNUMBER(SEARCH("TIME OUT", C3)), ISNUMBER(SEARCH("TIME OUT", H3))),"--",C3-H3) -> 7714224 | N3: =IF(AND(OR(ISNUMBER(SEARCH("TIME OUT", C3)), ISNUMBER(SEARCH("ERROR", C3))), OR(ISNUMBER(SEARCH("TIME OUT", H3)), ISNUMBER(SEARCH("ERROR", H3)))), "--", IF(OR(ISNUMBER(SEARCH("TIME OUT", C3)), ISNUMBER(SEARCH("ERROR", C3))), "QE", IF(OR(ISNUMBER(SEARCH("TIME OUT", H3)), ISNUMBER(SEARCH("ERROR", H3))), "RC", IF(M3=0, "TIE", IF(M3>0, "QE", "RC"))))) -> QE | O3: =IF(M3="--","--",TEXT(MIN(C3,H3)/MAX(C3,H3),"0.000%")) -> 69.317% | P3: =IF(OR(ISNUMBER(SEARCH("ERROR", D3)), ISNUMBER(SEARCH("ERROR", I3)), ISNUMBER(SEARCH("TIME OUT", D3)), ISNUMBER(SEARCH("TIME OUT", I3))),"--",D3-I3) -> 0.0062 | Q3: =IF(AND(OR(ISNUMBER(SEARCH("TIME OUT", D3)), ISNUMBER(SEARCH("ERROR", D3))), OR(ISNUMBER(SEARCH("TIME OUT", I3)), ISNUMBER(SEARCH("ERROR", I3)))), "--", IF(OR(ISNUMBER(SEARCH("TIME OUT", D3)), ISNUMBER(SEARCH("ERROR", D3))), "QE", IF(OR(ISNUMBER(SEARCH("TIME OUT", I3)), ISNUMBER(SEARCH("ERROR", I3))), "RC", IF(P3=0, "TIE", IF(P3>0, "QE", "RC"))))) -> QE | R3: =IF(P3="--","--",TEXT(MIN(D3,I3)/MAX(D3,I3),"0.000%")) -> 97.205% | S3: =IF(OR(ISNUMBER(SEARCH("ERROR", E3)), ISNUMBER(SEARCH("ERROR", J3)), ISNUMBER(SEARCH("TIME OUT", E3)), ISNUMBER(SEARCH("TIME OUT", J3))),"--",E3-J3) -> 0.0099 | T3: =IF(AND(OR(ISNUMBER(SEARCH("TIME OUT", E3)), ISNUMBER(SEARCH("ERROR", E3))), OR(ISNUMBER(SEARCH("TIME OUT", J3)), ISNUMBER(SEARCH("ERROR", J3)))), "--", IF(OR(ISNUMBER(SEARCH("TIME OUT", E3)), ISNUMBER(SEARCH("ERROR", E3))), "QE", IF(OR(ISNUMBER(SEARCH("TIME OUT", J3)), ISNUMBER(SEARCH("ERROR", J3))), "RC", IF(S3=0, "TIE", IF(S3>0, "QE", "RC"))))) -> QE | U3: =IF(S3="--","--",TEXT(MIN(E3,J3)/MAX(E3,J3),"0.000%")) -> 95.516% | V3: =IF(OR(ISNUMBER(SEARCH("ERROR", F3)), ISNUMBER(SEARCH("ERROR", K3)), ISNUMBER(SEARCH("TIME OUT", F3)), ISNUMBER(SEARCH("TIME OUT", K3))),"--",F3-K3) -> 0 | W3: =IF(AND(OR(ISNUMBER(SEARCH("TIME OUT", F3)), ISNUMBER(SEARCH("ERROR", F3))), OR(ISNUMBER(SEARCH("TIME OUT", K3)), ISNUMBER(SEARCH("ERROR", K3)))), "--", IF(OR(ISNUMBER(SEARCH("TIME OUT", F3)), ISNUMBER(SEARCH("ERROR", F3))), "QE", IF(OR(ISNUMBER(SEARCH("TIME OUT", K3)), ISNUMBER(SEARCH("ERROR", K3))), "RC", IF(V3=0, "TIE", IF(V3>0, "QE", "RC"))))) -> TIE | X3: =IF(V3="--","--",TEXT(MIN(F3,K3)/MAX(F3,K3),"0.000%")) -> 100.000%
A4: 20 | B4: [skoE, skoR, skoX] | C4: 47006724 | D4: 0.4343 | E4: 0.4274 | F4: 327 | G4: [skoE, skoR, skoX] | H4: 30564586 | I4: 0.3859 | J4: 0.3799 | K4: 327 | L4: =IF(OR(ISNUMBER(SEARCH("ERROR", B4)), ISNUMBER(SEARCH("ERROR", G4)), ISNUMBER(SEARCH("TIME OUT", B4)), ISNUMBER(SEARCH("TIME OUT", G4))), "--", B4=G4) -> TRUE | M4: =IF(OR(ISNUMBER(SEARCH("ERROR", C4)), ISNUMBER(SEARCH("ERROR", H4)), ISNUMBER(SEARCH("TIME OUT", C4)), ISNUMBER(SEARCH("TIME OUT", H4))),"--",C4-H4) -> 16442138 | N4: =IF(AND(OR(ISNUMBER(SEARCH("TIME OUT", C4)), ISNUMBER(SEARCH("ERROR", C4))), OR(ISNUMBER(SEARCH("TIME OUT", H4)), ISNUMBER(SEARCH("ERROR", H4)))), "--", IF(OR(ISNUMBER(SEARCH("TIME OUT", C4)), ISNUMBER(SEARCH("ERROR", C4))), "QE", IF(OR(ISNUMBER(SEARCH("TIME OUT", H4)), ISNUMBER(SEARCH("ERROR", H4))), "RC", IF(M4=0, "TIE", IF(M4>0, "QE", "RC"))))) -> QE | O4: =IF(M4="--","--",TEXT(MIN(C4,H4)/MAX(C4,H4),"0.000%")) -> 65.022% | P4: =IF(OR(ISNUMBER(SEARCH("ERROR", D4)), ISNUMBER(SEARCH("ERROR", I4)), ISNUMBER(SEARCH("TIME OUT", D4)), ISNUMBER(SEARCH("TIME OUT", I4))),"--",D4-I4) -> 0.0484 | Q4: =IF(AND(OR(ISNUMBER(SEARCH("TIME OUT", D4)), ISNUMBER(SEARCH("ERROR", D4))), OR(ISNUMBER(SEARCH("TIME OUT", I4)), ISNUMBER(SEARCH("ERROR", I4)))), "--", IF(OR(ISNUMBER(SEARCH("TIME OUT", D4)), ISNUMBER(SEARCH("ERROR", D4))), "QE", IF(OR(ISNUMBER(SEARCH("TIME OUT", I4)), ISNUMBER(SEARCH("ERROR", I4))), "RC", IF(P4=0, "TIE", IF(P4>0, "QE", "RC"))))) -> QE | R4: =IF(P4="--","--",TEXT(MIN(D4,I4)/MAX(D4,I4),"0.000%")) -> 88.856% | S4: =IF(OR(ISNUMBER(SEARCH("ERROR", E4)), ISNUMBER(SEARCH("ERROR", J4)), ISNUMBER(SEARCH("TIME OUT", E4)), ISNUMBER(SEARCH("TIME OUT", J4))),"--",E4-J4) -> 0.0475 | T4: =IF(AND(OR(ISNUMBER(SEARCH("TIME OUT", E4)), ISNUMBER(SEARCH("ERROR", E4))), OR(ISNUMBER(SEARCH("TIME OUT", J4)), ISNUMBER(SEARCH("ERROR", J4)))), "--", IF(OR(ISNUMBER(SEARCH("TIME OUT", E4)), ISNUMBER(SEARCH("ERROR", E4))), "QE", IF(OR(ISNUMBER(SEARCH("TIME OUT", J4)), ISNUMBER(SEARCH("ERROR", J4))), "RC", IF(S4=0, "TIE", IF(S4>0, "QE", "RC"))))) -> QE | U4: =IF(S4="--","--",TEXT(MIN(E4,J4)/MAX(E4,J4),"0.000%")) -> 88.886% | V4: =IF(OR(ISNUMBER(SEARCH("ERROR", F4)), ISNUMBER(SEARCH("ERROR", K4)), ISNUMBER(SEARCH("TIME OUT", F4)), ISNUMBER(SEARCH("TIME OUT", K4))),"--",F4-K4) -> 0 | W4: =IF(AND(OR(ISNUMBER(SEARCH("TIME OUT", F4)), ISNUMBER(SEARCH("ERROR", F4))), OR(ISNUMBER(SEARCH("TIME OUT", K4)), ISNUMBER(SEARCH("ERROR", K4)))), "--", IF(OR(ISNUMBER(SEARCH("TIME OUT", F4)), ISNUMBER(SEARCH("ERROR", F4))), "QE", IF(OR(ISNUMBER(SEARCH("TIME OUT", K4)), ISNUMBER(SEARCH("ERROR", K4))), "RC", IF(V4=0, "TIE", IF(V4>0, "QE", "RC"))))) -> TIE | X4: =IF(V4="--","--",TEXT(MIN(F4,K4)/MAX(F4,K4),"0.000%")) -> 100.000%
A5: 22 | B5: [skoE, skoR, skoX] | C5: 46986784 | D5: 0.4313 | E5: 0.428 | F5: 327 | G5: [skoE, skoR, skoX] | H5: 30558938 | I5: 0.3687 | J5: 0.3648 | K5: 327 | L5: =IF(OR(ISNUMBER(SEARCH("ERROR", B5)), ISNUMBER(SEARCH("ERROR", G5)), ISNUMBER(SEARCH("TIME OUT", B5)), ISNUMBER(SEARCH("TIME OUT", G5))), "--", B5=G5) -> TRUE | M5: =IF(OR(ISNUMBER(SEARCH("ERROR", C5)), ISNUMBER(SEARCH("ERROR", H5)), ISNUMBER(SEARCH("TIME OUT", C5)), ISNUMBER(SEARCH("TIME OUT", H5))),"--",C5-H5) -> 16427846 | N5: =IF(AND(OR(ISNUMBER(SEARCH("TIME OUT", C5)), ISNUMBER(SEARCH("ERROR", C5))), OR(ISNUMBER(SEARCH("TIME OUT", H5)), ISNUMBER(SEARCH("ERROR", H5)))), "--", IF(OR(ISNUMBER(SEARCH("TIME OUT", C5)), ISNUMBER(SEARCH("ERROR", C5))), "QE", IF(OR(ISNUMBER(SEARCH("TIME OUT", H5)), ISNUMBER(SEARCH("ERROR", H5))), "RC", IF(M5=0, "TIE", IF(M5>0, "QE", "RC"))))) -> QE | O5: =IF(M5="--","--",TEXT(MIN(C5,H5)/MAX(C5,H5),"0.000%")) -> 65.037% | P5: =IF(OR(ISNUMBER(SEARCH("ERROR", D5)), ISNUMBER(SEARCH("ERROR", I5)), ISNUMBER(SEARCH("TIME OUT", D5)), ISNUMBER(SEARCH("TIME OUT", I5))),"--",D5-I5) -> 0.0626 | Q5: =IF(AND(OR(ISNUMBER(SEARCH("TIME OUT", D5)), ISNUMBER(SEARCH("ERROR", D5))), OR(ISNUMBER(SEARCH("TIME OUT", I5)), ISNUMBER(SEARCH("ERROR", I5)))), "--", IF(OR(ISNUMBER(SEARCH("TIME OUT", D5)), ISNUMBER(SEARCH("ERROR", D5))), "QE", IF(OR(ISNUMBER(SEARCH("TIME OUT", I5)), ISNUMBER(SEARCH("ERROR", I5))), "RC", IF(P5=0, "TIE", IF(P5>0, "QE", "RC"))))) -> QE | R5: =IF(P5="--","--",TEXT(MIN(D5,I5)/MAX(D5,I5),"0.000%")) -> 85.486% | S5: =IF(OR(ISNUMBER(SEARCH("ERROR", E5)), ISNUMBER(SEARCH("ERROR", J5)), ISNUMBER(SEARCH("TIME OUT", E5)), ISNUMBER(SEARCH("TIME OUT", J5))),"--",E5-J5) -> 0.0632 | T5: =IF(AND(OR(ISNUMBER(SEARCH("TIME OUT", E5)), ISNUMBER(SEARCH("ERROR", E5))), OR(ISNUMBER(SEARCH("TIME OUT", J5)), ISNUMBER(SEARCH("ERROR", J5)))), "--", IF(OR(ISNUMBER(SEARCH("TIME OUT", E5)), ISNUMBER(SEARCH("ERROR", E5))), "QE", IF(OR(ISNUMBER(SEARCH("TIME OUT", J5)), ISNUMBER(SEARCH("ERROR", J5))), "RC", IF(S5=0, "TIE", IF(S5>0, "QE", "RC"))))) -> QE | U5: =IF(S5="--","--",TEXT(MIN(E5,J5)/MAX(E5,J5),"0.000%")) -> 85.234% | V5: =IF(OR(ISNUMBER(SEARCH("ERROR", F5)), ISNUMBER(SEARCH("ERROR", K5)), ISNUMBER(SEARCH("TIME OUT", F5)), ISNUMBER(SEARCH("TIME OUT", K5))),"--",F5-K5) -> 0 | W5: =IF(AND(OR(ISNUMBER(SEARCH("TIME OUT", F5)), ISNUMBER(SEARCH("ERROR", F5))), OR(ISNUMBER(SEARCH("TIME OUT", K5)), ISNUMBER(SEARCH("ERROR", K5)))), "--", IF(OR(ISNUMBER(SEARCH("TIME OUT", F5)), ISNUMBER(SEARCH("ERROR", F5))), "QE", IF(OR(ISNUMBER(SEARCH("TIME OUT", K5)), ISNUMBER(SEARCH("ERROR", K5))), "RC", IF(V5=0, "TIE", IF(V5>0, "QE", "RC"))))) -> TIE | X5: =IF(V5="--","--",TEXT(MIN(F5,K5)/MAX(F5,K5),"0.000%")) -> 100.000%
A6: 23 | B6: [skoE, skoR, skoX] | C6: 47018416 | D6: 0.4188 | E6: 0.4147 | F6: 327 | G6: [skoE, skoR, skoX] | H6: 30562685 | I6: 0.3704 | J6: 0.3625 | K6: 327 | L6: =IF(OR(ISNUMBER(SEARCH("ERROR", B6)), ISNUMBER(SEARCH("ERROR", G6)), ISNUMBER(SEARCH("TIME OUT", B6)), ISNUMBER(SEARCH("TIME OUT", G6))), "--", B6=G6) -> TRUE | M6: =IF(OR(ISNUMBER(SEARCH("ERROR", C6)), ISNUMBER(SEARCH("ERROR", H6)), ISNUMBER(SEARCH("TIME OUT", C6)), ISNUMBER(SEARCH("TIME OUT", H6))),"--",C6-H6) -> 16455731 | N6: =IF(AND(OR(ISNUMBER(SEARCH("TIME OUT", C6)), ISNUMBER(SEARCH("ERROR", C6))), OR(ISNUMBER(SEARCH("TIME OUT", H6)), ISNUMBER(SEARCH("ERROR", H6)))), "--", IF(OR(ISNUMBER(SEARCH("TIME OUT", C6)), ISNUMBER(SEARCH("ERROR", C6))), "QE", IF(OR(ISNUMBER(SEARCH("TIME OUT", H6)), ISNUMBER(SEARCH("ERROR", H6))), "RC", IF(M6=0, "TIE", IF(M6>0, "QE", "RC"))))) -> QE | O6: =IF(M6="--","--",TEXT(MIN(C6,H6)/MAX(C6,H6),"0.000%")) -> 65.002% | P6: =IF(OR(ISNUMBER(SEARCH("ERROR", D6)), ISNUMBER(SEARCH("ERROR", I6)), ISNUMBER(SEARCH("TIME OUT", D6)), ISNUMBER(SEARCH("TIME OUT", I6))),"--",D6-I6) -> 0.0484 | Q6: =IF(AND(OR(ISNUMBER(SEARCH("TIME OUT", D6)), ISNUMBER(SEARCH("ERROR", D6))), OR(ISNUMBER(SEARCH("TIME OUT", I6)), ISNUMBER(SEARCH("ERROR", I6)))), "--", IF(OR(ISNUMBER(SEARCH("TIME OUT", D6)), ISNUMBER(SEARCH("ERROR", D6))), "QE", IF(OR(ISNUMBER(SEARCH("TIME OUT", I6)), ISNUMBER(SEARCH("ERROR", I6))), "RC", IF(P6=0, "TIE", IF(P6>0, "QE", "RC"))))) -> QE | R6: =IF(P6="--","--",TEXT(MIN(D6,I6)/MAX(D6,I6),"0.000%")) -> 88.443% | S6: =IF(OR(ISNUMBER(SEARCH("ERROR", E6)), ISNUMBER(SEARCH("ERROR", J6)), ISNUMBER(SEARCH("TIME OUT", E6)), ISNUMBER(SEARCH("TIME OUT", J6))),"--",E6-J6) -> 0.0522 | T6: =IF(AND(OR(ISNUMBER(SEARCH("TIME OUT", E6)), ISNUMBER(SEARCH("ERROR", E6))), OR(ISNUMBER(SEARCH("TIME OUT", J6)), ISNUMBER(SEARCH("ERROR", J6)))), "--", IF(OR(ISNUMBER(SEARCH("TIME OUT", E6)), ISNUMBER(SEARCH("ERROR", E6))), "QE", IF(OR(ISNUMBER(SEARCH("TIME OUT", J6)), ISNUMBER(SEARCH("ERROR", J6))), "RC", IF(S6=0, "TIE", IF(S6>0, "QE", "RC"))))) -> QE | U6: =IF(S6="--","--",TEXT(MIN(E6,J6)/MAX(E6,J6),"0.000%")) -> 87.413% | V6: =IF(OR(ISNUMBER(SEARCH("ERROR", F6)), ISNUMBER(SEARCH("ERROR", K6)), ISNUMBER(SEARCH("TIME OUT", F6)), ISNUMBER(SEARCH("TIME OUT", K6))),"--",F6-K6) -> 0 | W6: =IF(AND(OR(ISNUMBER(SEARCH("TIME OUT", F6)), ISNUMBER(SEARCH("ERROR", F6))), OR(ISNUMBER(SEARCH("TIME OUT", K6)), ISNUMBER(SEARCH("ERROR", K6)))), "--", IF(OR(ISNUMBER(SEARCH("TIME OUT", F6)), ISNUMBER(SEARCH("ERROR", F6))), "QE", IF(OR(ISNUMBER(SEARCH("TIME OUT", K6)), ISNUMBER(SEARCH("ERROR", K6))), "RC", IF(V6=0, "TIE", IF(V6>0, "QE", "RC"))))) -> TIE | X6: =IF(V6="--","--",TEXT(MIN(F6,K6)/MAX(F6,K6),"0.000%")) -> 100.000% | AA6: memory | AC6: cputime | AE6: realtime | AG6: cells | AJ6: Successes | AL6: Timeouts | AN6: Errors | AP6: Total
A7: 25 | B7: [skoE, skoR, skoX] | C7: 1747240238 | D7: 20.2843 | E7: 16.6554 | F7: 13005 | G7: TIME OUT | H7: TIME OUT | I7: TIME OUT | J7: TIME OUT | K7: TIME OUT | L7: =IF(OR(ISNUMBER(SEARCH("ERROR", B7)), ISNUMBER(SEARCH("ERROR", G7)), ISNUMBER(SEARCH("TIME OUT", B7)), ISNUMBER(SEARCH("TIME OUT", G7))), "--", B7=G7) -> -- | M7: =IF(OR(ISNUMBER(SEARCH("ERROR", C7)), ISNUMBER(SEARCH("ERROR", H7)), ISNUMBER(SEARCH("TIME OUT", C7)), ISNUMBER(SEARCH("TIME OUT", H7))),"--",C7-H7) -> -- | N7: =IF(AND(OR(ISNUMBER(SEARCH("TIME OUT", C7)), ISNUMBER(SEARCH("ERROR", C7))), OR(ISNUMBER(SEARCH("TIME OUT", H7)), ISNUMBER(SEARCH("ERROR", H7)))), "--", IF(OR(ISNUMBER(SEARCH("TIME OUT", C7)), ISNUMBER(SEARCH("ERROR", C7))), "QE", IF(OR(ISNUMBER(SEARCH("TIME OUT", H7)), ISNUMBER(SEARCH("ERROR", H7))), "RC", IF(M7=0, "TIE", IF(M7>0, "QE", "RC"))))) -> RC | O7: =IF(M7="--","--",TEXT(MIN(C7,H7)/MAX(C7,H7),"0.000%")) -> -- | P7: =IF(OR(ISNUMBER(SEARCH("ERROR", D7)), ISNUMBER(SEARCH("ERROR", I7)), ISNUMBER(SEARCH("TIME OUT", D7)), ISNUMBER(SEARCH("TIME OUT", I7))),"--",D7-I7) -> -- | Q7: =IF(AND(OR(ISNUMBER(SEARCH("TIME OUT", D7)), ISNUMBER(SEARCH("ERROR", D7))), OR(ISNUMBER(SEARCH("TIME OUT", I7)), ISNUMBER(SEARCH("ERROR", I7)))), "--", IF(OR(ISNUMBER(SEARCH("TIME OUT", D7)), ISNUMBER(SEARCH("ERROR", D7))), "QE", IF(OR(ISNUMBER(SEARCH("TIME OUT", I7)), ISNUMBER(SEARCH("ERROR", I7))), "RC", IF(P7=0, "TIE", IF(P7>0, "QE", "RC"))))) -> RC | R7: =IF(P7="--","--",TEXT(MIN(D7,I7)/MAX(D7,I7),"0.000%")) -> -- | S7: =IF(OR(ISNUMBER(SEARCH("ERROR", E7)), ISNUMBER(SEARCH("ERROR", J7)), ISNUMBER(SEARCH("TIME OUT", E7)), ISNUMBER(SEARCH("TIME OUT", J7))),"--",E7-J7) -> -- | T7: =IF(AND(OR(ISNUMBER(SEARCH("TIME OUT", E7)), ISNUMBER(SEARCH("ERROR", E7))), OR(ISNUMBER(SEARCH("TIME OUT", J7)), ISNUMBER(SEARCH("ERROR", J7)))), "--", IF(OR(ISNUMBER(SEARCH("TIME OUT", E7)), ISNUMBER(SEARCH("ERROR", E7))), "QE", IF(OR(ISNUMBER(SEARCH("TIME OUT", J7)), ISNUMBER(SEARCH("ERROR", J7))), "RC", IF(S7=0, "TIE", IF(S7>0, "QE", "RC"))))) -> RC | U7: =IF(S7="--","--",TEXT(MIN(E7,J7)/MAX(E7,J7),"0.000%")) -> -- | V7: =IF(OR(ISNUMBER(SEARCH("ERROR", F7)), ISNUMBER(SEARCH("ERROR", K7)), ISNUMBER(SEARCH("TIME OUT", F7)), ISNUMBER(SEARCH("TIME OUT", K7))),"--",F7-K7) -> -- | W7: =IF(AND(OR(ISNUMBER(SEARCH("TIME OUT", F7)), ISNUMBER(SEARCH("ERROR", F7))), OR(ISNUMBER(SEARCH("TIME OUT", K7)), ISNUMBER(SEARCH("ERROR", K7)))), "--", IF(OR(ISNUMBER(SEARCH("TIME OUT", F7)), ISNUMBER(SEARCH("ERROR", F7))), "QE", IF(OR(ISNUMBER(SEARCH("TIME OUT", K7)), ISNUMBER(SEARCH("ERROR", K7))), "RC", IF(V7=0, "TIE", IF(V7>0, "QE", "RC"))))) -> RC | X7: =IF(V7="--","--",TEXT(MIN(F7,K7)/MAX(F7,K7),"0.000%")) -> -- | Z7: RC | AA7: =COUNTIF(N:N,$Z7) -> 35 | AB7: =AA7/AA$11 -> 0.52238806 | AC7: =COUNTIF(Q:Q,$Z7) -> 35 | AD7: =AC7/AC$11 -> 0.52238806 | AE7: =COUNTIF(T:T,$Z7) -> 35 | AF7: =AE7/AE$11 -> 0.52238806 | AG7: =COUNTIF(W:W,$Z7) -> 35 | AH7: =AG7/AG$11 -> 0.52238806 | AJ7: =COUNTA(B2:B68)-COUNTIF(B2:B68,"*TIME OUT*")-COUNTIF(B2:B68,"*ERROR*") -> 45 | AK7: =AJ7/67 -> 0.67164179 | AL7: =COUNTIF(B2:B68,"*TIME OUT*") -> 21 | AM7: =AL7/67 -> 0.31343284 | AN7: =COUNTIF(B2:B68,"*ERROR*") -> 1 | AO7: =AN7/67 -> 0.014925373 | AP7: =AJ7+AL7+AN7 -> 67 | AQ7: =AK7+AM7+AO7 -> 1
A8: 26 | B8: [skoE, skoR, skoX] | C8: 2329616 | D8: 0.0171 | E8: 0.0166 | F8: 9 | G8: [skoE, skoR, skoX] | H8: 4424962 | I8: 0.05 | J8: 0.0486 | K8: 57 | L8: =IF(OR(ISNUMBER(SEARCH("ERROR", B8)), ISNUMBER(SEARCH("ERROR", G8)), ISNUMBER(SEARCH("TIME OUT", B8)), ISNUMBER(SEARCH("TIME OUT", G8))), "--", B8=G8) -> TRUE | M8: =IF(OR(ISNUMBER(SEARCH("ERROR", C8)), ISNUMBER(SEARCH("ERROR", H8)), ISNUMBER(SEARCH("TIME OUT", C8)), ISNUMBER(SEARCH("TIME OUT", H8))),"--",C8-H8) -> -2095346 | N8: =IF(AND(OR(ISNUMBER(SEARCH("TIME OUT", C8)), ISNUMBER(SEARCH("ERROR", C8))), OR(ISNUMBER(SEARCH("TIME OUT", H8)), ISNUMBER(SEARCH("ERROR", H8)))), "--", IF(OR(ISNUMBER(SEARCH("TIME OUT", C8)), ISNUMBER(SEARCH("ERROR", C8))), "QE", IF(OR(ISNUMBER(SEARCH("TIME OUT", H8)), ISNUMBER(SEARCH("ERROR", H8))), "RC", IF(M8=0, "TIE", IF(M8>0, "QE", "RC"))))) -> RC | O8: =IF(M8="--","--",TEXT(MIN(C8,H8)/MAX(C8,H8),"0.000%")) -> 52.647% | P8: =IF(OR(ISNUMBER(SEARCH("ERROR", D8)), ISNUMBER(SEARCH("ERROR", I8)), ISNUMBER(SEARCH("TIME OUT", D8)), ISNUMBER(SEARCH("TIME OUT", I8))),"--",D8-I8) -> -0.0329 | Q8: =IF(AND(OR(ISNUMBER(SEARCH("TIME OUT", D8)), ISNUMBER(SEARCH("ERROR", D8))), OR(ISNUMBER(SEARCH("TIME OUT", I8)), ISNUMBER(SEARCH("ERROR", I8)))), "--", IF(OR(ISNUMBER(SEARCH("TIME OUT", D8)), ISNUMBER(SEARCH("ERROR", D8))), "QE", IF(OR(ISNUMBER(SEARCH("TIME OUT", I8)), ISNUMBER(SEARCH("ERROR", I8))), "RC", IF(P8=0, "TIE", IF(P8>0, "QE", "RC"))))) -> RC | R8: =IF(P8="--","--",TEXT(MIN(D8,I8)/MAX(D8,I8),"0.000%")) -> 34.200% | S8: =IF(OR(ISNUMBER(SEARCH("ERROR", E8)), ISNUMBER(SEARCH("ERROR", J8)), ISNUMBER(SEARCH("TIME OUT", E8)), ISNUMBER(SEARCH("TIME OUT", J8))),"--",E8-J8) -> -0.032 | T8: =IF(AND(OR(ISNUMBER(SEARCH("TIME OUT", E8)), ISNUMBER(SEARCH("ERROR", E8))), OR(ISNUMBER(SEARCH("TIME OUT", J8)), ISNUMBER(SEARCH("ERROR", J8)))), "--", IF(OR(ISNUMBER(SEARCH("TIME OUT", E8)), ISNUMBER(SEARCH("ERROR", E8))), "QE", IF(OR(ISNUMBER(SEARCH("TIME OUT", J8)), ISNUMBER(SEARCH("ERROR", J8))), "RC", IF(S8=0, "TIE", IF(S8>0, "QE", "RC"))))) -> RC | U8: =IF(S8="--","--",TEXT(MIN(E8,J8)/MAX(E8,J8),"0.000%")) -> 34.156% | V8: =IF(OR(ISNUMBER(SEARCH("ERROR", F8)), ISNUMBER(SEARCH("ERROR", K8)), ISNUMBER(SEARCH("TIME OUT", F8)), ISNUMBER(SEARCH("TIME OUT", K8))),"--",F8-K8) -> -48 | W8: =IF(AND(OR(ISNUMBER(SEARCH("TIME OUT", F8)), ISNUMBER(SEARCH("ERROR", F8))), OR(ISNUMBER(SEARCH("TIME OUT", K8)), ISNUMBER(SEARCH("ERROR", K8)))), "--", IF(OR(ISNUMBER(SEARCH("TIME OUT", F8)), ISNUMBER(SEARCH("ERROR", F8))), "QE", IF(OR(ISNUMBER(SEARCH("TIME OUT", K8)), ISNUMBER(SEARCH("ERROR", K8))), "RC", IF(V8=0, "TIE", IF(V8>0, "QE", "RC"))))) -> RC | X8: =IF(V8="--","--",TEXT(MIN(F8,K8)/MAX(F8,K8),"0.000%")) -> 15.789% | Z8: QE | AA8: =COUNTIF(N:N,$Z8) -> 10 | AB8: =AA8/AA$11 -> 0.14925373 | AC8: =COUNTIF(Q:Q,$Z8) -> 10 | AD8: =AC8/AC$11 -> 0.14925373 | AE8: =COUNTIF(T:T,$Z8) -> 10 | AF8: =AE8/AE$11 -> 0.14925373 | AG8: =COUNTIF(W:W,$Z8) -> 0 | AH8: =AG8/AG$11 -> 0 | AJ8: =COUNTA(G2:G68)-COUNTIF(G2:G68,"*TIME OUT*")-COUNTIF(G2:G68,"*ERROR*") -> 14 | AK8: =AJ8/67 -> 0.20895522 | AL8: =COUNTIF(G2:G68,"*TIME OUT*") -> 21 | AM8: =AL8/67 -> 0.31343284 | AN8: =COUNTIF(G2:G68,"*ERROR*") -> 32 | AO8: =AN8/67 -> 0.47761194 | AP8: =AJ8+AL8+AN8 -> 67 | AQ8: =AK8+AM8+AO8 -> 1
A9: 27 | B9: [skoE, skoR, skoX] | C9: 1747272133 | D9: 20.5609 | E9: 16.9047 | F9: 13005 | G9: TIME OUT | H9: TIME OUT | I9: TIME OUT | J9: TIME OUT | K9: TIME OUT | L9: =IF(OR(ISNUMBER(SEARCH("ERROR", B9)), ISNUMBER(SEARCH("ERROR", G9)), ISNUMBER(SEARCH("TIME OUT", B9)), ISNUMBER(SEARCH("TIME OUT", G9))), "--", B9=G9) -> -- | M9: =IF(OR(ISNUMBER(SEARCH("ERROR", C9)), ISNUMBER(SEARCH("ERROR", H9)), ISNUMBER(SEARCH("TIME OUT", C9)), ISNUMBER(SEARCH("TIME OUT", H9))),"--",C9-H9) -> -- | N9: =IF(AND(OR(ISNUMBER(SEARCH("TIME OUT", C9)), ISNUMBER(SEARCH("ERROR", C9))), OR(ISNUMBER(SEARCH("TIME OUT", H9)), ISNUMBER(SEARCH("ERROR", H9)))), "--", IF(OR(ISNUMBER(SEARCH("TIME OUT", C9)), ISNUMBER(SEARCH("ERROR", C9))), "QE", IF(OR(ISNUMBER(SEARCH("TIME OUT", H9)), ISNUMBER(SEARCH("ERROR", H9))), "RC", IF(M9=0, "TIE", IF(M9>0, "QE", "RC"))))) -> RC | O9: =IF(M9="--","--",TEXT(MIN(C9,H9)/MAX(C9,H9),"0.000%")) -> -- | P9: =IF(OR(ISNUMBER(SEARCH("ERROR", D9)), ISNUMBER(SEARCH("ERROR", I9)), ISNUMBER(SEARCH("TIME OUT", D9)), ISNUMBER(SEARCH("TIME OUT", I9))),"--",D9-I9) -> -- | Q9: =IF(AND(OR(ISNUMBER(SEARCH("TIME OUT", D9)), ISNUMBER(SEARCH("ERROR", D9))), OR(ISNUMBER(SEARCH("TIME OUT", I9)), ISNUMBER(SEARCH("ERROR", I9)))), "--", IF(OR(ISNUMBER(SEARCH("TIME OUT", D9)), ISNUMBER(SEARCH("ERROR", D9))), "QE", IF(OR(ISNUMBER(SEARCH("TIME OUT", I9)), ISNUMBER(SEARCH("ERROR", I9))), "RC", IF(P9=0, "TIE", IF(P9>0, "QE", "RC"))))) -> RC | R9: =IF(P9="--","--",TEXT(MIN(D9,I9)/MAX(D9,I9),"0.000%")) -> -- | S9: =IF(OR(ISNUMBER(SEARCH("ERROR", E9)), ISNUMBER(SEARCH("ERROR", J9)), ISNUMBER(SEARCH("TIME OUT", E9)), ISNUMBER(SEARCH("TIME OUT", J9))),"--",E9-J9) -> -- | T9: =IF(AND(OR(ISNUMBER(SEARCH("TIME OUT", E9)), ISNUMBER(SEARCH("ERROR", E9))), OR(ISNUMBER(SEARCH("TIME OUT", J9)), ISNUMBER(SEARCH("ERROR", J9)))), "--", IF(OR(ISNUMBER(SEARCH("TIME OUT", E9)), ISNUMBER(SEARCH("ERROR", E9))), "QE", IF(OR(ISNUMBER(SEARCH("TIME OUT", J9)), ISNUMBER(SEARCH("ERROR", J9))), "RC", IF(S9=0, "TIE", IF(S9>0, "QE", "RC"))))) -> RC | U9: =IF(S9="--","--",TEXT(MIN(E9,J9)/MAX(E9,J9),"0.000%")) -> -- | V9: =IF(OR(ISNUMBER(SEARCH("ERROR", F9)), ISNUMBER(SEARCH("ERROR", K9)), ISNUMBER(SEARCH("TIME OUT", F9)), ISNUMBER(SEARCH("TIME OUT", K9))),"--",F9-K9) -> -- | W9: =IF(AND(OR(ISNUMBER(SEARCH("TIME OUT", F9)), ISNUMBER(SEARCH("ERROR", F9))), OR(ISNUMBER(SEARCH("TIME OUT", K9)), ISNUMBER(SEARCH("ERROR", K9)))), "--", IF(OR(ISNUMBER(SEARCH("TIME OUT", F9)), ISNUMBER(SEARCH("ERROR", F9))), "QE", IF(OR(ISNUMBER(SEARCH("TIME OUT", K9)), ISNUMBER(SEARCH("ERROR", K9))), "RC", IF(V9=0, "TIE", IF(V9>0, "QE", "RC"))))) -> RC | X9: =IF(V9="--","--",TEXT(MIN(F9,K9)/MAX(F9,K9),"0.000%")) -> -- | Z9: TIE | AA9: =COUNTIF(N:N,$Z9) -> 0 | AB9: =AA9/AA$11 -> 0 | AC9: =COUNTIF(Q:Q,$Z9) -> 0 | AD9: =AC9/AC$11 -> 0 | AE9: =COUNTIF(T:T,$Z9) -> 0 | AF9: =AE9/AE$11 -> 0 | AG9: =COUNTIF(W:W,$Z9) -> 10 | AH9: =AG9/AG$11 -> 0.14925373
A10: 28 | B10: [skoE, skoR, skoX] | C10: 1729110988 | D10: 19.9157 | E10: 16.2376 | F10: 13005 | G10: TIME OUT | H10: TIME OUT | I10: TIME OUT | J10: TIME OUT | K10: TIME OUT | L10: =IF(OR(ISNUMBER(SEARCH("ERROR", B10)), ISNUMBER(SEARCH("ERROR", G10)), ISNUMBER(SEARCH("TIME OUT", B10)), ISNUMBER(SEARCH("TIME OUT", G10))), "--", B10=G10) -> -- | M10: =IF(OR(ISNUMBER(SEARCH("ERROR", C10)), ISNUMBER(SEARCH("ERROR", H10)), ISNUMBER(SEARCH("TIME OUT", C10)), ISNUMBER(SEARCH("TIME OUT", H10))),"--",C10-H10) -> -- | N10: =IF(AND(OR(ISNUMBER(SEARCH("TIME OUT", C10)), ISNUMBER(SEARCH("ERROR", C10))), OR(ISNUMBER(SEARCH("TIME OUT", H10)), ISNUMBER(SEARCH("ERROR", H10)))), "--", IF(OR(ISNUMBER(SEARCH("TIME OUT", C10)), ISNUMBER(SEARCH("ERROR", C10))), "QE", IF(OR(ISNUMBER(SEARCH("TIME OUT", H10)), ISNUMBER(SEARCH("ERROR", H10))), "RC", IF(M10=0, "TIE", IF(M10>0, "QE", "RC"))))) -> RC | O10: =IF(M10="--","--",TEXT(MIN(C10,H10)/MAX(C10,H10),"0.000%")) -> -- | P10: =IF(OR(ISNUMBER(SEARCH("ERROR", D10)), ISNUMBER(SEARCH("ERROR", I10)), ISNUMBER(SEARCH("TIME OUT", D10)), ISNUMBER(SEARCH("TIME OUT", I10))),"--",D10-I10) -> -- | Q10: =IF(AND(OR(ISNUMBER(SEARCH("TIME OUT", D10)), ISNUMBER(SEARCH("ERROR", D10))), OR(ISNUMBER(SEARCH("TIME OUT", I10)), ISNUMBER(SEARCH("ERROR", I10)))), "--", IF(OR(ISNUMBER(SEARCH("TIME OUT", D10)), ISNUMBER(SEARCH("ERROR", D10))), "QE", IF(OR(ISNUMBER(SEARCH("TIME OUT", I10)), ISNUMBER(SEARCH("ERROR", I10))), "RC", IF(P10=0, "TIE", IF(P10>0, "QE", "RC"))))) -> RC | R10: =IF(P10="--","--",TEXT(MIN(D10,I10)/MAX(D10,I10),"0.000%")) -> -- | S10: =IF(OR(ISNUMBER(SEARCH("ERROR", E10)), ISNUMBER(SEARCH("ERROR", J10)), ISNUMBER(SEARCH("TIME OUT", E10)), ISNUMBER(SEARCH("TIME OUT", J10))),"--",E10-J10) -> -- | T10: =IF(AND(OR(ISNUMBER(SEARCH("TIME OUT", E10)), ISNUMBER(SEARCH("ERROR", E10))), OR(ISNUMBER(SEARCH("TIME OUT", J10)), ISNUMBER(SEARCH("ERROR", J10)))), "--", IF(OR(ISNUMBER(SEARCH("TIME OUT", E10)), ISNUMBER(SEARCH("ERROR", E10))), "QE", IF(OR(ISNUMBER(SEARCH("TIME OUT", J10)), ISNUMBER(SEARCH("ERROR", J10))), "RC", IF(S10=0, "TIE", IF(S10>0, "QE", "RC"))))) -> RC | U10: =IF(S10="--","--",TEXT(MIN(E10,J10)/MAX(E10,J10),"0.000%")) -> -- | V10: =IF(OR(ISNUMBER(SEARCH("ERROR", F10)), ISNUMBER(SEARCH("ERROR", K10)), ISNUMBER(SEARCH("TIME OUT", F10)), ISNUMBER(SEARCH("TIME OUT", K10))),"--",F10-K10) -> -- | W10: =IF(AND(OR(ISNUMBER(SEARCH("TIME OUT", F10)), ISNUMBER(SEARCH("ERROR", F10))), OR(ISNUMBER(SEARCH("TIME OUT", K10)), ISNUMBER(SEARCH("ERROR", K10)))), "--", IF(OR(ISNUMBER(SEARCH("TIME OUT", F10)), ISNUMBER(SEARCH("ERROR", F10))), "QE", IF(OR(ISNUMBER(SEARCH("TIME OUT", K10)), ISNUMBER(SEARCH("ERROR", K10))), "RC", IF(V10=0, "TIE", IF(V10>0, "QE", "RC"))))) -> RC | X10: =IF(V10="--","--",TEXT(MIN(F10,K10)/MAX(F10,K10),"0.000%")) -> -- | Z10: -- | AA10: =COUNTIF(N:N,$Z10) -> 22 | AB10: =AA10/AA$11 -> 0.32835821 | AC10: =COUNTIF(Q:Q,$Z10) -> 22 | AD10: =AC10/AC$11 -> 0.32835821 | AE10: =COUNTIF(T:T,$Z10) -> 22 | AF10: =AE10/AE$11 -> 0.32835821 | AG10: =COUNTIF(W:W,$Z10) -> 22 | AH10: =AG10/AG$11 -> 0.32835821
A11: 29 | B11: [skoE, skoR, skoX] | C11: 1746753072 | D11: 19.8406 | E11: 16.1698 | F11: 13005 | G11: TIME OUT | H11: TIME OUT | I11: TIME OUT | J11: TIME OUT | K11: TIME OUT | L11: =IF(OR(ISNUMBER(SEARCH("ERROR", B11)), ISNUMBER(SEARCH("ERROR", G11)), ISNUMBER(SEARCH("TIME OUT", B11)), ISNUMBER(SEARCH("TIME OUT", G11))), "--", B11=G11) -> -- | M11: =IF(OR(ISNUMBER(SEARCH("ERROR", C11)), ISNUMBER(SEARCH("ERROR", H11)), ISNUMBER(SEARCH("TIME OUT", C11)), ISNUMBER(SEARCH("TIME OUT", H11))),"--",C11-H11) -> -- | N11: =IF(AND(OR(ISNUMBER(SEARCH("TIME OUT", C11)), ISNUMBER(SEARCH("ERROR", C11))), OR(ISNUMBER(SEARCH("TIME OUT", H11)), ISNUMBER(SEARCH("ERROR", H11)))), "--", IF(OR(ISNUMBER(SEARCH("TIME OUT", C11)), ISNUMBER(SEARCH("ERROR", C11))), "QE", IF(OR(ISNUMBER(SEARCH("TIME OUT", H11)), ISNUMBER(SEARCH("ERROR", H11))), "RC", IF(M11=0, "TIE", IF(M11>0, "QE", "RC"))))) -> RC | O11: =IF(M11="--","--",TEXT(MIN(C11,H11)/MAX(C11,H11),"0.000%")) -> -- | P11: =IF(OR(ISNUMBER(SEARCH("ERROR", D11)), ISNUMBER(SEARCH("ERROR", I11)), ISNUMBER(SEARCH("TIME OUT", D11)), ISNUMBER(SEARCH("TIME OUT", I11))),"--",D11-I11) -> -- | Q11: =IF(AND(OR(ISNUMBER(SEARCH("TIME OUT", D11)), ISNUMBER(SEARCH("ERROR", D11))), OR(ISNUMBER(SEARCH("TIME OUT", I11)), ISNUMBER(SEARCH("ERROR", I11)))), "--", IF(OR(ISNUMBER(SEARCH("TIME OUT", D11)), ISNUMBER(SEARCH("ERROR", D11))), "QE", IF(OR(ISNUMBER(SEARCH("TIME OUT", I11)), ISNUMBER(SEARCH("ERROR", I11))), "RC", IF(P11=0, "TIE", IF(P11>0, "QE", "RC"))))) -> RC | R11: =IF(P11="--","--",TEXT(MIN(D11,I11)/MAX(D11,I11),"0.000%")) -> -- | S11: =IF(OR(ISNUMBER(SEARCH("ERROR", E11)), ISNUMBER(SEARCH("ERROR", J11)), ISNUMBER(SEARCH("TIME OUT", E11)), ISNUMBER(SEARCH("TIME OUT", J11))),"--",E11-J11) -> -- | T11: =IF(AND(OR(ISNUMBER(SEARCH("TIME OUT", E11)), ISNUMBER(SEARCH("ERROR", E11))), OR(ISNUMBER(SEARCH("TIME OUT", J11)), ISNUMBER(SEARCH("ERROR", J11)))), "--", IF(OR(ISNUMBER(SEARCH("TIME OUT", E11)), ISNUMBER(SEARCH("ERROR", E11))), "QE", IF(OR(ISNUMBER(SEARCH("TIME OUT", J11)), ISNUMBER(SEARCH("ERROR", J11))), "RC", IF(S11=0, "TIE", IF(S11>0, "QE", "RC"))))) -> RC | U11: =IF(S11="--","--",TEXT(MIN(E11,J11)/MAX(E11,J11),"0.000%")) -> -- | V11: =IF(OR(ISNUMBER(SEARCH("ERROR", F11)), ISNUMBER(SEARCH("ERROR", K11)), ISNUMBER(SEARCH("TIME OUT", F11)), ISNUMBER(SEARCH("TIME OUT", K11))),"--",F11-K11) -> -- | W11: =IF(AND(OR(ISNUMBER(SEARCH("TIME OUT", F11)), ISNUMBER(SEARCH("ERROR", F11))), OR(ISNUMBER(SEARCH("TIME OUT", K11)), ISNUMBER(SEARCH("ERROR", K11)))), "--", IF(OR(ISNUMBER(SEARCH("TIME OUT", F11)), ISNUMBER(SEARCH("ERROR", F11))), "QE", IF(OR(ISNUMBER(SEARCH("TIME OUT", K11)), ISNUMBER(SEARCH("ERROR", K11))), "RC", IF(V11=0, "TIE", IF(V11>0, "QE", "RC"))))) -> RC | X11: =IF(V11="--","--",TEXT(MIN(F11,K11)/MAX(F11,K11),"0.000%")) -> -- | Z11: total | AA11: =COUNTA(N:N)-1 -> 67 | AB11: =AA11/AA$11 -> 1 | AC11: =COUNTA(O:O)-1 -> 67 | AD11: =AC11/AC$11 -> 1 | AE11: =COUNTA(P:P)-1 -> 67 | AF11: =AE11/AE$11 -> 1 | AG11: =COUNTA(Q:Q)-1 -> 67 | AH11: =AG11/AG$11 -> 1
A12: 30 | B12: [skoE, skoR, skoX] | C12: 1745207882 | D12: 19.9687 | E12: 16.3587 | F12: 13005 | G12: TIME OUT | H12: TIME OUT | I12: TIME OUT | J12: TIME OUT | K12: TIME OUT | L12: =IF(OR(ISNUMBER(SEARCH("ERROR", B12)), ISNUMBER(SEARCH("ERROR", G12)), ISNUMBER(SEARCH("TIME OUT", B12)), ISNUMBER(SEARCH("TIME OUT", G12))), "--", B12=G12) -> -- | M12: =IF(OR(ISNUMBER(SEARCH("ERROR", C12)), ISNUMBER(SEARCH("ERROR", H12)), ISNUMBER(SEARCH("TIME OUT", C12)), ISNUMBER(SEARCH("TIME OUT", H12))),"--",C12-H12) -> -- | N12: =IF(AND(OR(ISNUMBER(SEARCH("TIME OUT", C12)), ISNUMBER(SEARCH("ERROR", C12))), OR(ISNUMBER(SEARCH("TIME OUT", H12)), ISNUMBER(SEARCH("ERROR", H12)))), "--", IF(OR(ISNUMBER(SEARCH("TIME OUT", C12)), ISNUMBER(SEARCH("ERROR", C12))), "QE", IF(OR(ISNUMBER(SEARCH("TIME OUT", H12)), ISNUMBER(SEARCH("ERROR", H12))), "RC", IF(M12=0, "TIE", IF(M12>0, "QE", "RC"))))) -> RC | O12: =IF(M12="--","--",TEXT(MIN(C12,H12)/MAX(C12,H12),"0.000%")) -> -- | P12: =IF(OR(ISNUMBER(SEARCH("ERROR", D12)), ISNUMBER(SEARCH("ERROR", I12)), ISNUMBER(SEARCH("TIME OUT", D12)), ISNUMBER(SEARCH("TIME OUT", I12))),"--",D12-I12) -> -- | Q12: =IF(AND(OR(ISNUMBER(SEARCH("TIME OUT", D12)), ISNUMBER(SEARCH("ERROR", D12))), OR(ISNUMBER(SEARCH("TIME OUT", I12)), ISNUMBER(SEARCH("ERROR", I12)))), "--", IF(OR(ISNUMBER(SEARCH("TIME OUT", D12)), ISNUMBER(SEARCH("ERROR", D12))), "QE", IF(OR(ISNUMBER(SEARCH("TIME OUT", I12)), ISNUMBER(SEARCH("ERROR", I12))), "RC", IF(P12=0, "TIE", IF(P12>0, "QE", "RC"))))) -> RC | R12: =IF(P12="--","--",TEXT(MIN(D12,I12)/MAX(D12,I12),"0.000%")) -> -- | S12: =IF(OR(ISNUMBER(SEARCH("ERROR", E12)), ISNUMBER(SEARCH("ERROR", J12)), ISNUMBER(SEARCH("TIME OUT", E12)), ISNUMBER(SEARCH("TIME OUT", J12))),"--",E12-J12) -> -- | T12: =IF(AND(OR(ISNUMBER(SEARCH("TIME OUT", E12)), ISNUMBER(SEARCH("ERROR", E12))), OR(ISNUMBER(SEARCH("TIME OUT", J12)), ISNUMBER(SEARCH("ERROR", J12)))), "--", IF(OR(ISNUMBER(SEARCH("TIME OUT", E12)), ISNUMBER(SEARCH("ERROR", E12))), "QE", IF(OR(ISNUMBER(SEARCH("TIME OUT", J12)), ISNUMBER(SEARCH("ERROR", J12))), "RC", IF(S12=0, "TIE", IF(S12>0, "QE", "RC"))))) -> RC | U12: =IF(S12="--","--",TEXT(MIN(E12,J12)/MAX(E12,J12),"0.000%")) -> -- | V12: =IF(OR(ISNUMBER(SEARCH("ERROR", F12)), ISNUMBER(SEARCH("ERROR", K12)), ISNUMBER(SEARCH("TIME OUT", F12)), ISNUMBER(SEARCH("TIME OUT", K12))),"--",F12-K12) -> -- | W12: =IF(AND(OR(ISNUMBER(SEARCH("TIME OUT", F12)), ISNUMBER(SEARCH("ERROR", F12))), OR(ISNUMBER(SEARCH("TIME OUT", K12)), ISNUMBER(SEARCH("ERROR", K12)))), "--", IF(OR(ISNUMBER(SEARCH("TIME OUT", F12)), ISNUMBER(SEARCH("ERROR", F12))), "QE", IF(OR(ISNUMBER(SEARCH("TIME OUT", K12)), ISNUMBER(SEARCH("ERROR", K12))), "RC", IF(V12=0, "TIE", IF(V12>0, "QE", "RC"))))) -> RC | X12: =IF(V12="--","--",TEXT(MIN(F12,K12)/MAX(F12,K12),"0.000%")) -> --
A13: 31 | B13: [skoE, skoR, skoX] | C13: 2329616 | D13: 0.0156 | E13: 0.0161 | F13: 9 | G13: [skoE, skoR, skoX] | H13: 4424440 | I13: 0.05 | J13: 0.0491 | K13: 57 | L13: =IF(OR(ISNUMBER(SEARCH("ERROR", B13)), ISNUMBER(SEARCH("ERROR", G13)), ISNUMBER(SEARCH("TIME OUT", B13)), ISNUMBER(SEARCH("TIME OUT", G13))), "--", B13=G13) -> TRUE | M13: =IF(OR(ISNUMBER(SEARCH("ERROR", C13)), ISNUMBER(SEARCH("ERROR", H13)), ISNUMBER(SEARCH("TIME OUT", C13)), ISNUMBER(SEARCH("TIME OUT", H13))),"--",C13-H13) -> -2094824 | N13: =IF(AND(OR(ISNUMBER(SEARCH("TIME OUT", C13)), ISNUMBER(SEARCH("ERROR", C13))), OR(ISNUMBER(SEARCH("TIME OUT", H13)), ISNUMBER(SEARCH("ERROR", H13)))), "--", IF(OR(ISNUMBER(SEARCH("TIME OUT", C13)), ISNUMBER(SEARCH("ERROR", C13))), "QE", IF(OR(ISNUMBER(SEARCH("TIME OUT", H13)), ISNUMBER(SEARCH("ERROR", H13))), "RC", IF(M13=0, "TIE", IF(M13>0, "QE", "RC"))))) -> RC | O13: =IF(M13="--","--",TEXT(MIN(C13,H13)/MAX(C13,H13),"0.000%")) -> 52.653% | P13: =IF(OR(ISNUMBER(SEARCH("ERROR", D13)), ISNUMBER(SEARCH("ERROR", I13)), ISNUMBER(SEARCH("TIME OUT", D13)), ISNUMBER(SEARCH("TIME OUT", I13))),"--",D13-I13) -> -0.0344 | Q13: =IF(AND(OR(ISNUMBER(SEARCH("TIME OUT", D13)), ISNUMBER(SEARCH("ERROR", D13))), OR(ISNUMBER(SEARCH("TIME OUT", I13)), ISNUMBER(SEARCH("ERROR", I13)))), "--", IF(OR(ISNUMBER(SEARCH("TIME OUT", D13)), ISNUMBER(SEARCH("ERROR", D13))), "QE", IF(OR(ISNUMBER(SEARCH("TIME OUT", I13)), ISNUMBER(SEARCH("ERROR", I13))), "RC", IF(P13=0, "TIE", IF(P13>0, "QE", "RC"))))) -> RC | R13: =IF(P13="--","--",TEXT(MIN(D13,I13)/MAX(D13,I13),"0.000%")) -> 31.200% | S13: =IF(OR(ISNUMBER(SEARCH("ERROR", E13)), ISNUMBER(SEARCH("ERROR", J13)), ISNUMBER(SEARCH("TIME OUT", E13)), ISNUMBER(SEARCH("TIME OUT", J13))),"--",E13-J13) -> -0.033 | T13: =IF(AND(OR(ISNUMBER(SEARCH("TIME OUT", E13)), ISNUMBER(SEARCH("ERROR", E13))), OR(ISNUMBER(SEARCH("TIME OUT", J13)), ISNUMBER(SEARCH("ERROR", J13)))), "--", IF(OR(ISNUMBER(SEARCH("TIME OUT", E13)), ISNUMBER(SEARCH("ERROR", E13))), "QE", IF(OR(ISNUMBER(SEARCH("TIME OUT", J13)), ISNUMBER(SEARCH("ERROR", J13))), "RC", IF(S13=0, "TIE", IF(S13>0, "QE", "RC"))))) -> RC | U13: =IF(S13="--","--",TEXT(MIN(E13,J13)/MAX(E13,J13),"0.000%")) -> 32.790% | V13: =IF(OR(ISNUMBER(SEARCH("ERROR", F13)), ISNUMBER(SEARCH("ERROR", K13)), ISNUMBER(SEARCH("TIME OUT", F13)), ISNUMBER(SEARCH("TIME OUT", K13))),"--",F13-K13) -> -48 | W13: =IF(AND(OR(ISNUMBER(SEARCH("TIME OUT", F13)), ISNUMBER(SEARCH("ERROR", F13))), OR(ISNUMBER(SEARCH("TIME OUT", K13)), ISNUMBER(SEARCH("ERROR", K13)))), "--", IF(OR(ISNUMBER(SEARCH("TIME OUT", F13)), ISNUMBER(SEARCH("ERROR", F13))), "QE", IF(OR(ISNUMBER(SEARCH("TIME OUT", K13)), ISNUMBER(SEARCH("ERROR", K13))), "RC", IF(V13=0, "TIE", IF(V13>0, "QE", "RC"))))) -> RC | X13: =IF(V13="--","--",TEXT(MIN(F13,K13)/MAX(F13,K13),"0.000%")) -> 15.789% | AA13: memory | AC13: cputime | AE13: realtime | AG13: cells
A14: 32 | B14: [skoE, skoR, skoX] | C14: 1736508348 | D14: 19.8515 | E14: 16.2543 | F14: 13005 | G14: TIME OUT | H14: TIME OUT | I14: TIME OUT | J14: TIME OUT | K14: TIME OUT | L14: =IF(OR(ISNUMBER(SEARCH("ERROR", B14)), ISNUMBER(SEARCH("ERROR", G14)), ISNUMBER(SEARCH("TIME OUT", B14)), ISNUMBER(SEARCH("TIME OUT", G14))), "--", B14=G14) -> -- | M14: =IF(OR(ISNUMBER(SEARCH("ERROR", C14)), ISNUMBER(SEARCH("ERROR", H14)), ISNUMBER(SEARCH("TIME OUT", C14)), ISNUMBER(SEARCH("TIME OUT", H14))),"--",C14-H14) -> -- | N14: =IF(AND(OR(ISNUMBER(SEARCH("TIME OUT", C14)), ISNUMBER(SEARCH("ERROR", C14))), OR(ISNUMBER(SEARCH("TIME OUT", H14)), ISNUMBER(SEARCH("ERROR", H14)))), "--", IF(OR(ISNUMBER(SEARCH("TIME OUT", C14)), ISNUMBER(SEARCH("ERROR", C14))), "QE", IF(OR(ISNUMBER(SEARCH("TIME OUT", H14)), ISNUMBER(SEARCH("ERROR", H14))), "RC", IF(M14=0, "TIE", IF(M14>0, "QE", "RC"))))) -> RC | O14: =IF(M14="--","--",TEXT(MIN(C14,H14)/MAX(C14,H14),"0.000%")) -> -- | P14: =IF(OR(ISNUMBER(SEARCH("ERROR", D14)), ISNUMBER(SEARCH("ERROR", I14)), ISNUMBER(SEARCH("TIME OUT", D14)), ISNUMBER(SEARCH("TIME OUT", I14))),"--",D14-I14) -> -- | Q14: =IF(AND(OR(ISNUMBER(SEARCH("TIME OUT", D14)), ISNUMBER(SEARCH("ERROR", D14))), OR(ISNUMBER(SEARCH("TIME OUT", I14)), ISNUMBER(SEARCH("ERROR", I14)))), "--", IF(OR(ISNUMBER(SEARCH("TIME OUT", D14)), ISNUMBER(SEARCH("ERROR", D14))), "QE", IF(OR(ISNUMBER(SEARCH("TIME OUT", I14)), ISNUMBER(SEARCH("ERROR", I14))), "RC", IF(P14=0, "TIE", IF(P14>0, "QE", "RC"))))) -> RC | R14: =IF(P14="--","--",TEXT(MIN(D14,I14)/MAX(D14,I14),"0.000%")) -> -- | S14: =IF(OR(ISNUMBER(SEARCH("ERROR", E14)), ISNUMBER(SEARCH("ERROR", J14)), ISNUMBER(SEARCH("TIME OUT", E14)), ISNUMBER(SEARCH("TIME OUT", J14))),"--",E14-J14) -> -- | T14: =IF(AND(OR(ISNUMBER(SEARCH("TIME OUT", E14)), ISNUMBER(SEARCH("ERROR", E14))), OR(ISNUMBER(SEARCH("TIME OUT", J14)), ISNUMBER(SEARCH("ERROR", J14)))), "--", IF(OR(ISNUMBER(SEARCH("TIME OUT", E14)), ISNUMBER(SEARCH("ERROR", E14))), "QE", IF(OR(ISNUMBER(SEARCH("TIME OUT", J14)), ISNUMBER(SEARCH("ERROR", J14))), "RC", IF(S14=0, "TIE", IF(S14>0, "QE", "RC"))))) -> RC | U14: =IF(S14="--","--",TEXT(MIN(E14,J14)/MAX(E14,J14),"0.000%")) -> -- | V14: =IF(OR(ISNUMBER(SEARCH("ERROR", F14)), ISNUMBER(SEARCH("ERROR", K14)), ISNUMBER(SEARCH("TIME OUT", F14)), ISNUMBER(SEARCH("TIME OUT", K14))),"--",F14-K14) -> -- | W14: =IF(AND(OR(ISNUMBER(SEARCH("TIME OUT", F14)), ISNUMBER(SEARCH("ERROR", F14))), OR(ISNUMBER(SEARCH("TIME OUT", K14)), ISNUMBER(SEARCH("ERROR", K14)))), "--", IF(OR(ISNUMBER(SEARCH("TIME OUT", F14)), ISNUMBER(SEARCH("ERROR", F14))), "QE", IF(OR(ISNUMBER(SEARCH("TIME OUT", K14)), ISNUMBER(SEARCH("ERROR", K14))), "RC", IF(V14=0, "TIE", IF(V14>0, "QE", "RC"))))) -> RC | X14: =IF(V14="--","--",TEXT(MIN(F14,K14)/MAX(F14,K14),"0.000%")) -> -- | Z14: RC | AA14: =COUNTIF(N:N,$Z7)-COUNTIFS(N:N,$Z7,O:O,"--") -> 4 | AB14: =AA14/AA$11 -> 0.059701493 | AC14: =COUNTIF(Q:Q,$Z7)-COUNTIFS(Q:Q,$Z7,R:R,"--") -> 4 | AD14: =AC14/AC$11 -> 0.059701493 | AE14: =COUNTIF(T:T,$Z7)-COUNTIFS(T:T,$Z7,U:U,"--") -> 4 | AF14: =AE14/AE$11 -> 0.059701493 | AG14: =COUNTIF(W:W,$Z7)-COUNTIFS(W:W,$Z7,X:X,"--") -> 4 | AH14: =AG14/AG$11 -> 0.059701493
A15: 33 | B15: [skoE, skoR, skoX] | C15: 1745061377 | D15: 19.8422 | E15: 16.1832 | F15: 13005 | G15: TIME OUT | H15: TIME OUT | I15: TIME OUT | J15: TIME OUT | K15: TIME OUT | L15: =IF(OR(ISNUMBER(SEARCH("ERROR", B15)), ISNUMBER(SEARCH("ERROR", G15)), ISNUMBER(SEARCH("TIME OUT", B15)), ISNUMBER(SEARCH("TIME OUT", G15))), "--", B15=G15) -> -- | M15: =IF(OR(ISNUMBER(SEARCH("ERROR", C15)), ISNUMBER(SEARCH("ERROR", H15)), ISNUMBER(SEARCH("TIME OUT", C15)), ISNUMBER(SEARCH("TIME OUT", H15))),"--",C15-H15) -> -- | N15: =IF(AND(OR(ISNUMBER(SEARCH("TIME OUT", C15)), ISNUMBER(SEARCH("ERROR", C15))), OR(ISNUMBER(SEARCH("TIME OUT", H15)), ISNUMBER(SEARCH("ERROR", H15)))), "--", IF(OR(ISNUMBER(SEARCH("TIME OUT", C15)), ISNUMBER(SEARCH("ERROR", C15))), "QE", IF(OR(ISNUMBER(SEARCH("TIME OUT", H15)), ISNUMBER(SEARCH("ERROR", H15))), "RC", IF(M15=0, "TIE", IF(M15>0, "QE", "RC"))))) -> RC | O15: =IF(M15="--","--",TEXT(MIN(C15,H15)/MAX(C15,H15),"0.000%")) -> -- | P15: =IF(OR(ISNUMBER(SEARCH("ERROR", D15)), ISNUMBER(SEARCH("ERROR", I15)), ISNUMBER(SEARCH("TIME OUT", D15)), ISNUMBER(SEARCH("TIME OUT", I15))),"--",D15-I15) -> -- | Q15: =IF(AND(OR(ISNUMBER(SEARCH("TIME OUT", D15)), ISNUMBER(SEARCH("ERROR", D15))), OR(ISNUMBER(SEARCH("TIME OUT", I15)), ISNUMBER(SEARCH("ERROR", I15)))), "--", IF(OR(ISNUMBER(SEARCH("TIME OUT", D15)), ISNUMBER(SEARCH("ERROR", D15))), "QE", IF(OR(ISNUMBER(SEARCH("TIME OUT", I15)), ISNUMBER(SEARCH("ERROR", I15))), "RC", IF(P15=0, "TIE", IF(P15>0, "QE", "RC"))))) -> RC | R15: =IF(P15="--","--",TEXT(MIN(D15,I15)/MAX(D15,I15),"0.000%")) -> -- | S15: =IF(OR(ISNUMBER(SEARCH("ERROR", E15)), ISNUMBER(SEARCH("ERROR", J15)), ISNUMBER(SEARCH("TIME OUT", E15)), ISNUMBER(SEARCH("TIME OUT", J15))),"--",E15-J15) -> -- | T15: =IF(AND(OR(ISNUMBER(SEARCH("TIME OUT", E15)), ISNUMBER(SEARCH("ERROR", E15))), OR(ISNUMBER(SEARCH("TIME OUT", J15)), ISNUMBER(SEARCH("ERROR", J15)))), "--", IF(OR(ISNUMBER(SEARCH("TIME OUT", E15)), ISNUMBER(SEARCH("ERROR", E15))), "QE", IF(OR(ISNUMBER(SEARCH("TIME OUT", J15)), ISNUMBER(SEARCH("ERROR", J15))), "RC", IF(S15=0, "TIE", IF(S15>0, "QE", "RC"))))) -> RC | U15: =IF(S15="--","--",TEXT(MIN(E15,J15)/MAX(E15,J15),"0.000%")) -> -- | V15: =IF(OR(ISNUMBER(SEARCH("ERROR", F15)), ISNUMBER(SEARCH("ERROR", K15)), ISNUMBER(SEARCH("TIME OUT", F15)), ISNUMBER(SEARCH("TIME OUT", K15))),"--",F15-K15) -> -- | W15: =IF(AND(OR(ISNUMBER(SEARCH("TIME OUT", F15)), ISNUMBER(SEARCH("ERROR", F15))), OR(ISNUMBER(SEARCH("TIME OUT", K15)), ISNUMBER(SEARCH("ERROR", K15)))), "--", IF(OR(ISNUMBER(SEARCH("TIME OUT", F15)), ISNUMBER(SEARCH("ERROR", F15))), "QE", IF(OR(ISNUMBER(SEARCH("TIME OUT", K15)), ISNUMBER(SEARCH("ERROR", K15))), "RC", IF(V15=0, "TIE", IF(V15>0, "QE", "RC"))))) -> RC | X15: =IF(V15="--","--",TEXT(MIN(F15,K15)/MAX(F15,K15),"0.000%")) -> -- | Z15: QE | AA15: =COUNTIF(N:N,$Z8)-COUNTIFS(N:N,$Z8,O:O,"--") -> 10 | AB15: =AA15/AA$11 -> 0.14925373 | AC15: =COUNTIF(Q:Q,$Z8)-COUNTIFS(Q:Q,$Z8,R:R,"--") -> 10 | AD15: =AC15/AC$11 -> 0.14925373 | AE15: =COUNTIF(T:T,$Z8)-COUNTIFS(T:T,$Z8,U:U,"--") -> 10 | AF15: =AE15/AE$11 -> 0.14925373 | AG15: =COUNTIF(W:W,$Z8)-COUNTIFS(W:W,$Z8,X:X,"--") -> 0 | AH15: =AG15/AG$11 -> 0
A16: 34 | B16: [skoE, skoR, skoX] | C16: 1745288586 | D16: 19.9328 | E16: 16.2109 | F16: 13005 | G16: TIME OUT | H16: TIME OUT | I16: TIME OUT | J16: TIME OUT | K16: TIME OUT | L16: =IF(OR(ISNUMBER(SEARCH("ERROR", B16)), ISNUMBER(SEARCH("ERROR", G16)), ISNUMBER(SEARCH("TIME OUT", B16)), ISNUMBER(SEARCH("TIME OUT", G16))), "--", B16=G16) -> -- | M16: =IF(OR(ISNUMBER(SEARCH("ERROR", C16)), ISNUMBER(SEARCH("ERROR", H16)), ISNUMBER(SEARCH("TIME OUT", C16)), ISNUMBER(SEARCH("TIME OUT", H16))),"--",C16-H16) -> -- | N16: =IF(AND(OR(ISNUMBER(SEARCH("TIME OUT", C16)), ISNUMBER(SEARCH("ERROR", C16))), OR(ISNUMBER(SEARCH("TIME OUT", H16)), ISNUMBER(SEARCH("ERROR", H16)))), "--", IF(OR(ISNUMBER(SEARCH("TIME OUT", C16)), ISNUMBER(SEARCH("ERROR", C16))), "QE", IF(OR(ISNUMBER(SEARCH("TIME OUT", H16)), ISNUMBER(SEARCH("ERROR", H16))), "RC", IF(M16=0, "TIE", IF(M16>0, "QE", "RC"))))) -> RC | O16: =IF(M16="--","--",TEXT(MIN(C16,H16)/MAX(C16,H16),"0.000%")) -> -- | P16: =IF(OR(ISNUMBER(SEARCH("ERROR", D16)), ISNUMBER(SEARCH("ERROR", I16)), ISNUMBER(SEARCH("TIME OUT", D16)), ISNUMBER(SEARCH("TIME OUT", I16))),"--",D16-I16) -> -- | Q16: =IF(AND(OR(ISNUMBER(SEARCH("TIME OUT", D16)), ISNUMBER(SEARCH("ERROR", D16))), OR(ISNUMBER(SEARCH("TIME OUT", I16)), ISNUMBER(SEARCH("ERROR", I16)))), "--", IF(OR(ISNUMBER(SEARCH("TIME OUT", D16)), ISNUMBER(SEARCH("ERROR", D16))), "QE", IF(OR(ISNUMBER(SEARCH("TIME OUT", I16)), ISNUMBER(SEARCH("ERROR", I16))), "RC", IF(P16=0, "TIE", IF(P16>0, "QE", "RC"))))) -> RC | R16: =IF(P16="--","--",TEXT(MIN(D16,I16)/MAX(D16,I16),"0.000%")) -> -- | S16: =IF(OR(ISNUMBER(SEARCH("ERROR", E16)), ISNUMBER(SEARCH("ERROR", J16)), ISNUMBER(SEARCH("TIME OUT", E16)), ISNUMBER(SEARCH("TIME OUT", J16))),"--",E16-J16) -> -- | T16: =IF(AND(OR(ISNUMBER(SEARCH("TIME OUT", E16)), ISNUMBER(SEARCH("ERROR", E16))), OR(ISNUMBER(SEARCH("TIME OUT", J16)), ISNUMBER(SEARCH("ERROR", J16)))), "--", IF(OR(ISNUMBER(SEARCH("TIME OUT", E16)), ISNUMBER(SEARCH("ERROR", E16))), "QE", IF(OR(ISNUMBER(SEARCH("TIME OUT", J16)), ISNUMBER(SEARCH("ERROR", J16))), "RC", IF(S16=0, "TIE", IF(S16>0, "QE", "RC"))))) -> RC | U16: =IF(S16="--","--",TEXT(MIN(E16,J16)/MAX(E16,J16),"0.000%")) -> -- | V16: =IF(OR(ISNUMBER(SEARCH("ERROR", F16)), ISNUMBER(SEARCH("ERROR", K16)), ISNUMBER(SEARCH("TIME OUT", F16)), ISNUMBER(SEARCH("TIME OUT", K16))),"--",F16-K16) -> -- | W16: =IF(AND(OR(ISNUMBER(SEARCH("TIME OUT", F16)), ISNUMBER(SEARCH("ERROR", F16))), OR(ISNUMBER(SEARCH("TIME OUT", K16)), ISNUMBER(SEARCH("ERROR", K16)))), "--", IF(OR(ISNUMBER(SEARCH("TIME OUT", F16)), ISNUMBER(SEARCH("ERROR", F16))), "QE", IF(OR(ISNUMBER(SEARCH("TIME OUT", K16)), ISNUMBER(SEARCH("ERROR", K16))), "RC", IF(V16=0, "TIE", IF(V16>0, "QE", "RC"))))) -> RC | X16: =IF(V16="--","--",TEXT(MIN(F16,K16)/MAX(F16,K16),"0.000%")) -> -- | Z16: TIE | AA16: =COUNTIF(N:N,$Z9)-COUNTIFS(N:N,$Z9,O:O,"--") -> 0 | AB16: =AA16/AA$11 -> 0 | AC16: =COUNTIF(Q:Q,$Z9)-COUNTIFS(Q:Q,$Z9,R:R,"--") -> 0 | AD16: =AC16/AC$11 -> 0 | AE16: =COUNTIF(T:T,$Z9)-COUNTIFS(T:T,$Z9,U:U,"--") -> 0 | AF16: =AE16/AE$11 -> 0 | AG16: =COUNTIF(W:W,$Z9)-COUNTIFS(W:W,$Z9,X:X,"--") -> 10 | AH16: =AG16/AG$11 -> 0.14925373
A17: 36 | B17: [skoE, skoR, skoX] | C17: 4960122087 | D17: 59.9641 | E17: 46.5638 | F17: 33047 | G17: TIME OUT | H17: TIME OUT | I17: TIME OUT | J17: TIME OUT | K17: TIME OUT | L17: =IF(OR(ISNUMBER(SEARCH("ERROR", B17)), ISNUMBER(SEARCH("ERROR", G17)), ISNUMBER(SEARCH("TIME OUT", B17)), ISNUMBER(SEARCH("TIME OUT", G17))), "--", B17=G17) -> -- | M17: =IF(OR(ISNUMBER(SEARCH("ERROR", C17)), ISNUMBER(SEARCH("ERROR", H17)), ISNUMBER(SEARCH("TIME OUT", C17)), ISNUMBER(SEARCH("TIME OUT", H17))),"--",C17-H17) -> -- | N17: =IF(AND(OR(ISNUMBER(SEARCH("TIME OUT", C17)), ISNUMBER(SEARCH("ERROR", C17))), OR(ISNUMBER(SEARCH("TIME OUT", H17)), ISNUMBER(SEARCH("ERROR", H17)))), "--", IF(OR(ISNUMBER(SEARCH("TIME OUT", C17)), ISNUMBER(SEARCH("ERROR", C17))), "QE", IF(OR(ISNUMBER(SEARCH("TIME OUT", H17)), ISNUMBER(SEARCH("ERROR", H17))), "RC", IF(M17=0, "TIE", IF(M17>0, "QE", "RC"))))) -> RC | O17: =IF(M17="--","--",TEXT(MIN(C17,H17)/MAX(C17,H17),"0.000%")) -> -- | P17: =IF(OR(ISNUMBER(SEARCH("ERROR", D17)), ISNUMBER(SEARCH("ERROR", I17)), ISNUMBER(SEARCH("TIME OUT", D17)), ISNUMBER(SEARCH("TIME OUT", I17))),"--",D17-I17) -> -- | Q17: =IF(AND(OR(ISNUMBER(SEARCH("TIME OUT", D17)), ISNUMBER(SEARCH("ERROR", D17))), OR(ISNUMBER(SEARCH("TIME OUT", I17)), ISNUMBER(SEARCH("ERROR", I17)))), "--", IF(OR(ISNUMBER(SEARCH("TIME OUT", D17)), ISNUMBER(SEARCH("ERROR", D17))), "QE", IF(OR(ISNUMBER(SEARCH("TIME OUT", I17)), ISNUMBER(SEARCH("ERROR", I17))), "RC", IF(P17=0, "TIE", IF(P17>0, "QE", "RC"))))) -> RC | R17: =IF(P17="--","--",TEXT(MIN(D17,I17)/MAX(D17,I17),"0.000%")) -> -- | S17: =IF(OR(ISNUMBER(SEARCH("ERROR", E17)), ISNUMBER(SEARCH("ERROR", J17)), ISNUMBER(SEARCH("TIME OUT", E17)), ISNUMBER(SEARCH("TIME OUT", J17))),"--",E17-J17) -> -- | T17: =IF(AND(OR(ISNUMBER(SEARCH("TIME OUT", E17)), ISNUMBER(SEARCH("ERROR", E17))), OR(ISNUMBER(SEARCH("TIME OUT", J17)), ISNUMBER(SEARCH("ERROR", J17)))), "--", IF(OR(ISNUMBER(SEARCH("TIME OUT", E17)), ISNUMBER(SEARCH("ERROR", E17))), "QE", IF(OR(ISNUMBER(SEARCH("TIME OUT", J17)), ISNUMBER(SEARCH("ERROR", J17))), "RC", IF(S17=0, "TIE", IF(S17>0, "QE", "RC"))))) -> RC | U17: =IF(S17="--","--",TEXT(MIN(E17,J17)/MAX(E17,J17),"0.000%")) -> -- | V17: =IF(OR(ISNUMBER(SEARCH("ERROR", F17)), ISNUMBER(SEARCH("ERROR", K17)), ISNUMBER(SEARCH("TIME OUT", F17)), ISNUMBER(SEARCH("TIME OUT", K17))),"--",F17-K17) -> -- | W17: =IF(AND(OR(ISNUMBER(SEARCH("TIME OUT", F17)), ISNUMBER(SEARCH("ERROR", F17))), OR(ISNUMBER(SEARCH("TIME OUT", K17)), ISNUMBER(SEARCH("ERROR", K17)))), "--", IF(OR(ISNUMBER(SEARCH("TIME OUT", F17)), ISNUMBER(SEARCH("ERROR", F17))), "QE", IF(OR(ISNUMBER(SEARCH("TIME OUT", K17)), ISNUMBER(SEARCH("ERROR", K17))), "RC", IF(V17=0, "TIE", IF(V17>0, "QE", "RC"))))) -> RC | X17: =IF(V17="--","--",TEXT(MIN(F17,K17)/MAX(F17,K17),"0.000%")) -> -- | Z17: -- | AA17: =COUNTIF(O:O,"--") -> 53 | AB17: =AA17/AA$11 -> 0.79104478 | AC17: =COUNTIF(R:R,"--") -> 53 | AD17: =AC17/AC$11 -> 0.79104478 | AE17: =COUNTIF(U:U,"--") -> 53 | AF17: =AE17/AE$11 -> 0.79104478 | AG17: =COUNTIF(X:X,"--") -> 53 | AH17: =AG17/AG$11 -> 0.79104478
A18: 38 | B18: [skoE, skoR, skoX] | C18: 4956943306 | D18: 60.164 | E18: 46.4364 | F18: 33047 | G18: TIME OUT | H18: TIME OUT | I18: TIME OUT | J18: TIME OUT | K18: TIME OUT | L18: =IF(OR(ISNUMBER(SEARCH("ERROR", B18)), ISNUMBER(SEARCH("ERROR", G18)), ISNUMBER(SEARCH("TIME OUT", B18)), ISNUMBER(SEARCH("TIME OUT", G18))), "--", B18=G18) -> -- | M18: =IF(OR(ISNUMBER(SEARCH("ERROR", C18)), ISNUMBER(SEARCH("ERROR", H18)), ISNUMBER(SEARCH("TIME OUT", C18)), ISNUMBER(SEARCH("TIME OUT", H18))),"--",C18-H18) -> -- | N18: =IF(AND(OR(ISNUMBER(SEARCH("TIME OUT", C18)), ISNUMBER(SEARCH("ERROR", C18))), OR(ISNUMBER(SEARCH("TIME OUT", H18)), ISNUMBER(SEARCH("ERROR", H18)))), "--", IF(OR(ISNUMBER(SEARCH("TIME OUT", C18)), ISNUMBER(SEARCH("ERROR", C18))), "QE", IF(OR(ISNUMBER(SEARCH("TIME OUT", H18)), ISNUMBER(SEARCH("ERROR", H18))), "RC", IF(M18=0, "TIE", IF(M18>0, "QE", "RC"))))) -> RC | O18: =IF(M18="--","--",TEXT(MIN(C18,H18)/MAX(C18,H18),"0.000%")) -> -- | P18: =IF(OR(ISNUMBER(SEARCH("ERROR", D18)), ISNUMBER(SEARCH("ERROR", I18)), ISNUMBER(SEARCH("TIME OUT", D18)), ISNUMBER(SEARCH("TIME OUT", I18))),"--",D18-I18) -> -- | Q18: =IF(AND(OR(ISNUMBER(SEARCH("TIME OUT", D18)), ISNUMBER(SEARCH("ERROR", D18))), OR(ISNUMBER(SEARCH("TIME OUT", I18)), ISNUMBER(SEARCH("ERROR", I18)))), "--", IF(OR(ISNUMBER(SEARCH("TIME OUT", D18)), ISNUMBER(SEARCH("ERROR", D18))), "QE", IF(OR(ISNUMBER(SEARCH("TIME OUT", I18)), ISNUMBER(SEARCH("ERROR", I18))), "RC", IF(P18=0, "TIE", IF(P18>0, "QE", "RC"))))) -> RC | R18: =IF(P18="--","--",TEXT(MIN(D18,I18)/MAX(D18,I18),"0.000%")) -> -- | S18: =IF(OR(ISNUMBER(SEARCH("ERROR", E18)), ISNUMBER(SEARCH("ERROR", J18)), ISNUMBER(SEARCH("TIME OUT", E18)), ISNUMBER(SEARCH("TIME OUT", J18))),"--",E18-J18) -> -- | T18: =IF(AND(OR(ISNUMBER(SEARCH("TIME OUT", E18)), ISNUMBER(SEARCH("ERROR", E18))), OR(ISNUMBER(SEARCH("TIME OUT", J18)), ISNUMBER(SEARCH("ERROR", J18)))), "--", IF(OR(ISNUMBER(SEARCH("TIME OUT", E18)), ISNUMBER(SEARCH("ERROR", E18))), "QE", IF(OR(ISNUMBER(SEARCH("TIME OUT", J18)), ISNUMBER(SEARCH("ERROR", J18))), "RC", IF(S18=0, "TIE", IF(S18>0, "QE", "RC"))))) -> RC | U18: =IF(S18="--","--",TEXT(MIN(E18,J18)/MAX(E18,J18),"0.000%")) -> -- | V18: =IF(OR(ISNUMBER(SEARCH("ERROR", F18)), ISNUMBER(SEARCH("ERROR", K18)), ISNUMBER(SEARCH("TIME OUT", F18)), ISNUMBER(SEARCH("TIME OUT", K18))),"--",F18-K18) -> -- | W18: =IF(AND(OR(ISNUMBER(SEARCH("TIME OUT", F18)), ISNUMBER(SEARCH("ERROR", F18))), OR(ISNUMBER(SEARCH("TIME OUT", K18)), ISNUMBER(SEARCH("ERROR", K18)))), "--", IF(OR(ISNUMBER(SEARCH("TIME OUT", F18)), ISNUMBER(SEARCH("ERROR", F18))), "QE", IF(OR(ISNUMBER(SEARCH("TIME OUT", K18)), ISNUMBER(SEARCH("ERROR", K18))), "RC", IF(V18=0, "TIE", IF(V18>0, "QE", "RC"))))) -> RC | X18: =IF(V18="--","--",TEXT(MIN(F18,K18)/MAX(F18,K18),"0.000%")) -> -- | Z18: total | AA18: =COUNTA(N:N)-1 -> 67 | AB18: =AA18/AA$11 -> 1 | AC18: =COUNTA(O:O)-1 -> 67 | AD18: =AC18/AC$11 -> 1 | AE18: =COUNTA(P:P)-1 -> 67 | AF18: =AE18/AE$11 -> 1 | AG18: =COUNTA(Q:Q)-1 -> 67 | AH18: =AG18/AG$11 -> 1
A19: 40 | B19: [skoE, skoR, skoX] | C19: 4678431006 | D19: 56.7532 | E19: 43.8675 | F19: 28799 | G19: TIME OUT | H19: TIME OUT | I19: TIME OUT | J19: TIME OUT | K19: TIME OUT | L19: =IF(OR(ISNUMBER(SEARCH("ERROR", B19)), ISNUMBER(SEARCH("ERROR", G19)), ISNUMBER(SEARCH("TIME OUT", B19)), ISNUMBER(SEARCH("TIME OUT", G19))), "--", B19=G19) -> -- | M19: =IF(OR(ISNUMBER(SEARCH("ERROR", C19)), ISNUMBER(SEARCH("ERROR", H19)), ISNUMBER(SEARCH("TIME OUT", C19)), ISNUMBER(SEARCH("TIME OUT", H19))),"--",C19-H19) -> -- | N19: =IF(AND(OR(ISNUMBER(SEARCH("TIME OUT", C19)), ISNUMBER(SEARCH("ERROR", C19))), OR(ISNUMBER(SEARCH("TIME OUT", H19)), ISNUMBER(SEARCH("ERROR", H19)))), "--", IF(OR(ISNUMBER(SEARCH("TIME OUT", C19)), ISNUMBER(SEARCH("ERROR", C19))), "QE", IF(OR(ISNUMBER(SEARCH("TIME OUT", H19)), ISNUMBER(SEARCH("ERROR", H19))), "RC", IF(M19=0, "TIE", IF(M19>0, "QE", "RC"))))) -> RC | O19: =IF(M19="--","--",TEXT(MIN(C19,H19)/MAX(C19,H19),"0.000%")) -> -- | P19: =IF(OR(ISNUMBER(SEARCH("ERROR", D19)), ISNUMBER(SEARCH("ERROR", I19)), ISNUMBER(SEARCH("TIME OUT", D19)), ISNUMBER(SEARCH("TIME OUT", I19))),"--",D19-I19) -> -- | Q19: =IF(AND(OR(ISNUMBER(SEARCH("TIME OUT", D19)), ISNUMBER(SEARCH("ERROR", D19))), OR(ISNUMBER(SEARCH("TIME OUT", I19)), ISNUMBER(SEARCH("ERROR", I19)))), "--", IF(OR(ISNUMBER(SEARCH("TIME OUT", D19)), ISNUMBER(SEARCH("ERROR", D19))), "QE", IF(OR(ISNUMBER(SEARCH("TIME OUT", I19)), ISNUMBER(SEARCH("ERROR", I19))), "RC", IF(P19=0, "TIE", IF(P19>0, "QE", "RC"))))) -> RC | R19: =IF(P19="--","--",TEXT(MIN(D19,I19)/MAX(D19,I19),"0.000%")) -> -- | S19: =IF(OR(ISNUMBER(SEARCH("ERROR", E19)), ISNUMBER(SEARCH("ERROR", J19)), ISNUMBER(SEARCH("TIME OUT", E19)), ISNUMBER(SEARCH("TIME OUT", J19))),"--",E19-J19) -> -- | T19: =IF(AND(OR(ISNUMBER(SEARCH("TIME OUT", E19)), ISNUMBER(SEARCH("ERROR", E19))), OR(ISNUMBER(SEARCH("TIME OUT", J19)), ISNUMBER(SEARCH("ERROR", J19)))), "--", IF(OR(ISNUMBER(SEARCH("TIME OUT", E19)), ISNUMBER(SEARCH("ERROR", E19))), "QE", IF(OR(ISNUMBER(SEARCH("TIME OUT", J19)), ISNUMBER(SEARCH("ERROR", J19))), "RC", IF(S19=0, "TIE", IF(S19>0, "QE", "RC"))))) -> RC | U19: =IF(S19="--","--",TEXT(MIN(E19,J19)/MAX(E19,J19),"0.000%")) -> -- | V19: =IF(OR(ISNUMBER(SEARCH("ERROR", F19)), ISNUMBER(SEARCH("ERROR", K19)), ISNUMBER(SEARCH("TIME OUT", F19)), ISNUMBER(SEARCH("TIME OUT", K19))),"--",F19-K19) -> -- | W19: =IF(AND(OR(ISNUMBER(SEARCH("TIME OUT", F19)), ISNUMBER(SEARCH("ERROR", F19))), OR(ISNUMBER(SEARCH("TIME OUT", K19)), ISNUMBER(SEARCH("ERROR", K19)))), "--", IF(OR(ISNUMBER(SEARCH("TIME OUT", F19)), ISNUMBER(SEARCH("ERROR", F19))), "QE", IF(OR(ISNUMBER(SEARCH("TIME OUT", K19)), ISNUMBER(SEARCH("ERROR", K19))), "RC", IF(V19=0, "TIE", IF(V19>0, "QE", "RC"))))) -> RC | X19: =IF(V19="--","--",TEXT(MIN(F19,K19)/MAX(F19,K19),"0.000%")) -> -- | AD19: =COUNTIF(W:W,$Z8)-COUNTIFS(W:W,$Z8,V:V,"--") -> 0
A20: 41 | B20: [skoE, skoR, skoX] | C20: 4687097897 | D20: 56.75 | E20: 44.0067 | F20: 28799 | G20: TIME OUT | H20: TIME OUT | I20: TIME OUT | J20: TIME OUT | K20: TIME OUT | L20: =IF(OR(ISNUMBER(SEARCH("ERROR", B20)), ISNUMBER(SEARCH("ERROR", G20)), ISNUMBER(SEARCH("TIME OUT", B20)), ISNUMBER(SEARCH("TIME OUT", G20))), "--", B20=G20) -> -- | M20: =IF(OR(ISNUMBER(SEARCH("ERROR", C20)), ISNUMBER(SEARCH("ERROR", H20)), ISNUMBER(SEARCH("TIME OUT", C20)), ISNUMBER(SEARCH("TIME OUT", H20))),"--",C20-H20) -> -- | N20: =IF(AND(OR(ISNUMBER(SEARCH("TIME OUT", C20)), ISNUMBER(SEARCH("ERROR", C20))), OR(ISNUMBER(SEARCH("TIME OUT", H20)), ISNUMBER(SEARCH("ERROR", H20)))), "--", IF(OR(ISNUMBER(SEARCH("TIME OUT", C20)), ISNUMBER(SEARCH("ERROR", C20))), "QE", IF(OR(ISNUMBER(SEARCH("TIME OUT", H20)), ISNUMBER(SEARCH("ERROR", H20))), "RC", IF(M20=0, "TIE", IF(M20>0, "QE", "RC"))))) -> RC | O20: =IF(M20="--","--",TEXT(MIN(C20,H20)/MAX(C20,H20),"0.000%")) -> -- | P20: =IF(OR(ISNUMBER(SEARCH("ERROR", D20)), ISNUMBER(SEARCH("ERROR", I20)), ISNUMBER(SEARCH("TIME OUT", D20)), ISNUMBER(SEARCH("TIME OUT", I20))),"--",D20-I20) -> -- | Q20: =IF(AND(OR(ISNUMBER(SEARCH("TIME OUT", D20)), ISNUMBER(SEARCH("ERROR", D20))), OR(ISNUMBER(SEARCH("TIME OUT", I20)), ISNUMBER(SEARCH("ERROR", I20)))), "--", IF(OR(ISNUMBER(SEARCH("TIME OUT", D20)), ISNUMBER(SEARCH("ERROR", D20))), "QE", IF(OR(ISNUMBER(SEARCH("TIME OUT", I20)), ISNUMBER(SEARCH("ERROR", I20))), "RC", IF(P20=0, "TIE", IF(P20>0, "QE", "RC"))))) -> RC | R20: =IF(P20="--","--",TEXT(MIN(D20,I20)/MAX(D20,I20),"0.000%")) -> -- | S20: =IF(OR(ISNUMBER(SEARCH("ERROR", E20)), ISNUMBER(SEARCH("ERROR", J20)), ISNUMBER(SEARCH("TIME OUT", E20)), ISNUMBER(SEARCH("TIME OUT", J20))),"--",E20-J20) -> -- | T20: =IF(AND(OR(ISNUMBER(SEARCH("TIME OUT", E20)), ISNUMBER(SEARCH("ERROR", E20))), OR(ISNUMBER(SEARCH("TIME OUT", J20)), ISNUMBER(SEARCH("ERROR", J20)))), "--", IF(OR(ISNUMBER(SEARCH("TIME OUT", E20)), ISNUMBER(SEARCH("ERROR", E20))), "QE", IF(OR(ISNUMBER(SEARCH("TIME OUT", J20)), ISNUMBER(SEARCH("ERROR", J20))), "RC", IF(S20=0, "TIE", IF(S20>0, "QE", "RC"))))) -> RC | U20: =IF(S20="--","--",TEXT(MIN(E20,J20)/MAX(E20,J20),"0.000%")) -> -- | V20: =IF(OR(ISNUMBER(SEARCH("ERROR", F20)), ISNUMBER(SEARCH("ERROR", K20)), ISNUMBER(SEARCH("TIME OUT", F20)), ISNUMBER(SEARCH("TIME OUT", K20))),"--",F20-K20) -> -- | W20: =IF(AND(OR(ISNUMBER(SEARCH("TIME OUT", F20)), ISNUMBER(SEARCH("ERROR", F20))), OR(ISNUMBER(SEARCH("TIME OUT", K20)), ISNUMBER(SEARCH("ERROR", K20)))), "--", IF(OR(ISNUMBER(SEARCH("TIME OUT", F20)), ISNUMBER(SEARCH("ERROR", F20))), "QE", IF(OR(ISNUMBER(SEARCH("TIME OUT", K20)), ISNUMBER(SEARCH("ERROR", K20))), "RC", IF(V20=0, "TIE", IF(V20>0, "QE", "RC"))))) -> RC | X20: =IF(V20="--","--",TEXT(MIN(F20,K20)/MAX(F20,K20),"0.000%")) -> --
A21: 43 | B21: [skoE, skoR, skoX] | C21: 4961506811 | D21: 59.6969 | E21: 46.5835 | F21: 33047 | G21: TIME OUT | H21: TIME OUT | I21: TIME OUT | J21: TIME OUT | K21: TIME OUT | L21: =IF(OR(ISNUMBER(SEARCH("ERROR", B21)), ISNUMBER(SEARCH("ERROR", G21)), ISNUMBER(SEARCH("TIME OUT", B21)), ISNUMBER(SEARCH("TIME OUT", G21))), "--", B21=G21) -> -- | M21: =IF(OR(ISNUMBER(SEARCH("ERROR", C21)), ISNUMBER(SEARCH("ERROR", H21)), ISNUMBER(SEARCH("TIME OUT", C21)), ISNUMBER(SEARCH("TIME OUT", H21))),"--",C21-H21) -> -- | N21: =IF(AND(OR(ISNUMBER(SEARCH("TIME OUT", C21)), ISNUMBER(SEARCH("ERROR", C21))), OR(ISNUMBER(SEARCH("TIME OUT", H21)), ISNUMBER(SEARCH("ERROR", H21)))), "--", IF(OR(ISNUMBER(SEARCH("TIME OUT", C21)), ISNUMBER(SEARCH("ERROR", C21))), "QE", IF(OR(ISNUMBER(SEARCH("TIME OUT", H21)), ISNUMBER(SEARCH("ERROR", H21))), "RC", IF(M21=0, "TIE", IF(M21>0, "QE", "RC"))))) -> RC | O21: =IF(M21="--","--",TEXT(MIN(C21,H21)/MAX(C21,H21),"0.000%")) -> -- | P21: =IF(OR(ISNUMBER(SEARCH("ERROR", D21)), ISNUMBER(SEARCH("ERROR", I21)), ISNUMBER(SEARCH("TIME OUT", D21)), ISNUMBER(SEARCH("TIME OUT", I21))),"--",D21-I21) -> -- | Q21: =IF(AND(OR(ISNUMBER(SEARCH("TIME OUT", D21)), ISNUMBER(SEARCH("ERROR", D21))), OR(ISNUMBER(SEARCH("TIME OUT", I21)), ISNUMBER(SEARCH("ERROR", I21)))), "--", IF(OR(ISNUMBER(SEARCH("TIME OUT", D21)), ISNUMBER(SEARCH("ERROR", D21))), "QE", IF(OR(ISNUMBER(SEARCH("TIME OUT", I21)), ISNUMBER(SEARCH("ERROR", I21))), "RC", IF(P21=0, "TIE", IF(P21>0, "QE", "RC"))))) -> RC | R21: =IF(P21="--","--",TEXT(MIN(D21,I21)/MAX(D21,I21),"0.000%")) -> -- | S21: =IF(OR(ISNUMBER(SEARCH("ERROR", E21)), ISNUMBER(SEARCH("ERROR", J21)), ISNUMBER(SEARCH("TIME OUT", E21)), ISNUMBER(SEARCH("TIME OUT", J21))),"--",E21-J21) -> -- | T21: =IF(AND(OR(ISNUMBER(SEARCH("TIME OUT", E21)), ISNUMBER(SEARCH("ERROR", E21))), OR(ISNUMBER(SEARCH("TIME OUT", J21)), ISNUMBER(SEARCH("ERROR", J21)))), "--", IF(OR(ISNUMBER(SEARCH("TIME OUT", E21)), ISNUMBER(SEARCH("ERROR", E21))), "QE", IF(OR(ISNUMBER(SEARCH("TIME OUT", J21)), ISNUMBER(SEARCH("ERROR", J21))), "RC", IF(S21=0, "TIE", IF(S21>0, "QE", "RC"))))) -> RC | U21: =IF(S21="--","--",TEXT(MIN(E21,J21)/MAX(E21,J21),"0.000%")) -> -- | V21: =IF(OR(ISNUMBER(SEARCH("ERROR", F21)), ISNUMBER(SEARCH("ERROR", K21)), ISNUMBER(SEARCH("TIME OUT", F21)), ISNUMBER(SEARCH("TIME OUT", K21))),"--",F21-K21) -> -- | W21: =IF(AND(OR(ISNUMBER(SEARCH("TIME OUT", F21)), ISNUMBER(SEARCH("ERROR", F21))), OR(ISNUMBER(SEARCH("TIME OUT", K21)), ISNUMBER(SEARCH("ERROR", K21)))), "--", IF(OR(ISNUMBER(SEARCH("TIME OUT", F21)), ISNUMBER(SEARCH("ERROR", F21))), "QE", IF(OR(ISNUMBER(SEARCH("TIME OUT", K21)), ISNUMBER(SEARCH("ERROR", K21))), "RC", IF(V21=0, "TIE", IF(V21>0, "QE", "RC"))))) -> RC | X21: =IF(V21="--","--",TEXT(MIN(F21,K21)/MAX(F21,K21),"0.000%")) -> --
A22: 45 | B22: TIME OUT | C22: TIME OUT | D22: TIME OUT | E22: TIME OUT | F22: TIME OUT | G22: ERROR: reducible RootOf detected. Substitutions are %1 | H22: ERROR: reducible RootOf detected. Substitutions are %1 | I22: ERROR: reducible RootOf detected. Substitutions are %1 | J22: ERROR: reducible RootOf detected. Substitutions are %1 | K22: ERROR: reducible RootOf detected. Substitutions are %1 | L22: =IF(OR(ISNUMBER(SEARCH("ERROR", B22)), ISNUMBER(SEARCH("ERROR", G22)), ISNUMBER(SEARCH("TIME OUT", B22)), ISNUMBER(SEARCH("TIME OUT", G22))), "--", B22=G22) -> -- | M22: =IF(OR(ISNUMBER(SEARCH("ERROR", C22)), ISNUMBER(SEARCH("ERROR", H22)), ISNUMBER(SEARCH("TIME OUT", C22)), ISNUMBER(SEARCH("TIME OUT", H22))),"--",C22-H22) -> -- | N22: =IF(AND(OR(ISNUMBER(SEARCH("TIME OUT", C22)), ISNUMBER(SEARCH("ERROR", C22))), OR(ISNUMBER(SEARCH("TIME OUT", H22)), ISNUMBER(SEARCH("ERROR", H22)))), "--", IF(OR(ISNUMBER(SEARCH("TIME OUT", C22)), ISNUMBER(SEARCH("ERROR", C22))), "QE", IF(OR(ISNUMBER(SEARCH("TIME OUT", H22)), ISNUMBER(SEARCH("ERROR", H22))), "RC", IF(M22=0, "TIE", IF(M22>0, "QE", "RC"))))) -> -- | O22: =IF(M22="--","--",TEXT(MIN(C22,H22)/MAX(C22,H22),"0.000%")) -> -- | P22: =IF(OR(ISNUMBER(SEARCH("ERROR", D22)), ISNUMBER(SEARCH("ERROR", I22)), ISNUMBER(SEARCH("TIME OUT", D22)), ISNUMBER(SEARCH("TIME OUT", I22))),"--",D22-I22) -> -- | Q22: =IF(AND(OR(ISNUMBER(SEARCH("TIME OUT", D22)), ISNUMBER(SEARCH("ERROR", D22))), OR(ISNUMBER(SEARCH("TIME OUT", I22)), ISNUMBER(SEARCH("ERROR", I22)))), "--", IF(OR(ISNUMBER(SEARCH("TIME OUT", D22)), ISNUMBER(SEARCH("ERROR", D22))), "QE", IF(OR(ISNUMBER(SEARCH("TIME OUT", I22)), ISNUMBER(SEARCH("ERROR", I22))), "RC", IF(P22=0, "TIE", IF(P22>0, "QE", "RC"))))) -> -- | R22: =IF(P22="--","--",TEXT(MIN(D22,I22)/MAX(D22,I22),"0.000%")) -> -- | S22: =IF(OR(ISNUMBER(SEARCH("ERROR", E22)), ISNUMBER(SEARCH("ERROR", J22)), ISNUMBER(SEARCH("TIME OUT", E22)), ISNUMBER(SEARCH("TIME OUT", J22))),"--",E22-J22) -> -- | T22: =IF(AND(OR(ISNUMBER(SEARCH("TIME OUT", E22)), ISNUMBER(SEARCH("ERROR", E22))), OR(ISNUMBER(SEARCH("TIME OUT", J22)), ISNUMBER(SEARCH("ERROR", J22)))), "--", IF(OR(ISNUMBER(SEARCH("TIME OUT", E22)), ISNUMBER(SEARCH("ERROR", E22))), "QE", IF(OR(ISNUMBER(SEARCH("TIME OUT", J22)), ISNUMBER(SEARCH("ERROR", J22))), "RC", IF(S22=0, "TIE", IF(S22>0, "QE", "RC"))))) -> -- | U22: =IF(S22="--","--",TEXT(MIN(E22,J22)/MAX(E22,J22),"0.000%")) -> -- | V22: =IF(OR(ISNUMBER(SEARCH("ERROR", F22)), ISNUMBER(SEARCH("ERROR", K22)), ISNUMBER(SEARCH("TIME OUT", F22)), ISNUMBER(SEARCH("TIME OUT", K22))),"--",F22-K22) -> -- | W22: =IF(AND(OR(ISNUMBER(SEARCH("TIME OUT", F22)), ISNUMBER(SEARCH("ERROR", F22))), OR(ISNUMBER(SEARCH("TIME OUT", K22)), ISNUMBER(SEARCH("ERROR", K22)))), "--", IF(OR(ISNUMBER(SEARCH("TIME OUT", F22)), ISNUMBER(SEARCH("ERROR", F22))), "QE", IF(OR(ISNUMBER(SEARCH("TIME OUT", K22)), ISNUMBER(SEARCH("ERROR", K22))), "RC", IF(V22=0, "TIE", IF(V22>0, "QE", "RC"))))) -> -- | X22: =IF(V22="--","--",TEXT(MIN(F22,K22)/MAX(F22,K22),"0.000%")) -> --
A23: 46 | B23: TIME OUT | C23: TIME OUT | D23: TIME OUT | E23: TIME OUT | F23: TIME OUT | G23: ERROR: reducible RootOf detected. Substitutions are %1 | H23: ERROR: reducible RootOf detected. Substitutions are %1 | I23: ERROR: reducible RootOf detected. Substitutions are %1 | J23: ERROR: reducible RootOf detected. Substitutions are %1 | K23: ERROR: reducible RootOf detected. Substitutions are %1 | L23: =IF(OR(ISNUMBER(SEARCH("ERROR", B23)), ISNUMBER(SEARCH("ERROR", G23)), ISNUMBER(SEARCH("TIME OUT", B23)), ISNUMBER(SEARCH("TIME OUT", G23))), "--", B23=G23) -> -- | M23: =IF(OR(ISNUMBER(SEARCH("ERROR", C23)), ISNUMBER(SEARCH("ERROR", H23)), ISNUMBER(SEARCH("TIME OUT", C23)), ISNUMBER(SEARCH("TIME OUT", H23))),"--",C23-H23) -> -- | N23: =IF(AND(OR(ISNUMBER(SEARCH("TIME OUT", C23)), ISNUMBER(SEARCH("ERROR", C23))), OR(ISNUMBER(SEARCH("TIME OUT", H23)), ISNUMBER(SEARCH("ERROR", H23)))), "--", IF(OR(ISNUMBER(SEARCH("TIME OUT", C23)), ISNUMBER(SEARCH("ERROR", C23))), "QE", IF(OR(ISNUMBER(SEARCH("TIME OUT", H23)), ISNUMBER(SEARCH("ERROR", H23))), "RC", IF(M23=0, "TIE", IF(M23>0, "QE", "RC"))))) -> -- | O23: =IF(M23="--","--",TEXT(MIN(C23,H23)/MAX(C23,H23),"0.000%")) -> -- | P23: =IF(OR(ISNUMBER(SEARCH("ERROR", D23)), ISNUMBER(SEARCH("ERROR", I23)), ISNUMBER(SEARCH("TIME OUT", D23)), ISNUMBER(SEARCH("TIME OUT", I23))),"--",D23-I23) -> -- | Q23: =IF(AND(OR(ISNUMBER(SEARCH("TIME OUT", D23)), ISNUMBER(SEARCH("ERROR", D23))), OR(ISNUMBER(SEARCH("TIME OUT", I23)), ISNUMBER(SEARCH("ERROR", I23)))), "--", IF(OR(ISNUMBER(SEARCH("TIME OUT", D23)), ISNUMBER(SEARCH("ERROR", D23))), "QE", IF(OR(ISNUMBER(SEARCH("TIME OUT", I23)), ISNUMBER(SEARCH("ERROR", I23))), "RC", IF(P23=0, "TIE", IF(P23>0, "QE", "RC"))))) -> -- | R23: =IF(P23="--","--",TEXT(MIN(D23,I23)/MAX(D23,I23),"0.000%")) -> -- | S23: =IF(OR(ISNUMBER(SEARCH("ERROR", E23)), ISNUMBER(SEARCH("ERROR", J23)), ISNUMBER(SEARCH("TIME OUT", E23)), ISNUMBER(SEARCH("TIME OUT", J23))),"--",E23-J23) -> -- | T23: =IF(AND(OR(ISNUMBER(SEARCH("TIME OUT", E23)), ISNUMBER(SEARCH("ERROR", E23))), OR(ISNUMBER(SEARCH("TIME OUT", J23)), ISNUMBER(SEARCH("ERROR", J23)))), "--", IF(OR(ISNUMBER(SEARCH("TIME OUT", E23)), ISNUMBER(SEARCH("ERROR", E23))), "QE", IF(OR(ISNUMBER(SEARCH("TIME OUT", J23)), ISNUMBER(SEARCH("ERROR", J23))), "RC", IF(S23=0, "TIE", IF(S23>0, "QE", "RC"))))) -> -- | U23: =IF(S23="--","--",TEXT(MIN(E23,J23)/MAX(E23,J23),"0.000%")) -> -- | V23: =IF(OR(ISNUMBER(SEARCH("ERROR", F23)), ISNUMBER(SEARCH("ERROR", K23)), ISNUMBER(SEARCH("TIME OUT", F23)), ISNUMBER(SEARCH("TIME OUT", K23))),"--",F23-K23) -> -- | W23: =IF(AND(OR(ISNUMBER(SEARCH("TIME OUT", F23)), ISNUMBER(SEARCH("ERROR", F23))), OR(ISNUMBER(SEARCH("TIME OUT", K23)), ISNUMBER(SEARCH("ERROR", K23)))), "--", IF(OR(ISNUMBER(SEARCH("TIME OUT", F23)), ISNUMBER(SEARCH("ERROR", F23))), "QE", IF(OR(ISNUMBER(SEARCH("TIME OUT", K23)), ISNUMBER(SEARCH("ERROR", K23))), "RC", IF(V23=0, "TIE", IF(V23>0, "QE", "RC"))))) -> -- | X23: =IF(V23="--","--",TEXT(MIN(F23,K23)/MAX(F23,K23),"0.000%")) -> --
A24: 48 | B24: TIME OUT | C24: TIME OUT | D24: TIME OUT | E24: TIME OUT | F24: TIME OUT | G24: ERROR: reducible RootOf detected. Substitutions are %1 | H24: ERROR: reducible RootOf detected. Substitutions are %1 | I24: ERROR: reducible RootOf detected. Substitutions are %1 | J24: ERROR: reducible RootOf detected. Substitutions are %1 | K24: ERROR: reducible RootOf detected. Substitutions are %1 | L24: =IF(OR(ISNUMBER(SEARCH("ERROR", B24)), ISNUMBER(SEARCH("ERROR", G24)), ISNUMBER(SEARCH("TIME OUT", B24)), ISNUMBER(SEARCH("TIME OUT", G24))), "--", B24=G24) -> -- | M24: =IF(OR(ISNUMBER(SEARCH("ERROR", C24)), ISNUMBER(SEARCH("ERROR", H24)), ISNUMBER(SEARCH("TIME OUT", C24)), ISNUMBER(SEARCH("TIME OUT", H24))),"--",C24-H24) -> -- | N24: =IF(AND(OR(ISNUMBER(SEARCH("TIME OUT", C24)), ISNUMBER(SEARCH("ERROR", C24))), OR(ISNUMBER(SEARCH("TIME OUT", H24)), ISNUMBER(SEARCH("ERROR", H24)))), "--", IF(OR(ISNUMBER(SEARCH("TIME OUT", C24)), ISNUMBER(SEARCH("ERROR", C24))), "QE", IF(OR(ISNUMBER(SEARCH("TIME OUT", H24)), ISNUMBER(SEARCH("ERROR", H24))), "RC", IF(M24=0, "TIE", IF(M24>0, "QE", "RC"))))) -> -- | O24: =IF(M24="--","--",TEXT(MIN(C24,H24)/MAX(C24,H24),"0.000%")) -> -- | P24: =IF(OR(ISNUMBER(SEARCH("ERROR", D24)), ISNUMBER(SEARCH("ERROR", I24)), ISNUMBER(SEARCH("TIME OUT", D24)), ISNUMBER(SEARCH("TIME OUT", I24))),"--",D24-I24) -> -- | Q24: =IF(AND(OR(ISNUMBER(SEARCH("TIME OUT", D24)), ISNUMBER(SEARCH("ERROR", D24))), OR(ISNUMBER(SEARCH("TIME OUT", I24)), ISNUMBER(SEARCH("ERROR", I24)))), "--", IF(OR(ISNUMBER(SEARCH("TIME OUT", D24)), ISNUMBER(SEARCH("ERROR", D24))), "QE", IF(OR(ISNUMBER(SEARCH("TIME OUT", I24)), ISNUMBER(SEARCH("ERROR", I24))), "RC", IF(P24=0, "TIE", IF(P24>0, "QE", "RC"))))) -> -- | R24: =IF(P24="--","--",TEXT(MIN(D24,I24)/MAX(D24,I24),"0.000%")) -> -- | S24: =IF(OR(ISNUMBER(SEARCH("ERROR", E24)), ISNUMBER(SEARCH("ERROR", J24)), ISNUMBER(SEARCH("TIME OUT", E24)), ISNUMBER(SEARCH("TIME OUT", J24))),"--",E24-J24) -> -- | T24: =IF(AND(OR(ISNUMBER(SEARCH("TIME OUT", E24)), ISNUMBER(SEARCH("ERROR", E24))), OR(ISNUMBER(SEARCH("TIME OUT", J24)), ISNUMBER(SEARCH("ERROR", J24)))), "--", IF(OR(ISNUMBER(SEARCH("TIME OUT", E24)), ISNUMBER(SEARCH("ERROR", E24))), "QE", IF(OR(ISNUMBER(SEARCH("TIME OUT", J24)), ISNUMBER(SEARCH("ERROR", J24))), "RC", IF(S24=0, "TIE", IF(S24>0, "QE", "RC"))))) -> -- | U24: =IF(S24="--","--",TEXT(MIN(E24,J24)/MAX(E24,J24),"0.000%")) -> -- | V24: =IF(OR(ISNUMBER(SEARCH("ERROR", F24)), ISNUMBER(SEARCH("ERROR", K24)), ISNUMBER(SEARCH("TIME OUT", F24)), ISNUMBER(SEARCH("TIME OUT", K24))),"--",F24-K24) -> -- | W24: =IF(AND(OR(ISNUMBER(SEARCH("TIME OUT", F24)), ISNUMBER(SEARCH("ERROR", F24))), OR(ISNUMBER(SEARCH("TIME OUT", K24)), ISNUMBER(SEARCH("ERROR", K24)))), "--", IF(OR(ISNUMBER(SEARCH("TIME OUT", F24)), ISNUMBER(SEARCH("ERROR", F24))), "QE", IF(OR(ISNUMBER(SEARCH("TIME OUT", K24)), ISNUMBER(SEARCH("ERROR", K24))), "RC", IF(V24=0, "TIE", IF(V24>0, "QE", "RC"))))) -> -- | X24: =IF(V24="--","--",TEXT(MIN(F24,K24)/MAX(F24,K24),"0.000%")) -> --
A25: 49 | B25: TIME OUT | C25: TIME OUT | D25: TIME OUT | E25: TIME OUT | F25: TIME OUT | G25: ERROR: reducible RootOf detected. Substitutions are %1 | H25: ERROR: reducible RootOf detected. Substitutions are %1 | I25: ERROR: reducible RootOf detected. Substitutions are %1 | J25: ERROR: reducible RootOf detected. Substitutions are %1 | K25: ERROR: reducible RootOf detected. Substitutions are %1 | L25: =IF(OR(ISNUMBER(SEARCH("ERROR", B25)), ISNUMBER(SEARCH("ERROR", G25)), ISNUMBER(SEARCH("TIME OUT", B25)), ISNUMBER(SEARCH("TIME OUT", G25))), "--", B25=G25) -> -- | M25: =IF(OR(ISNUMBER(SEARCH("ERROR", C25)), ISNUMBER(SEARCH("ERROR", H25)), ISNUMBER(SEARCH("TIME OUT", C25)), ISNUMBER(SEARCH("TIME OUT", H25))),"--",C25-H25) -> -- | N25: =IF(AND(OR(ISNUMBER(SEARCH("TIME OUT", C25)), ISNUMBER(SEARCH("ERROR", C25))), OR(ISNUMBER(SEARCH("TIME OUT", H25)), ISNUMBER(SEARCH("ERROR", H25)))), "--", IF(OR(ISNUMBER(SEARCH("TIME OUT", C25)), ISNUMBER(SEARCH("ERROR", C25))), "QE", IF(OR(ISNUMBER(SEARCH("TIME OUT", H25)), ISNUMBER(SEARCH("ERROR", H25))), "RC", IF(M25=0, "TIE", IF(M25>0, "QE", "RC"))))) -> -- | O25: =IF(M25="--","--",TEXT(MIN(C25,H25)/MAX(C25,H25),"0.000%")) -> -- | P25: =IF(OR(ISNUMBER(SEARCH("ERROR", D25)), ISNUMBER(SEARCH("ERROR", I25)), ISNUMBER(SEARCH("TIME OUT", D25)), ISNUMBER(SEARCH("TIME OUT", I25))),"--",D25-I25) -> -- | Q25: =IF(AND(OR(ISNUMBER(SEARCH("TIME OUT", D25)), ISNUMBER(SEARCH("ERROR", D25))), OR(ISNUMBER(SEARCH("TIME OUT", I25)), ISNUMBER(SEARCH("ERROR", I25)))), "--", IF(OR(ISNUMBER(SEARCH("TIME OUT", D25)), ISNUMBER(SEARCH("ERROR", D25))), "QE", IF(OR(ISNUMBER(SEARCH("TIME OUT", I25)), ISNUMBER(SEARCH("ERROR", I25))), "RC", IF(P25=0, "TIE", IF(P25>0, "QE", "RC"))))) -> -- | R25: =IF(P25="--","--",TEXT(MIN(D25,I25)/MAX(D25,I25),"0.000%")) -> -- | S25: =IF(OR(ISNUMBER(SEARCH("ERROR", E25)), ISNUMBER(SEARCH("ERROR", J25)), ISNUMBER(SEARCH("TIME OUT", E25)), ISNUMBER(SEARCH("TIME OUT", J25))),"--",E25-J25) -> -- | T25: =IF(AND(OR(ISNUMBER(SEARCH("TIME OUT", E25)), ISNUMBER(SEARCH("ERROR", E25))), OR(ISNUMBER(SEARCH("TIME OUT", J25)), ISNUMBER(SEARCH("ERROR", J25)))), "--", IF(OR(ISNUMBER(SEARCH("TIME OUT", E25)), ISNUMBER(SEARCH("ERROR", E25))), "QE", IF(OR(ISNUMBER(SEARCH("TIME OUT", J25)), ISNUMBER(SEARCH("ERROR", J25))), "RC", IF(S25=0, "TIE", IF(S25>0, "QE", "RC"))))) -> -- | U25: =IF(S25="--","--",TEXT(MIN(E25,J25)/MAX(E25,J25),"0.000%")) -> -- | V25: =IF(OR(ISNUMBER(SEARCH("ERROR", F25)), ISNUMBER(SEARCH("ERROR", K25)), ISNUMBER(SEARCH("TIME OUT", F25)), ISNUMBER(SEARCH("TIME OUT", K25))),"--",F25-K25) -> -- | W25: =IF(AND(OR(ISNUMBER(SEARCH("TIME OUT", F25)), ISNUMBER(SEARCH("ERROR", F25))), OR(ISNUMBER(SEARCH("TIME OUT", K25)), ISNUMBER(SEARCH("ERROR", K25)))), "--", IF(OR(ISNUMBER(SEARCH("TIME OUT", F25)), ISNUMBER(SEARCH("ERROR", F25))), "QE", IF(OR(ISNUMBER(SEARCH("TIME OUT", K25)), ISNUMBER(SEARCH("ERROR", K25))), "RC", IF(V25=0, "TIE", IF(V25>0, "QE", "RC"))))) -> -- | X25: =IF(V25="--","--",TEXT(MIN(F25,K25)/MAX(F25,K25),"0.000%")) -> -- | Z25: Success Rate
A26: 67 | B26: [skoEC1, skoRC1, skoXC1] | C26: 25140818 | D26: 0.2125 | E26: 0.2093 | F26: 189 | G26: [skoEC1, skoRC1, skoXC1] | H26: 17432971 | I26: 0.2062 | J26: 0.2014 | K26: 189 | L26: =IF(OR(ISNUMBER(SEARCH("ERROR", B26)), ISNUMBER(SEARCH("ERROR", G26)), ISNUMBER(SEARCH("TIME OUT", B26)), ISNUMBER(SEARCH("TIME OUT", G26))), "--", B26=G26) -> TRUE | M26: =IF(OR(ISNUMBER(SEARCH("ERROR", C26)), ISNUMBER(SEARCH("ERROR", H26)), ISNUMBER(SEARCH("TIME OUT", C26)), ISNUMBER(SEARCH("TIME OUT", H26))),"--",C26-H26) -> 7707847 | N26: =IF(AND(OR(ISNUMBER(SEARCH("TIME OUT", C26)), ISNUMBER(SEARCH("ERROR", C26))), OR(ISNUMBER(SEARCH("TIME OUT", H26)), ISNUMBER(SEARCH("ERROR", H26)))), "--", IF(OR(ISNUMBER(SEARCH("TIME OUT", C26)), ISNUMBER(SEARCH("ERROR", C26))), "QE", IF(OR(ISNUMBER(SEARCH("TIME OUT", H26)), ISNUMBER(SEARCH("ERROR", H26))), "RC", IF(M26=0, "TIE", IF(M26>0, "QE", "RC"))))) -> QE | O26: =IF(M26="--","--",TEXT(MIN(C26,H26)/MAX(C26,H26),"0.000%")) -> 69.341% | P26: =IF(OR(ISNUMBER(SEARCH("ERROR", D26)), ISNUMBER(SEARCH("ERROR", I26)), ISNUMBER(SEARCH("TIME OUT", D26)), ISNUMBER(SEARCH("TIME OUT", I26))),"--",D26-I26) -> 0.0063 | Q26: =IF(AND(OR(ISNUMBER(SEARCH("TIME OUT", D26)), ISNUMBER(SEARCH("ERROR", D26))), OR(ISNUMBER(SEARCH("TIME OUT", I26)), ISNUMBER(SEARCH("ERROR", I26)))), "--", IF(OR(ISNUMBER(SEARCH("TIME OUT", D26)), ISNUMBER(SEARCH("ERROR", D26))), "QE", IF(OR(ISNUMBER(SEARCH("TIME OUT", I26)), ISNUMBER(SEARCH("ERROR", I26))), "RC", IF(P26=0, "TIE", IF(P26>0, "QE", "RC"))))) -> QE | R26: =IF(P26="--","--",TEXT(MIN(D26,I26)/MAX(D26,I26),"0.000%")) -> 97.035% | S26: =IF(OR(ISNUMBER(SEARCH("ERROR", E26)), ISNUMBER(SEARCH("ERROR", J26)), ISNUMBER(SEARCH("TIME OUT", E26)), ISNUMBER(SEARCH("TIME OUT", J26))),"--",E26-J26) -> 0.0079 | T26: =IF(AND(OR(ISNUMBER(SEARCH("TIME OUT", E26)), ISNUMBER(SEARCH("ERROR", E26))), OR(ISNUMBER(SEARCH("TIME OUT", J26)), ISNUMBER(SEARCH("ERROR", J26)))), "--", IF(OR(ISNUMBER(SEARCH("TIME OUT", E26)), ISNUMBER(SEARCH("ERROR", E26))), "QE", IF(OR(ISNUMBER(SEARCH("TIME OUT", J26)), ISNUMBER(SEARCH("ERROR", J26))), "RC", IF(S26=0, "TIE", IF(S26>0, "QE", "RC"))))) -> QE | U26: =IF(S26="--","--",TEXT(MIN(E26,J26)/MAX(E26,J26),"0.000%")) -> 96.226% | V26: =IF(OR(ISNUMBER(SEARCH("ERROR", F26)), ISNUMBER(SEARCH("ERROR", K26)), ISNUMBER(SEARCH("TIME OUT", F26)), ISNUMBER(SEARCH("TIME OUT", K26))),"--",F26-K26) -> 0 | W26: =IF(AND(OR(ISNUMBER(SEARCH("TIME OUT", F26)), ISNUMBER(SEARCH("ERROR", F26))), OR(ISNUMBER(SEARCH("TIME OUT", K26)), ISNUMBER(SEARCH("ERROR", K26)))), "--", IF(OR(ISNUMBER(SEARCH("TIME OUT", F26)), ISNUMBER(SEARCH("ERROR", F26))), "QE", IF(OR(ISNUMBER(SEARCH("TIME OUT", K26)), ISNUMBER(SEARCH("ERROR", K26))), "RC", IF(V26=0, "TIE", IF(V26>0, "QE", "RC"))))) -> TIE | X26: =IF(V26="--","--",TEXT(MIN(F26,K26)/MAX(F26,K26),"0.000%")) -> 100.000% | Z26: =Z7&": "&AJ7&" "&AJ6&" ("&TEXT(AK7,"0.00%")&"), "&AL7&" "&AL6&" ("&TEXT(AM7,"0.00%")&"), "&AN7&" "&AN6&" ("&TEXT(AO7,"0.00%")&")." -> RC: 45 Successes (67.16%), 21 Timeouts (31.34%), 1 Errors (1.49%).
A27: 69 | B27: [skoEC1, skoRC1, skoXC1] | C27: 25141723 | D27: 0.2109 | E27: 0.2093 | F27: 189 | G27: [skoEC1, skoRC1, skoXC1] | H27: 17430680 | I27: 0.2015 | J27: 0.1986 | K27: 189 | L27: =IF(OR(ISNUMBER(SEARCH("ERROR", B27)), ISNUMBER(SEARCH("ERROR", G27)), ISNUMBER(SEARCH("TIME OUT", B27)), ISNUMBER(SEARCH("TIME OUT", G27))), "--", B27=G27) -> TRUE | M27: =IF(OR(ISNUMBER(SEARCH("ERROR", C27)), ISNUMBER(SEARCH("ERROR", H27)), ISNUMBER(SEARCH("TIME OUT", C27)), ISNUMBER(SEARCH("TIME OUT", H27))),"--",C27-H27) -> 7711043 | N27: =IF(AND(OR(ISNUMBER(SEARCH("TIME OUT", C27)), ISNUMBER(SEARCH("ERROR", C27))), OR(ISNUMBER(SEARCH("TIME OUT", H27)), ISNUMBER(SEARCH("ERROR", H27)))), "--", IF(OR(ISNUMBER(SEARCH("TIME OUT", C27)), ISNUMBER(SEARCH("ERROR", C27))), "QE", IF(OR(ISNUMBER(SEARCH("TIME OUT", H27)), ISNUMBER(SEARCH("ERROR", H27))), "RC", IF(M27=0, "TIE", IF(M27>0, "QE", "RC"))))) -> QE | O27: =IF(M27="--","--",TEXT(MIN(C27,H27)/MAX(C27,H27),"0.000%")) -> 69.330% | P27: =IF(OR(ISNUMBER(SEARCH("ERROR", D27)), ISNUMBER(SEARCH("ERROR", I27)), ISNUMBER(SEARCH("TIME OUT", D27)), ISNUMBER(SEARCH("TIME OUT", I27))),"--",D27-I27) -> 0.0094 | Q27: =IF(AND(OR(ISNUMBER(SEARCH("TIME OUT", D27)), ISNUMBER(SEARCH("ERROR", D27))), OR(ISNUMBER(SEARCH("TIME OUT", I27)), ISNUMBER(SEARCH("ERROR", I27)))), "--", IF(OR(ISNUMBER(SEARCH("TIME OUT", D27)), ISNUMBER(SEARCH("ERROR", D27))), "QE", IF(OR(ISNUMBER(SEARCH("TIME OUT", I27)), ISNUMBER(SEARCH("ERROR", I27))), "RC", IF(P27=0, "TIE", IF(P27>0, "QE", "RC"))))) -> QE | R27: =IF(P27="--","--",TEXT(MIN(D27,I27)/MAX(D27,I27),"0.000%")) -> 95.543% | S27: =IF(OR(ISNUMBER(SEARCH("ERROR", E27)), ISNUMBER(SEARCH("ERROR", J27)), ISNUMBER(SEARCH("TIME OUT", E27)), ISNUMBER(SEARCH("TIME OUT", J27))),"--",E27-J27) -> 0.0107 | T27: =IF(AND(OR(ISNUMBER(SEARCH("TIME OUT", E27)), ISNUMBER(SEARCH("ERROR", E27))), OR(ISNUMBER(SEARCH("TIME OUT", J27)), ISNUMBER(SEARCH("ERROR", J27)))), "--", IF(OR(ISNUMBER(SEARCH("TIME OUT", E27)), ISNUMBER(SEARCH("ERROR", E27))), "QE", IF(OR(ISNUMBER(SEARCH("TIME OUT", J27)), ISNUMBER(SEARCH("ERROR", J27))), "RC", IF(S27=0, "TIE", IF(S27>0, "QE", "RC"))))) -> QE | U27: =IF(S27="--","--",TEXT(MIN(E27,J27)/MAX(E27,J27),"0.000%")) -> 94.888% | V27: =IF(OR(ISNUMBER(SEARCH("ERROR", F27)), ISNUMBER(SEARCH("ERROR", K27)), ISNUMBER(SEARCH("TIME OUT", F27)), ISNUMBER(SEARCH("TIME OUT", K27))),"--",F27-K27) -> 0 | W27: =IF(AND(OR(ISNUMBER(SEARCH("TIME OUT", F27)), ISNUMBER(SEARCH("ERROR", F27))), OR(ISNUMBER(SEARCH("TIME OUT", K27)), ISNUMBER(SEARCH("ERROR", K27)))), "--", IF(OR(ISNUMBER(SEARCH("TIME OUT", F27)), ISNUMBER(SEARCH("ERROR", F27))), "QE", IF(OR(ISNUMBER(SEARCH("TIME OUT", K27)), ISNUMBER(SEARCH("ERROR", K27))), "RC", IF(V27=0, "TIE", IF(V27>0, "QE", "RC"))))) -> TIE | X27: =IF(V27="--","--",TEXT(MIN(F27,K27)/MAX(F27,K27),"0.000%")) -> 100.000% | Z27: =Z8&": "&AJ8&" "&AJ6&" ("&TEXT(AK8,"0.00%")&"), "&AL8&" "&AL6&" ("&TEXT(AM8,"0.00%")&"), "&AN8&" "&AN6&" ("&TEXT(AO8,"0.00%")&")." -> QE: 14 Successes (20.90%), 21 Timeouts (31.34%), 32 Errors (47.76%).
A28: 70 | B28: [skoEC1, skoRC1, skoXC1] | C28: 47007858 | D28: 0.4078 | E28: 0.3999 | F28: 327 | G28: [skoEC1, skoRC1, skoXC1] | H28: 30551472 | I28: 0.3531 | J28: 0.3484 | K28: 327 | L28: =IF(OR(ISNUMBER(SEARCH("ERROR", B28)), ISNUMBER(SEARCH("ERROR", G28)), ISNUMBER(SEARCH("TIME OUT", B28)), ISNUMBER(SEARCH("TIME OUT", G28))), "--", B28=G28) -> TRUE | M28: =IF(OR(ISNUMBER(SEARCH("ERROR", C28)), ISNUMBER(SEARCH("ERROR", H28)), ISNUMBER(SEARCH("TIME OUT", C28)), ISNUMBER(SEARCH("TIME OUT", H28))),"--",C28-H28) -> 16456386 | N28: =IF(AND(OR(ISNUMBER(SEARCH("TIME OUT", C28)), ISNUMBER(SEARCH("ERROR", C28))), OR(ISNUMBER(SEARCH("TIME OUT", H28)), ISNUMBER(SEARCH("ERROR", H28)))), "--", IF(OR(ISNUMBER(SEARCH("TIME OUT", C28)), ISNUMBER(SEARCH("ERROR", C28))), "QE", IF(OR(ISNUMBER(SEARCH("TIME OUT", H28)), ISNUMBER(SEARCH("ERROR", H28))), "RC", IF(M28=0, "TIE", IF(M28>0, "QE", "RC"))))) -> QE | O28: =IF(M28="--","--",TEXT(MIN(C28,H28)/MAX(C28,H28),"0.000%")) -> 64.992% | P28: =IF(OR(ISNUMBER(SEARCH("ERROR", D28)), ISNUMBER(SEARCH("ERROR", I28)), ISNUMBER(SEARCH("TIME OUT", D28)), ISNUMBER(SEARCH("TIME OUT", I28))),"--",D28-I28) -> 0.0547 | Q28: =IF(AND(OR(ISNUMBER(SEARCH("TIME OUT", D28)), ISNUMBER(SEARCH("ERROR", D28))), OR(ISNUMBER(SEARCH("TIME OUT", I28)), ISNUMBER(SEARCH("ERROR", I28)))), "--", IF(OR(ISNUMBER(SEARCH("TIME OUT", D28)), ISNUMBER(SEARCH("ERROR", D28))), "QE", IF(OR(ISNUMBER(SEARCH("TIME OUT", I28)), ISNUMBER(SEARCH("ERROR", I28))), "RC", IF(P28=0, "TIE", IF(P28>0, "QE", "RC"))))) -> QE | R28: =IF(P28="--","--",TEXT(MIN(D28,I28)/MAX(D28,I28),"0.000%")) -> 86.587% | S28: =IF(OR(ISNUMBER(SEARCH("ERROR", E28)), ISNUMBER(SEARCH("ERROR", J28)), ISNUMBER(SEARCH("TIME OUT", E28)), ISNUMBER(SEARCH("TIME OUT", J28))),"--",E28-J28) -> 0.0515 | T28: =IF(AND(OR(ISNUMBER(SEARCH("TIME OUT", E28)), ISNUMBER(SEARCH("ERROR", E28))), OR(ISNUMBER(SEARCH("TIME OUT", J28)), ISNUMBER(SEARCH("ERROR", J28)))), "--", IF(OR(ISNUMBER(SEARCH("TIME OUT", E28)), ISNUMBER(SEARCH("ERROR", E28))), "QE", IF(OR(ISNUMBER(SEARCH("TIME OUT", J28)), ISNUMBER(SEARCH("ERROR", J28))), "RC", IF(S28=0, "TIE", IF(S28>0, "QE", "RC"))))) -> QE | U28: =IF(S28="--","--",TEXT(MIN(E28,J28)/MAX(E28,J28),"0.000%")) -> 87.122% | V28: =IF(OR(ISNUMBER(SEARCH("ERROR", F28)), ISNUMBER(SEARCH("ERROR", K28)), ISNUMBER(SEARCH("TIME OUT", F28)), ISNUMBER(SEARCH("TIME OUT", K28))),"--",F28-K28) -> 0 | W28: =IF(AND(OR(ISNUMBER(SEARCH("TIME OUT", F28)), ISNUMBER(SEARCH("ERROR", F28))), OR(ISNUMBER(SEARCH("TIME OUT", K28)), ISNUMBER(SEARCH("ERROR", K28)))), "--", IF(OR(ISNUMBER(SEARCH("TIME OUT", F28)), ISNUMBER(SEARCH("ERROR", F28))), "QE", IF(OR(ISNUMBER(SEARCH("TIME OUT", K28)), ISNUMBER(SEARCH("ERROR", K28))), "RC", IF(V28=0, "TIE", IF(V28>0, "QE", "RC"))))) -> TIE | X28: =IF(V28="--","--",TEXT(MIN(F28,K28)/MAX(F28,K28),"0.000%")) -> 100.000%
A29: 72 | B29: [skoEC1, skoRC1, skoXC1] | C29: 46983875 | D29: 0.4047 | E29: 0.4001 | F29: 327 | G29: [skoEC1, skoRC1, skoXC1] | H29: 30555546 | I29: 0.3516 | J29: 0.3437 | K29: 327 | L29: =IF(OR(ISNUMBER(SEARCH("ERROR", B29)), ISNUMBER(SEARCH("ERROR", G29)), ISNUMBER(SEARCH("TIME OUT", B29)), ISNUMBER(SEARCH("TIME OUT", G29))), "--", B29=G29) -> TRUE | M29: =IF(OR(ISNUMBER(SEARCH("ERROR", C29)), ISNUMBER(SEARCH("ERROR", H29)), ISNUMBER(SEARCH("TIME OUT", C29)), ISNUMBER(SEARCH("TIME OUT", H29))),"--",C29-H29) -> 16428329 | N29: =IF(AND(OR(ISNUMBER(SEARCH("TIME OUT", C29)), ISNUMBER(SEARCH("ERROR", C29))), OR(ISNUMBER(SEARCH("TIME OUT", H29)), ISNUMBER(SEARCH("ERROR", H29)))), "--", IF(OR(ISNUMBER(SEARCH("TIME OUT", C29)), ISNUMBER(SEARCH("ERROR", C29))), "QE", IF(OR(ISNUMBER(SEARCH("TIME OUT", H29)), ISNUMBER(SEARCH("ERROR", H29))), "RC", IF(M29=0, "TIE", IF(M29>0, "QE", "RC"))))) -> QE | O29: =IF(M29="--","--",TEXT(MIN(C29,H29)/MAX(C29,H29),"0.000%")) -> 65.034% | P29: =IF(OR(ISNUMBER(SEARCH("ERROR", D29)), ISNUMBER(SEARCH("ERROR", I29)), ISNUMBER(SEARCH("TIME OUT", D29)), ISNUMBER(SEARCH("TIME OUT", I29))),"--",D29-I29) -> 0.0531 | Q29: =IF(AND(OR(ISNUMBER(SEARCH("TIME OUT", D29)), ISNUMBER(SEARCH("ERROR", D29))), OR(ISNUMBER(SEARCH("TIME OUT", I29)), ISNUMBER(SEARCH("ERROR", I29)))), "--", IF(OR(ISNUMBER(SEARCH("TIME OUT", D29)), ISNUMBER(SEARCH("ERROR", D29))), "QE", IF(OR(ISNUMBER(SEARCH("TIME OUT", I29)), ISNUMBER(SEARCH("ERROR", I29))), "RC", IF(P29=0, "TIE", IF(P29>0, "QE", "RC"))))) -> QE | R29: =IF(P29="--","--",TEXT(MIN(D29,I29)/MAX(D29,I29),"0.000%")) -> 86.879% | S29: =IF(OR(ISNUMBER(SEARCH("ERROR", E29)), ISNUMBER(SEARCH("ERROR", J29)), ISNUMBER(SEARCH("TIME OUT", E29)), ISNUMBER(SEARCH("TIME OUT", J29))),"--",E29-J29) -> 0.0564 | T29: =IF(AND(OR(ISNUMBER(SEARCH("TIME OUT", E29)), ISNUMBER(SEARCH("ERROR", E29))), OR(ISNUMBER(SEARCH("TIME OUT", J29)), ISNUMBER(SEARCH("ERROR", J29)))), "--", IF(OR(ISNUMBER(SEARCH("TIME OUT", E29)), ISNUMBER(SEARCH("ERROR", E29))), "QE", IF(OR(ISNUMBER(SEARCH("TIME OUT", J29)), ISNUMBER(SEARCH("ERROR", J29))), "RC", IF(S29=0, "TIE", IF(S29>0, "QE", "RC"))))) -> QE | U29: =IF(S29="--","--",TEXT(MIN(E29,J29)/MAX(E29,J29),"0.000%")) -> 85.904% | V29: =IF(OR(ISNUMBER(SEARCH("ERROR", F29)), ISNUMBER(SEARCH("ERROR", K29)), ISNUMBER(SEARCH("TIME OUT", F29)), ISNUMBER(SEARCH("TIME OUT", K29))),"--",F29-K29) -> 0 | W29: =IF(AND(OR(ISNUMBER(SEARCH("TIME OUT", F29)), ISNUMBER(SEARCH("ERROR", F29))), OR(ISNUMBER(SEARCH("TIME OUT", K29)), ISNUMBER(SEARCH("ERROR", K29)))), "--", IF(OR(ISNUMBER(SEARCH("TIME OUT", F29)), ISNUMBER(SEARCH("ERROR", F29))), "QE", IF(OR(ISNUMBER(SEARCH("TIME OUT", K29)), ISNUMBER(SEARCH("ERROR", K29))), "RC", IF(V29=0, "TIE", IF(V29>0, "QE", "RC"))))) -> TIE | X29: =IF(V29="--","--",TEXT(MIN(F29,K29)/MAX(F29,K29),"0.000%")) -> 100.000% | Z29: No. times faster (cputime)
A30: 73 | B30: [skoEC1, skoRC1, skoXC1] | C30: 47015669 | D30: 0.4047 | E30: 0.3986 | F30: 327 | G30: [skoEC1, skoRC1, skoXC1] | H30: 30555519 | I30: 0.3594 | J30: 0.3484 | K30: 327 | L30: =IF(OR(ISNUMBER(SEARCH("ERROR", B30)), ISNUMBER(SEARCH("ERROR", G30)), ISNUMBER(SEARCH("TIME OUT", B30)), ISNUMBER(SEARCH("TIME OUT", G30))), "--", B30=G30) -> TRUE | M30: =IF(OR(ISNUMBER(SEARCH("ERROR", C30)), ISNUMBER(SEARCH("ERROR", H30)), ISNUMBER(SEARCH("TIME OUT", C30)), ISNUMBER(SEARCH("TIME OUT", H30))),"--",C30-H30) -> 16460150 | N30: =IF(AND(OR(ISNUMBER(SEARCH("TIME OUT", C30)), ISNUMBER(SEARCH("ERROR", C30))), OR(ISNUMBER(SEARCH("TIME OUT", H30)), ISNUMBER(SEARCH("ERROR", H30)))), "--", IF(OR(ISNUMBER(SEARCH("TIME OUT", C30)), ISNUMBER(SEARCH("ERROR", C30))), "QE", IF(OR(ISNUMBER(SEARCH("TIME OUT", H30)), ISNUMBER(SEARCH("ERROR", H30))), "RC", IF(M30=0, "TIE", IF(M30>0, "QE", "RC"))))) -> QE | O30: =IF(M30="--","--",TEXT(MIN(C30,H30)/MAX(C30,H30),"0.000%")) -> 64.990% | P30: =IF(OR(ISNUMBER(SEARCH("ERROR", D30)), ISNUMBER(SEARCH("ERROR", I30)), ISNUMBER(SEARCH("TIME OUT", D30)), ISNUMBER(SEARCH("TIME OUT", I30))),"--",D30-I30) -> 0.0453 | Q30: =IF(AND(OR(ISNUMBER(SEARCH("TIME OUT", D30)), ISNUMBER(SEARCH("ERROR", D30))), OR(ISNUMBER(SEARCH("TIME OUT", I30)), ISNUMBER(SEARCH("ERROR", I30)))), "--", IF(OR(ISNUMBER(SEARCH("TIME OUT", D30)), ISNUMBER(SEARCH("ERROR", D30))), "QE", IF(OR(ISNUMBER(SEARCH("TIME OUT", I30)), ISNUMBER(SEARCH("ERROR", I30))), "RC", IF(P30=0, "TIE", IF(P30>0, "QE", "RC"))))) -> QE | R30: =IF(P30="--","--",TEXT(MIN(D30,I30)/MAX(D30,I30),"0.000%")) -> 88.807% | S30: =IF(OR(ISNUMBER(SEARCH("ERROR", E30)), ISNUMBER(SEARCH("ERROR", J30)), ISNUMBER(SEARCH("TIME OUT", E30)), ISNUMBER(SEARCH("TIME OUT", J30))),"--",E30-J30) -> 0.0502 | T30: =IF(AND(OR(ISNUMBER(SEARCH("TIME OUT", E30)), ISNUMBER(SEARCH("ERROR", E30))), OR(ISNUMBER(SEARCH("TIME OUT", J30)), ISNUMBER(SEARCH("ERROR", J30)))), "--", IF(OR(ISNUMBER(SEARCH("TIME OUT", E30)), ISNUMBER(SEARCH("ERROR", E30))), "QE", IF(OR(ISNUMBER(SEARCH("TIME OUT", J30)), ISNUMBER(SEARCH("ERROR", J30))), "RC", IF(S30=0, "TIE", IF(S30>0, "QE", "RC"))))) -> QE | U30: =IF(S30="--","--",TEXT(MIN(E30,J30)/MAX(E30,J30),"0.000%")) -> 87.406% | V30: =IF(OR(ISNUMBER(SEARCH("ERROR", F30)), ISNUMBER(SEARCH("ERROR", K30)), ISNUMBER(SEARCH("TIME OUT", F30)), ISNUMBER(SEARCH("TIME OUT", K30))),"--",F30-K30) -> 0 | W30: =IF(AND(OR(ISNUMBER(SEARCH("TIME OUT", F30)), ISNUMBER(SEARCH("ERROR", F30))), OR(ISNUMBER(SEARCH("TIME OUT", K30)), ISNUMBER(SEARCH("ERROR", K30)))), "--", IF(OR(ISNUMBER(SEARCH("TIME OUT", F30)), ISNUMBER(SEARCH("ERROR", F30))), "QE", IF(OR(ISNUMBER(SEARCH("TIME OUT", K30)), ISNUMBER(SEARCH("ERROR", K30))), "RC", IF(V30=0, "TIE", IF(V30>0, "QE", "RC"))))) -> TIE | X30: =IF(V30="--","--",TEXT(MIN(F30,K30)/MAX(F30,K30),"0.000%")) -> 100.000% | Z30: =Z7&": "&AC7&" ("&TEXT(AD7,"0.00%")&"), "&AC14&" actual ("&TEXT(AD14,"0.00%")&")" -> RC: 35 (52.24%), 4 actual (5.97%)
A31: 75 | B31: [skoEC1, skoRC1, skoXC1] | C31: 1748170255 | D31: 19.8735 | E31: 16.1618 | F31: 13005 | G31: TIME OUT | H31: TIME OUT | I31: TIME OUT | J31: TIME OUT | K31: TIME OUT | L31: =IF(OR(ISNUMBER(SEARCH("ERROR", B31)), ISNUMBER(SEARCH("ERROR", G31)), ISNUMBER(SEARCH("TIME OUT", B31)), ISNUMBER(SEARCH("TIME OUT", G31))), "--", B31=G31) -> -- | M31: =IF(OR(ISNUMBER(SEARCH("ERROR", C31)), ISNUMBER(SEARCH("ERROR", H31)), ISNUMBER(SEARCH("TIME OUT", C31)), ISNUMBER(SEARCH("TIME OUT", H31))),"--",C31-H31) -> -- | N31: =IF(AND(OR(ISNUMBER(SEARCH("TIME OUT", C31)), ISNUMBER(SEARCH("ERROR", C31))), OR(ISNUMBER(SEARCH("TIME OUT", H31)), ISNUMBER(SEARCH("ERROR", H31)))), "--", IF(OR(ISNUMBER(SEARCH("TIME OUT", C31)), ISNUMBER(SEARCH("ERROR", C31))), "QE", IF(OR(ISNUMBER(SEARCH("TIME OUT", H31)), ISNUMBER(SEARCH("ERROR", H31))), "RC", IF(M31=0, "TIE", IF(M31>0, "QE", "RC"))))) -> RC | O31: =IF(M31="--","--",TEXT(MIN(C31,H31)/MAX(C31,H31),"0.000%")) -> -- | P31: =IF(OR(ISNUMBER(SEARCH("ERROR", D31)), ISNUMBER(SEARCH("ERROR", I31)), ISNUMBER(SEARCH("TIME OUT", D31)), ISNUMBER(SEARCH("TIME OUT", I31))),"--",D31-I31) -> -- | Q31: =IF(AND(OR(ISNUMBER(SEARCH("TIME OUT", D31)), ISNUMBER(SEARCH("ERROR", D31))), OR(ISNUMBER(SEARCH("TIME OUT", I31)), ISNUMBER(SEARCH("ERROR", I31)))), "--", IF(OR(ISNUMBER(SEARCH("TIME OUT", D31)), ISNUMBER(SEARCH("ERROR", D31))), "QE", IF(OR(ISNUMBER(SEARCH("TIME OUT", I31)), ISNUMBER(SEARCH("ERROR", I31))), "RC", IF(P31=0, "TIE", IF(P31>0, "QE", "RC"))))) -> RC | R31: =IF(P31="--","--",TEXT(MIN(D31,I31)/MAX(D31,I31),"0.000%")) -> -- | S31: =IF(OR(ISNUMBER(SEARCH("ERROR", E31)), ISNUMBER(SEARCH("ERROR", J31)), ISNUMBER(SEARCH("TIME OUT", E31)), ISNUMBER(SEARCH("TIME OUT", J31))),"--",E31-J31) -> -- | T31: =IF(AND(OR(ISNUMBER(SEARCH("TIME OUT", E31)), ISNUMBER(SEARCH("ERROR", E31))), OR(ISNUMBER(SEARCH("TIME OUT", J31)), ISNUMBER(SEARCH("ERROR", J31)))), "--", IF(OR(ISNUMBER(SEARCH("TIME OUT", E31)), ISNUMBER(SEARCH("ERROR", E31))), "QE", IF(OR(ISNUMBER(SEARCH("TIME OUT", J31)), ISNUMBER(SEARCH("ERROR", J31))), "RC", IF(S31=0, "TIE", IF(S31>0, "QE", "RC"))))) -> RC | U31: =IF(S31="--","--",TEXT(MIN(E31,J31)/MAX(E31,J31),"0.000%")) -> -- | V31: =IF(OR(ISNUMBER(SEARCH("ERROR", F31)), ISNUMBER(SEARCH("ERROR", K31)), ISNUMBER(SEARCH("TIME OUT", F31)), ISNUMBER(SEARCH("TIME OUT", K31))),"--",F31-K31) -> -- | W31: =IF(AND(OR(ISNUMBER(SEARCH("TIME OUT", F31)), ISNUMBER(SEARCH("ERROR", F31))), OR(ISNUMBER(SEARCH("TIME OUT", K31)), ISNUMBER(SEARCH("ERROR", K31)))), "--", IF(OR(ISNUMBER(SEARCH("TIME OUT", F31)), ISNUMBER(SEARCH("ERROR", F31))), "QE", IF(OR(ISNUMBER(SEARCH("TIME OUT", K31)), ISNUMBER(SEARCH("ERROR", K31))), "RC", IF(V31=0, "TIE", IF(V31>0, "QE", "RC"))))) -> RC | X31: =IF(V31="--","--",TEXT(MIN(F31,K31)/MAX(F31,K31),"0.000%")) -> -- | Z31: =Z8&": "&AC8&" ("&TEXT(AD8,"0.00%")&"), "&AC15&" actual ("&TEXT(AD15,"0.00%")&")" -> QE: 10 (14.93%), 10 actual (14.93%)
A32: 76 | B32: [skoEC1, skoRC1, skoXC1] | C32: 2330064 | D32: 0.0172 | E32: 0.0172 | F32: 9 | G32: [skoEC1, skoRC1, skoXC1] | H32: 4424866 | I32: 0.0484 | J32: 0.0485 | K32: 57 | L32: =IF(OR(ISNUMBER(SEARCH("ERROR", B32)), ISNUMBER(SEARCH("ERROR", G32)), ISNUMBER(SEARCH("TIME OUT", B32)), ISNUMBER(SEARCH("TIME OUT", G32))), "--", B32=G32) -> TRUE | M32: =IF(OR(ISNUMBER(SEARCH("ERROR", C32)), ISNUMBER(SEARCH("ERROR", H32)), ISNUMBER(SEARCH("TIME OUT", C32)), ISNUMBER(SEARCH("TIME OUT", H32))),"--",C32-H32) -> -2094802 | N32: =IF(AND(OR(ISNUMBER(SEARCH("TIME OUT", C32)), ISNUMBER(SEARCH("ERROR", C32))), OR(ISNUMBER(SEARCH("TIME OUT", H32)), ISNUMBER(SEARCH("ERROR", H32)))), "--", IF(OR(ISNUMBER(SEARCH("TIME OUT", C32)), ISNUMBER(SEARCH("ERROR", C32))), "QE", IF(OR(ISNUMBER(SEARCH("TIME OUT", H32)), ISNUMBER(SEARCH("ERROR", H32))), "RC", IF(M32=0, "TIE", IF(M32>0, "QE", "RC"))))) -> RC | O32: =IF(M32="--","--",TEXT(MIN(C32,H32)/MAX(C32,H32),"0.000%")) -> 52.658% | P32: =IF(OR(ISNUMBER(SEARCH("ERROR", D32)), ISNUMBER(SEARCH("ERROR", I32)), ISNUMBER(SEARCH("TIME OUT", D32)), ISNUMBER(SEARCH("TIME OUT", I32))),"--",D32-I32) -> -0.0312 | Q32: =IF(AND(OR(ISNUMBER(SEARCH("TIME OUT", D32)), ISNUMBER(SEARCH("ERROR", D32))), OR(ISNUMBER(SEARCH("TIME OUT", I32)), ISNUMBER(SEARCH("ERROR", I32)))), "--", IF(OR(ISNUMBER(SEARCH("TIME OUT", D32)), ISNUMBER(SEARCH("ERROR", D32))), "QE", IF(OR(ISNUMBER(SEARCH("TIME OUT", I32)), ISNUMBER(SEARCH("ERROR", I32))), "RC", IF(P32=0, "TIE", IF(P32>0, "QE", "RC"))))) -> RC | R32: =IF(P32="--","--",TEXT(MIN(D32,I32)/MAX(D32,I32),"0.000%")) -> 35.537% | S32: =IF(OR(ISNUMBER(SEARCH("ERROR", E32)), ISNUMBER(SEARCH("ERROR", J32)), ISNUMBER(SEARCH("TIME OUT", E32)), ISNUMBER(SEARCH("TIME OUT", J32))),"--",E32-J32) -> -0.0313 | T32: =IF(AND(OR(ISNUMBER(SEARCH("TIME OUT", E32)), ISNUMBER(SEARCH("ERROR", E32))), OR(ISNUMBER(SEARCH("TIME OUT", J32)), ISNUMBER(SEARCH("ERROR", J32)))), "--", IF(OR(ISNUMBER(SEARCH("TIME OUT", E32)), ISNUMBER(SEARCH("ERROR", E32))), "QE", IF(OR(ISNUMBER(SEARCH("TIME OUT", J32)), ISNUMBER(SEARCH("ERROR", J32))), "RC", IF(S32=0, "TIE", IF(S32>0, "QE", "RC"))))) -> RC | U32: =IF(S32="--","--",TEXT(MIN(E32,J32)/MAX(E32,J32),"0.000%")) -> 35.464% | V32: =IF(OR(ISNUMBER(SEARCH("ERROR", F32)), ISNUMBER(SEARCH("ERROR", K32)), ISNUMBER(SEARCH("TIME OUT", F32)), ISNUMBER(SEARCH("TIME OUT", K32))),"--",F32-K32) -> -48 | W32: =IF(AND(OR(ISNUMBER(SEARCH("TIME OUT", F32)), ISNUMBER(SEARCH("ERROR", F32))), OR(ISNUMBER(SEARCH("TIME OUT", K32)), ISNUMBER(SEARCH("ERROR", K32)))), "--", IF(OR(ISNUMBER(SEARCH("TIME OUT", F32)), ISNUMBER(SEARCH("ERROR", F32))), "QE", IF(OR(ISNUMBER(SEARCH("TIME OUT", K32)), ISNUMBER(SEARCH("ERROR", K32))), "RC", IF(V32=0, "TIE", IF(V32>0, "QE", "RC"))))) -> RC | X32: =IF(V32="--","--",TEXT(MIN(F32,K32)/MAX(F32,K32),"0.000%")) -> 15.789%
A33: 77 | B33: [skoEC1, skoRC1, skoXC1] | C33: 1733844291 | D33: 19.761 | E33: 16.0929 | F33: 13005 | G33: TIME OUT | H33: TIME OUT | I33: TIME OUT | J33: TIME OUT | K33: TIME OUT | L33: =IF(OR(ISNUMBER(SEARCH("ERROR", B33)), ISNUMBER(SEARCH("ERROR", G33)), ISNUMBER(SEARCH("TIME OUT", B33)), ISNUMBER(SEARCH("TIME OUT", G33))), "--", B33=G33) -> -- | M33: =IF(OR(ISNUMBER(SEARCH("ERROR", C33)), ISNUMBER(SEARCH("ERROR", H33)), ISNUMBER(SEARCH("TIME OUT", C33)), ISNUMBER(SEARCH("TIME OUT", H33))),"--",C33-H33) -> -- | N33: =IF(AND(OR(ISNUMBER(SEARCH("TIME OUT", C33)), ISNUMBER(SEARCH("ERROR", C33))), OR(ISNUMBER(SEARCH("TIME OUT", H33)), ISNUMBER(SEARCH("ERROR", H33)))), "--", IF(OR(ISNUMBER(SEARCH("TIME OUT", C33)), ISNUMBER(SEARCH("ERROR", C33))), "QE", IF(OR(ISNUMBER(SEARCH("TIME OUT", H33)), ISNUMBER(SEARCH("ERROR", H33))), "RC", IF(M33=0, "TIE", IF(M33>0, "QE", "RC"))))) -> RC | O33: =IF(M33="--","--",TEXT(MIN(C33,H33)/MAX(C33,H33),"0.000%")) -> -- | P33: =IF(OR(ISNUMBER(SEARCH("ERROR", D33)), ISNUMBER(SEARCH("ERROR", I33)), ISNUMBER(SEARCH("TIME OUT", D33)), ISNUMBER(SEARCH("TIME OUT", I33))),"--",D33-I33) -> -- | Q33: =IF(AND(OR(ISNUMBER(SEARCH("TIME OUT", D33)), ISNUMBER(SEARCH("ERROR", D33))), OR(ISNUMBER(SEARCH("TIME OUT", I33)), ISNUMBER(SEARCH("ERROR", I33)))), "--", IF(OR(ISNUMBER(SEARCH("TIME OUT", D33)), ISNUMBER(SEARCH("ERROR", D33))), "QE", IF(OR(ISNUMBER(SEARCH("TIME OUT", I33)), ISNUMBER(SEARCH("ERROR", I33))), "RC", IF(P33=0, "TIE", IF(P33>0, "QE", "RC"))))) -> RC | R33: =IF(P33="--","--",TEXT(MIN(D33,I33)/MAX(D33,I33),"0.000%")) -> -- | S33: =IF(OR(ISNUMBER(SEARCH("ERROR", E33)), ISNUMBER(SEARCH("ERROR", J33)), ISNUMBER(SEARCH("TIME OUT", E33)), ISNUMBER(SEARCH("TIME OUT", J33))),"--",E33-J33) -> -- | T33: =IF(AND(OR(ISNUMBER(SEARCH("TIME OUT", E33)), ISNUMBER(SEARCH("ERROR", E33))), OR(ISNUMBER(SEARCH("TIME OUT", J33)), ISNUMBER(SEARCH("ERROR", J33)))), "--", IF(OR(ISNUMBER(SEARCH("TIME OUT", E33)), ISNUMBER(SEARCH("ERROR", E33))), "QE", IF(OR(ISNUMBER(SEARCH("TIME OUT", J33)), ISNUMBER(SEARCH("ERROR", J33))), "RC", IF(S33=0, "TIE", IF(S33>0, "QE", "RC"))))) -> RC | U33: =IF(S33="--","--",TEXT(MIN(E33,J33)/MAX(E33,J33),"0.000%")) -> -- | V33: =IF(OR(ISNUMBER(SEARCH("ERROR", F33)), ISNUMBER(SEARCH("ERROR", K33)), ISNUMBER(SEARCH("TIME OUT", F33)), ISNUMBER(SEARCH("TIME OUT", K33))),"--",F33-K33) -> -- | W33: =IF(AND(OR(ISNUMBER(SEARCH("TIME OUT", F33)), ISNUMBER(SEARCH("ERROR", F33))), OR(ISNUMBER(SEARCH("TIME OUT", K33)), ISNUMBER(SEARCH("ERROR", K33)))), "--", IF(OR(ISNUMBER(SEARCH("TIME OUT", F33)), ISNUMBER(SEARCH("ERROR", F33))), "QE", IF(OR(ISNUMBER(SEARCH("TIME OUT", K33)), ISNUMBER(SEARCH("ERROR", K33))), "RC", IF(V33=0, "TIE", IF(V33>0, "QE", "RC"))))) -> RC | X33: =IF(V33="--","--",TEXT(MIN(F33,K33)/MAX(F33,K33),"0.000%")) -> -- | Z33: No. times fewer cells
A34: 78 | B34: [skoEC1, skoRC1, skoXC1] | C34: 1745379216 | D34: 19.6157 | E34: 16.048 | F34: 13005 | G34: TIME OUT | H34: TIME OUT | I34: TIME OUT | J34: TIME OUT | K34: TIME OUT | L34: =IF(OR(ISNUMBER(SEARCH("ERROR", B34)), ISNUMBER(SEARCH("ERROR", G34)), ISNUMBER(SEARCH("TIME OUT", B34)), ISNUMBER(SEARCH("TIME OUT", G34))), "--", B34=G34) -> -- | M34: =IF(OR(ISNUMBER(SEARCH("ERROR", C34)), ISNUMBER(SEARCH("ERROR", H34)), ISNUMBER(SEARCH("TIME OUT", C34)), ISNUMBER(SEARCH("TIME OUT", H34))),"--",C34-H34) -> -- | N34: =IF(AND(OR(ISNUMBER(SEARCH("TIME OUT", C34)), ISNUMBER(SEARCH("ERROR", C34))), OR(ISNUMBER(SEARCH("TIME OUT", H34)), ISNUMBER(SEARCH("ERROR", H34)))), "--", IF(OR(ISNUMBER(SEARCH("TIME OUT", C34)), ISNUMBER(SEARCH("ERROR", C34))), "QE", IF(OR(ISNUMBER(SEARCH("TIME OUT", H34)), ISNUMBER(SEARCH("ERROR", H34))), "RC", IF(M34=0, "TIE", IF(M34>0, "QE", "RC"))))) -> RC | O34: =IF(M34="--","--",TEXT(MIN(C34,H34)/MAX(C34,H34),"0.000%")) -> -- | P34: =IF(OR(ISNUMBER(SEARCH("ERROR", D34)), ISNUMBER(SEARCH("ERROR", I34)), ISNUMBER(SEARCH("TIME OUT", D34)), ISNUMBER(SEARCH("TIME OUT", I34))),"--",D34-I34) -> -- | Q34: =IF(AND(OR(ISNUMBER(SEARCH("TIME OUT", D34)), ISNUMBER(SEARCH("ERROR", D34))), OR(ISNUMBER(SEARCH("TIME OUT", I34)), ISNUMBER(SEARCH("ERROR", I34)))), "--", IF(OR(ISNUMBER(SEARCH("TIME OUT", D34)), ISNUMBER(SEARCH("ERROR", D34))), "QE", IF(OR(ISNUMBER(SEARCH("TIME OUT", I34)), ISNUMBER(SEARCH("ERROR", I34))), "RC", IF(P34=0, "TIE", IF(P34>0, "QE", "RC"))))) -> RC | R34: =IF(P34="--","--",TEXT(MIN(D34,I34)/MAX(D34,I34),"0.000%")) -> -- | S34: =IF(OR(ISNUMBER(SEARCH("ERROR", E34)), ISNUMBER(SEARCH("ERROR", J34)), ISNUMBER(SEARCH("TIME OUT", E34)), ISNUMBER(SEARCH("TIME OUT", J34))),"--",E34-J34) -> -- | T34: =IF(AND(OR(ISNUMBER(SEARCH("TIME OUT", E34)), ISNUMBER(SEARCH("ERROR", E34))), OR(ISNUMBER(SEARCH("TIME OUT", J34)), ISNUMBER(SEARCH("ERROR", J34)))), "--", IF(OR(ISNUMBER(SEARCH("TIME OUT", E34)), ISNUMBER(SEARCH("ERROR", E34))), "QE", IF(OR(ISNUMBER(SEARCH("TIME OUT", J34)), ISNUMBER(SEARCH("ERROR", J34))), "RC", IF(S34=0, "TIE", IF(S34>0, "QE", "RC"))))) -> RC | U34: =IF(S34="--","--",TEXT(MIN(E34,J34)/MAX(E34,J34),"0.000%")) -> -- | V34: =IF(OR(ISNUMBER(SEARCH("ERROR", F34)), ISNUMBER(SEARCH("ERROR", K34)), ISNUMBER(SEARCH("TIME OUT", F34)), ISNUMBER(SEARCH("TIME OUT", K34))),"--",F34-K34) -> -- | W34: =IF(AND(OR(ISNUMBER(SEARCH("TIME OUT", F34)), ISNUMBER(SEARCH("ERROR", F34))), OR(ISNUMBER(SEARCH("TIME OUT", K34)), ISNUMBER(SEARCH("ERROR", K34)))), "--", IF(OR(ISNUMBER(SEARCH("TIME OUT", F34)), ISNUMBER(SEARCH("ERROR", F34))), "QE", IF(OR(ISNUMBER(SEARCH("TIME OUT", K34)), ISNUMBER(SEARCH("ERROR", K34))), "RC", IF(V34=0, "TIE", IF(V34>0, "QE", "RC"))))) -> RC | X34: =IF(V34="--","--",TEXT(MIN(F34,K34)/MAX(F34,K34),"0.000%")) -> -- | Z34: =Z7&": "&AG7&" ("&TEXT(AH7,"0.00%")&"), "&AG14&" actual ("&TEXT(AH14,"0.00%")&")" -> RC: 35 (52.24%), 4 actual (5.97%)
A35: 79 | B35: [skoEC1, skoRC1, skoXC1] | C35: 1743171270 | D35: 19.6984 | E35: 16.0458 | F35: 13005 | G35: TIME OUT | H35: TIME OUT | I35: TIME OUT | J35: TIME OUT | K35: TIME OUT | L35: =IF(OR(ISNUMBER(SEARCH("ERROR", B35)), ISNUMBER(SEARCH("ERROR", G35)), ISNUMBER(SEARCH("TIME OUT", B35)), ISNUMBER(SEARCH("TIME OUT", G35))), "--", B35=G35) -> -- | M35: =IF(OR(ISNUMBER(SEARCH("ERROR", C35)), ISNUMBER(SEARCH("ERROR", H35)), ISNUMBER(SEARCH("TIME OUT", C35)), ISNUMBER(SEARCH("TIME OUT", H35))),"--",C35-H35) -> -- | N35: =IF(AND(OR(ISNUMBER(SEARCH("TIME OUT", C35)), ISNUMBER(SEARCH("ERROR", C35))), OR(ISNUMBER(SEARCH("TIME OUT", H35)), ISNUMBER(SEARCH("ERROR", H35)))), "--", IF(OR(ISNUMBER(SEARCH("TIME OUT", C35)), ISNUMBER(SEARCH("ERROR", C35))), "QE", IF(OR(ISNUMBER(SEARCH("TIME OUT", H35)), ISNUMBER(SEARCH("ERROR", H35))), "RC", IF(M35=0, "TIE", IF(M35>0, "QE", "RC"))))) -> RC | O35: =IF(M35="--","--",TEXT(MIN(C35,H35)/MAX(C35,H35),"0.000%")) -> -- | P35: =IF(OR(ISNUMBER(SEARCH("ERROR", D35)), ISNUMBER(SEARCH("ERROR", I35)), ISNUMBER(SEARCH("TIME OUT", D35)), ISNUMBER(SEARCH("TIME OUT", I35))),"--",D35-I35) -> -- | Q35: =IF(AND(OR(ISNUMBER(SEARCH("TIME OUT", D35)), ISNUMBER(SEARCH("ERROR", D35))), OR(ISNUMBER(SEARCH("TIME OUT", I35)), ISNUMBER(SEARCH("ERROR", I35)))), "--", IF(OR(ISNUMBER(SEARCH("TIME OUT", D35)), ISNUMBER(SEARCH("ERROR", D35))), "QE", IF(OR(ISNUMBER(SEARCH("TIME OUT", I35)), ISNUMBER(SEARCH("ERROR", I35))), "RC", IF(P35=0, "TIE", IF(P35>0, "QE", "RC"))))) -> RC | R35: =IF(P35="--","--",TEXT(MIN(D35,I35)/MAX(D35,I35),"0.000%")) -> -- | S35: =IF(OR(ISNUMBER(SEARCH("ERROR", E35)), ISNUMBER(SEARCH("ERROR", J35)), ISNUMBER(SEARCH("TIME OUT", E35)), ISNUMBER(SEARCH("TIME OUT", J35))),"--",E35-J35) -> -- | T35: =IF(AND(OR(ISNUMBER(SEARCH("TIME OUT", E35)), ISNUMBER(SEARCH("ERROR", E35))), OR(ISNUMBER(SEARCH("TIME OUT", J35)), ISNUMBER(SEARCH("ERROR", J35)))), "--", IF(OR(ISNUMBER(SEARCH("TIME OUT", E35)), ISNUMBER(SEARCH("ERROR", E35))), "QE", IF(OR(ISNUMBER(SEARCH("TIME OUT", J35)), ISNUMBER(SEARCH("ERROR", J35))), "RC", IF(S35=0, "TIE", IF(S35>0, "QE", "RC"))))) -> RC | U35: =IF(S35="--","--",TEXT(MIN(E35,J35)/MAX(E35,J35),"0.000%")) -> -- | V35: =IF(OR(ISNUMBER(SEARCH("ERROR", F35)), ISNUMBER(SEARCH("ERROR", K35)), ISNUMBER(SEARCH("TIME OUT", F35)), ISNUMBER(SEARCH("TIME OUT", K35))),"--",F35-K35) -> -- | W35: =IF(AND(OR(ISNUMBER(SEARCH("TIME OUT", F35)), ISNUMBER(SEARCH("ERROR", F35))), OR(ISNUMBER(SEARCH("TIME OUT", K35)), ISNUMBER(SEARCH("ERROR", K35)))), "--", IF(OR(ISNUMBER(SEARCH("TIME OUT", F35)), ISNUMBER(SEARCH("ERROR", F35))), "QE", IF(OR(ISNUMBER(SEARCH("TIME OUT", K35)), ISNUMBER(SEARCH("ERROR", K35))), "RC", IF(V35=0, "TIE", IF(V35>0, "QE", "RC"))))) -> RC | X35: =IF(V35="--","--",TEXT(MIN(F35,K35)/MAX(F35,K35),"0.000%")) -> -- | Z35: =Z8&": "&AG8&" ("&TEXT(AH8,"0.00%")&"), "&AG15&" actual ("&TEXT(AH15,"0.00%")&")" -> QE: 0 (0.00%), 0 actual (0.00%)
A36: 80 | B36: [skoEC1, skoRC1, skoXC1] | C36: 1745638124 | D36: 19.7328 | E36: 16.1087 | F36: 13005 | G36: TIME OUT | H36: TIME OUT | I36: TIME OUT | J36: TIME OUT | K36: TIME OUT | L36: =IF(OR(ISNUMBER(SEARCH("ERROR", B36)), ISNUMBER(SEARCH("ERROR", G36)), ISNUMBER(SEARCH("TIME OUT", B36)), ISNUMBER(SEARCH("TIME OUT", G36))), "--", B36=G36) -> -- | M36: =IF(OR(ISNUMBER(SEARCH("ERROR", C36)), ISNUMBER(SEARCH("ERROR", H36)), ISNUMBER(SEARCH("TIME OUT", C36)), ISNUMBER(SEARCH("TIME OUT", H36))),"--",C36-H36) -> -- | N36: =IF(AND(OR(ISNUMBER(SEARCH("TIME OUT", C36)), ISNUMBER(SEARCH("ERROR", C36))), OR(ISNUMBER(SEARCH("TIME OUT", H36)), ISNUMBER(SEARCH("ERROR", H36)))), "--", IF(OR(ISNUMBER(SEARCH("TIME OUT", C36)), ISNUMBER(SEARCH("ERROR", C36))), "QE", IF(OR(ISNUMBER(SEARCH("TIME OUT", H36)), ISNUMBER(SEARCH("ERROR", H36))), "RC", IF(M36=0, "TIE", IF(M36>0, "QE", "RC"))))) -> RC | O36: =IF(M36="--","--",TEXT(MIN(C36,H36)/MAX(C36,H36),"0.000%")) -> -- | P36: =IF(OR(ISNUMBER(SEARCH("ERROR", D36)), ISNUMBER(SEARCH("ERROR", I36)), ISNUMBER(SEARCH("TIME OUT", D36)), ISNUMBER(SEARCH("TIME OUT", I36))),"--",D36-I36) -> -- | Q36: =IF(AND(OR(ISNUMBER(SEARCH("TIME OUT", D36)), ISNUMBER(SEARCH("ERROR", D36))), OR(ISNUMBER(SEARCH("TIME OUT", I36)), ISNUMBER(SEARCH("ERROR", I36)))), "--", IF(OR(ISNUMBER(SEARCH("TIME OUT", D36)), ISNUMBER(SEARCH("ERROR", D36))), "QE", IF(OR(ISNUMBER(SEARCH("TIME OUT", I36)), ISNUMBER(SEARCH("ERROR", I36))), "RC", IF(P36=0, "TIE", IF(P36>0, "QE", "RC"))))) -> RC | R36: =IF(P36="--","--",TEXT(MIN(D36,I36)/MAX(D36,I36),"0.000%")) -> -- | S36: =IF(OR(ISNUMBER(SEARCH("ERROR", E36)), ISNUMBER(SEARCH("ERROR", J36)), ISNUMBER(SEARCH("TIME OUT", E36)), ISNUMBER(SEARCH("TIME OUT", J36))),"--",E36-J36) -> -- | T36: =IF(AND(OR(ISNUMBER(SEARCH("TIME OUT", E36)), ISNUMBER(SEARCH("ERROR", E36))), OR(ISNUMBER(SEARCH("TIME OUT", J36)), ISNUMBER(SEARCH("ERROR", J36)))), "--", IF(OR(ISNUMBER(SEARCH("TIME OUT", E36)), ISNUMBER(SEARCH("ERROR", E36))), "QE", IF(OR(ISNUMBER(SEARCH("TIME OUT", J36)), ISNUMBER(SEARCH("ERROR", J36))), "RC", IF(S36=0, "TIE", IF(S36>0, "QE", "RC"))))) -> RC | U36: =IF(S36="--","--",TEXT(MIN(E36,J36)/MAX(E36,J36),"0.000%")) -> -- | V36: =IF(OR(ISNUMBER(SEARCH("ERROR", F36)), ISNUMBER(SEARCH("ERROR", K36)), ISNUMBER(SEARCH("TIME OUT", F36)), ISNUMBER(SEARCH("TIME OUT", K36))),"--",F36-K36) -> -- | W36: =IF(AND(OR(ISNUMBER(SEARCH("TIME OUT", F36)), ISNUMBER(SEARCH("ERROR", F36))), OR(ISNUMBER(SEARCH("TIME OUT", K36)), ISNUMBER(SEARCH("ERROR", K36)))), "--", IF(OR(ISNUMBER(SEARCH("TIME OUT", F36)), ISNUMBER(SEARCH("ERROR", F36))), "QE", IF(OR(ISNUMBER(SEARCH("TIME OUT", K36)), ISNUMBER(SEARCH("ERROR", K36))), "RC", IF(V36=0, "TIE", IF(V36>0, "QE", "RC"))))) -> RC | X36: =IF(V36="--","--",TEXT(MIN(F36,K36)/MAX(F36,K36),"0.000%")) -> --
A37: 81 | B37: [skoEC1, skoRC1, skoXC1] | C37: 2330120 | D37: 0.0171 | E37: 0.0172 | F37: 9 | G37: [skoEC1, skoRC1, skoXC1] | H37: 4422977 | I37: 0.05 | J37: 0.05 | K37: 57 | L37: =IF(OR(ISNUMBER(SEARCH("ERROR", B37)), ISNUMBER(SEARCH("ERROR", G37)), ISNUMBER(SEARCH("TIME OUT", B37)), ISNUMBER(SEARCH("TIME OUT", G37))), "--", B37=G37) -> TRUE | M37: =IF(OR(ISNUMBER(SEARCH("ERROR", C37)), ISNUMBER(SEARCH("ERROR", H37)), ISNUMBER(SEARCH("TIME OUT", C37)), ISNUMBER(SEARCH("TIME OUT", H37))),"--",C37-H37) -> -2092857 | N37: =IF(AND(OR(ISNUMBER(SEARCH("TIME OUT", C37)), ISNUMBER(SEARCH("ERROR", C37))), OR(ISNUMBER(SEARCH("TIME OUT", H37)), ISNUMBER(SEARCH("ERROR", H37)))), "--", IF(OR(ISNUMBER(SEARCH("TIME OUT", C37)), ISNUMBER(SEARCH("ERROR", C37))), "QE", IF(OR(ISNUMBER(SEARCH("TIME OUT", H37)), ISNUMBER(SEARCH("ERROR", H37))), "RC", IF(M37=0, "TIE", IF(M37>0, "QE", "RC"))))) -> RC | O37: =IF(M37="--","--",TEXT(MIN(C37,H37)/MAX(C37,H37),"0.000%")) -> 52.682% | P37: =IF(OR(ISNUMBER(SEARCH("ERROR", D37)), ISNUMBER(SEARCH("ERROR", I37)), ISNUMBER(SEARCH("TIME OUT", D37)), ISNUMBER(SEARCH("TIME OUT", I37))),"--",D37-I37) -> -0.0329 | Q37: =IF(AND(OR(ISNUMBER(SEARCH("TIME OUT", D37)), ISNUMBER(SEARCH("ERROR", D37))), OR(ISNUMBER(SEARCH("TIME OUT", I37)), ISNUMBER(SEARCH("ERROR", I37)))), "--", IF(OR(ISNUMBER(SEARCH("TIME OUT", D37)), ISNUMBER(SEARCH("ERROR", D37))), "QE", IF(OR(ISNUMBER(SEARCH("TIME OUT", I37)), ISNUMBER(SEARCH("ERROR", I37))), "RC", IF(P37=0, "TIE", IF(P37>0, "QE", "RC"))))) -> RC | R37: =IF(P37="--","--",TEXT(MIN(D37,I37)/MAX(D37,I37),"0.000%")) -> 34.200% | S37: =IF(OR(ISNUMBER(SEARCH("ERROR", E37)), ISNUMBER(SEARCH("ERROR", J37)), ISNUMBER(SEARCH("TIME OUT", E37)), ISNUMBER(SEARCH("TIME OUT", J37))),"--",E37-J37) -> -0.0328 | T37: =IF(AND(OR(ISNUMBER(SEARCH("TIME OUT", E37)), ISNUMBER(SEARCH("ERROR", E37))), OR(ISNUMBER(SEARCH("TIME OUT", J37)), ISNUMBER(SEARCH("ERROR", J37)))), "--", IF(OR(ISNUMBER(SEARCH("TIME OUT", E37)), ISNUMBER(SEARCH("ERROR", E37))), "QE", IF(OR(ISNUMBER(SEARCH("TIME OUT", J37)), ISNUMBER(SEARCH("ERROR", J37))), "RC", IF(S37=0, "TIE", IF(S37>0, "QE", "RC"))))) -> RC | U37: =IF(S37="--","--",TEXT(MIN(E37,J37)/MAX(E37,J37),"0.000%")) -> 34.400% | V37: =IF(OR(ISNUMBER(SEARCH("ERROR", F37)), ISNUMBER(SEARCH("ERROR", K37)), ISNUMBER(SEARCH("TIME OUT", F37)), ISNUMBER(SEARCH("TIME OUT", K37))),"--",F37-K37) -> -48 | W37: =IF(AND(OR(ISNUMBER(SEARCH("TIME OUT", F37)), ISNUMBER(SEARCH("ERROR", F37))), OR(ISNUMBER(SEARCH("TIME OUT", K37)), ISNUMBER(SEARCH("ERROR", K37)))), "--", IF(OR(ISNUMBER(SEARCH("TIME OUT", F37)), ISNUMBER(SEARCH("ERROR", F37))), "QE", IF(OR(ISNUMBER(SEARCH("TIME OUT", K37)), ISNUMBER(SEARCH("ERROR", K37))), "RC", IF(V37=0, "TIE", IF(V37>0, "QE", "RC"))))) -> RC | X37: =IF(V37="--","--",TEXT(MIN(F37,K37)/MAX(F37,K37),"0.000%")) -> 15.789%
A38: 82 | B38: [skoEC1, skoRC1, skoXC1] | C38: 1743974959 | D38: 19.8485 | E38: 16.2475 | F38: 13005 | G38: TIME OUT | H38: TIME OUT | I38: TIME OUT | J38: TIME OUT | K38: TIME OUT | L38: =IF(OR(ISNUMBER(SEARCH("ERROR", B38)), ISNUMBER(SEARCH("ERROR", G38)), ISNUMBER(SEARCH("TIME OUT", B38)), ISNUMBER(SEARCH("TIME OUT", G38))), "--", B38=G38) -> -- | M38: =IF(OR(ISNUMBER(SEARCH("ERROR", C38)), ISNUMBER(SEARCH("ERROR", H38)), ISNUMBER(SEARCH("TIME OUT", C38)), ISNUMBER(SEARCH("TIME OUT", H38))),"--",C38-H38) -> -- | N38: =IF(AND(OR(ISNUMBER(SEARCH("TIME OUT", C38)), ISNUMBER(SEARCH("ERROR", C38))), OR(ISNUMBER(SEARCH("TIME OUT", H38)), ISNUMBER(SEARCH("ERROR", H38)))), "--", IF(OR(ISNUMBER(SEARCH("TIME OUT", C38)), ISNUMBER(SEARCH("ERROR", C38))), "QE", IF(OR(ISNUMBER(SEARCH("TIME OUT", H38)), ISNUMBER(SEARCH("ERROR", H38))), "RC", IF(M38=0, "TIE", IF(M38>0, "QE", "RC"))))) -> RC | O38: =IF(M38="--","--",TEXT(MIN(C38,H38)/MAX(C38,H38),"0.000%")) -> -- | P38: =IF(OR(ISNUMBER(SEARCH("ERROR", D38)), ISNUMBER(SEARCH("ERROR", I38)), ISNUMBER(SEARCH("TIME OUT", D38)), ISNUMBER(SEARCH("TIME OUT", I38))),"--",D38-I38) -> -- | Q38: =IF(AND(OR(ISNUMBER(SEARCH("TIME OUT", D38)), ISNUMBER(SEARCH("ERROR", D38))), OR(ISNUMBER(SEARCH("TIME OUT", I38)), ISNUMBER(SEARCH("ERROR", I38)))), "--", IF(OR(ISNUMBER(SEARCH("TIME OUT", D38)), ISNUMBER(SEARCH("ERROR", D38))), "QE", IF(OR(ISNUMBER(SEARCH("TIME OUT", I38)), ISNUMBER(SEARCH("ERROR", I38))), "RC", IF(P38=0, "TIE", IF(P38>0, "QE", "RC"))))) -> RC | R38: =IF(P38="--","--",TEXT(MIN(D38,I38)/MAX(D38,I38),"0.000%")) -> -- | S38: =IF(OR(ISNUMBER(SEARCH("ERROR", E38)), ISNUMBER(SEARCH("ERROR", J38)), ISNUMBER(SEARCH("TIME OUT", E38)), ISNUMBER(SEARCH("TIME OUT", J38))),"--",E38-J38) -> -- | T38: =IF(AND(OR(ISNUMBER(SEARCH("TIME OUT", E38)), ISNUMBER(SEARCH("ERROR", E38))), OR(ISNUMBER(SEARCH("TIME OUT", J38)), ISNUMBER(SEARCH("ERROR", J38)))), "--", IF(OR(ISNUMBER(SEARCH("TIME OUT", E38)), ISNUMBER(SEARCH("ERROR", E38))), "QE", IF(OR(ISNUMBER(SEARCH("TIME OUT", J38)), ISNUMBER(SEARCH("ERROR", J38))), "RC", IF(S38=0, "TIE", IF(S38>0, "QE", "RC"))))) -> RC | U38: =IF(S38="--","--",TEXT(MIN(E38,J38)/MAX(E38,J38),"0.000%")) -> -- | V38: =IF(OR(ISNUMBER(SEARCH("ERROR", F38)), ISNUMBER(SEARCH("ERROR", K38)), ISNUMBER(SEARCH("TIME OUT", F38)), ISNUMBER(SEARCH("TIME OUT", K38))),"--",F38-K38) -> -- | W38: =IF(AND(OR(ISNUMBER(SEARCH("TIME OUT", F38)), ISNUMBER(SEARCH("ERROR", F38))), OR(ISNUMBER(SEARCH("TIME OUT", K38)), ISNUMBER(SEARCH("ERROR", K38)))), "--", IF(OR(ISNUMBER(SEARCH("TIME OUT", F38)), ISNUMBER(SEARCH("ERROR", F38))), "QE", IF(OR(ISNUMBER(SEARCH("TIME OUT", K38)), ISNUMBER(SEARCH("ERROR", K38))), "RC", IF(V38=0, "TIE", IF(V38>0, "QE", "RC"))))) -> RC | X38: =IF(V38="--","--",TEXT(MIN(F38,K38)/MAX(F38,K38),"0.000%")) -> --
A39: 83 | B39: [skoEC1, skoRC1, skoXC1] | C39: 1731119016 | D39: 19.6891 | E39: 16.0913 | F39: 13005 | G39: TIME OUT | H39: TIME OUT | I39: TIME OUT | J39: TIME OUT | K39: TIME OUT | L39: =IF(OR(ISNUMBER(SEARCH("ERROR", B39)), ISNUMBER(SEARCH("ERROR", G39)), ISNUMBER(SEARCH("TIME OUT", B39)), ISNUMBER(SEARCH("TIME OUT", G39))), "--", B39=G39) -> -- | M39: =IF(OR(ISNUMBER(SEARCH("ERROR", C39)), ISNUMBER(SEARCH("ERROR", H39)), ISNUMBER(SEARCH("TIME OUT", C39)), ISNUMBER(SEARCH("TIME OUT", H39))),"--",C39-H39) -> -- | N39: =IF(AND(OR(ISNUMBER(SEARCH("TIME OUT", C39)), ISNUMBER(SEARCH("ERROR", C39))), OR(ISNUMBER(SEARCH("TIME OUT", H39)), ISNUMBER(SEARCH("ERROR", H39)))), "--", IF(OR(ISNUMBER(SEARCH("TIME OUT", C39)), ISNUMBER(SEARCH("ERROR", C39))), "QE", IF(OR(ISNUMBER(SEARCH("TIME OUT", H39)), ISNUMBER(SEARCH("ERROR", H39))), "RC", IF(M39=0, "TIE", IF(M39>0, "QE", "RC"))))) -> RC | O39: =IF(M39="--","--",TEXT(MIN(C39,H39)/MAX(C39,H39),"0.000%")) -> -- | P39: =IF(OR(ISNUMBER(SEARCH("ERROR", D39)), ISNUMBER(SEARCH("ERROR", I39)), ISNUMBER(SEARCH("TIME OUT", D39)), ISNUMBER(SEARCH("TIME OUT", I39))),"--",D39-I39) -> -- | Q39: =IF(AND(OR(ISNUMBER(SEARCH("TIME OUT", D39)), ISNUMBER(SEARCH("ERROR", D39))), OR(ISNUMBER(SEARCH("TIME OUT", I39)), ISNUMBER(SEARCH("ERROR", I39)))), "--", IF(OR(ISNUMBER(SEARCH("TIME OUT", D39)), ISNUMBER(SEARCH("ERROR", D39))), "QE", IF(OR(ISNUMBER(SEARCH("TIME OUT", I39)), ISNUMBER(SEARCH("ERROR", I39))), "RC", IF(P39=0, "TIE", IF(P39>0, "QE", "RC"))))) -> RC | R39: =IF(P39="--","--",TEXT(MIN(D39,I39)/MAX(D39,I39),"0.000%")) -> -- | S39: =IF(OR(ISNUMBER(SEARCH("ERROR", E39)), ISNUMBER(SEARCH("ERROR", J39)), ISNUMBER(SEARCH("TIME OUT", E39)), ISNUMBER(SEARCH("TIME OUT", J39))),"--",E39-J39) -> -- | T39: =IF(AND(OR(ISNUMBER(SEARCH("TIME OUT", E39)), ISNUMBER(SEARCH("ERROR", E39))), OR(ISNUMBER(SEARCH("TIME OUT", J39)), ISNUMBER(SEARCH("ERROR", J39)))), "--", IF(OR(ISNUMBER(SEARCH("TIME OUT", E39)), ISNUMBER(SEARCH("ERROR", E39))), "QE", IF(OR(ISNUMBER(SEARCH("TIME OUT", J39)), ISNUMBER(SEARCH("ERROR", J39))), "RC", IF(S39=0, "TIE", IF(S39>0, "QE", "RC"))))) -> RC | U39: =IF(S39="--","--",TEXT(MIN(E39,J39)/MAX(E39,J39),"0.000%")) -> -- | V39: =IF(OR(ISNUMBER(SEARCH("ERROR", F39)), ISNUMBER(SEARCH("ERROR", K39)), ISNUMBER(SEARCH("TIME OUT", F39)), ISNUMBER(SEARCH("TIME OUT", K39))),"--",F39-K39) -> -- | W39: =IF(AND(OR(ISNUMBER(SEARCH("TIME OUT", F39)), ISNUMBER(SEARCH("ERROR", F39))), OR(ISNUMBER(SEARCH("TIME OUT", K39)), ISNUMBER(SEARCH("ERROR", K39)))), "--", IF(OR(ISNUMBER(SEARCH("TIME OUT", F39)), ISNUMBER(SEARCH("ERROR", F39))), "QE", IF(OR(ISNUMBER(SEARCH("TIME OUT", K39)), ISNUMBER(SEARCH("ERROR", K39))), "RC", IF(V39=0, "TIE", IF(V39>0, "QE", "RC"))))) -> RC | X39: =IF(V39="--","--",TEXT(MIN(F39,K39)/MAX(F39,K39),"0.000%")) -> --
A40: 84 | B40: [skoEC1, skoRC1, skoXC1] | C40: 1730566097 | D40: 19.6531 | E40: 16.0429 | F40: 13005 | G40: TIME OUT | H40: TIME OUT | I40: TIME OUT | J40: TIME OUT | K40: TIME OUT | L40: =IF(OR(ISNUMBER(SEARCH("ERROR", B40)), ISNUMBER(SEARCH("ERROR", G40)), ISNUMBER(SEARCH("TIME OUT", B40)), ISNUMBER(SEARCH("TIME OUT", G40))), "--", B40=G40) -> -- | M40: =IF(OR(ISNUMBER(SEARCH("ERROR", C40)), ISNUMBER(SEARCH("ERROR", H40)), ISNUMBER(SEARCH("TIME OUT", C40)), ISNUMBER(SEARCH("TIME OUT", H40))),"--",C40-H40) -> -- | N40: =IF(AND(OR(ISNUMBER(SEARCH("TIME OUT", C40)), ISNUMBER(SEARCH("ERROR", C40))), OR(ISNUMBER(SEARCH("TIME OUT", H40)), ISNUMBER(SEARCH("ERROR", H40)))), "--", IF(OR(ISNUMBER(SEARCH("TIME OUT", C40)), ISNUMBER(SEARCH("ERROR", C40))), "QE", IF(OR(ISNUMBER(SEARCH("TIME OUT", H40)), ISNUMBER(SEARCH("ERROR", H40))), "RC", IF(M40=0, "TIE", IF(M40>0, "QE", "RC"))))) -> RC | O40: =IF(M40="--","--",TEXT(MIN(C40,H40)/MAX(C40,H40),"0.000%")) -> -- | P40: =IF(OR(ISNUMBER(SEARCH("ERROR", D40)), ISNUMBER(SEARCH("ERROR", I40)), ISNUMBER(SEARCH("TIME OUT", D40)), ISNUMBER(SEARCH("TIME OUT", I40))),"--",D40-I40) -> -- | Q40: =IF(AND(OR(ISNUMBER(SEARCH("TIME OUT", D40)), ISNUMBER(SEARCH("ERROR", D40))), OR(ISNUMBER(SEARCH("TIME OUT", I40)), ISNUMBER(SEARCH("ERROR", I40)))), "--", IF(OR(ISNUMBER(SEARCH("TIME OUT", D40)), ISNUMBER(SEARCH("ERROR", D40))), "QE", IF(OR(ISNUMBER(SEARCH("TIME OUT", I40)), ISNUMBER(SEARCH("ERROR", I40))), "RC", IF(P40=0, "TIE", IF(P40>0, "QE", "RC"))))) -> RC | R40: =IF(P40="--","--",TEXT(MIN(D40,I40)/MAX(D40,I40),"0.000%")) -> -- | S40: =IF(OR(ISNUMBER(SEARCH("ERROR", E40)), ISNUMBER(SEARCH("ERROR", J40)), ISNUMBER(SEARCH("TIME OUT", E40)), ISNUMBER(SEARCH("TIME OUT", J40))),"--",E40-J40) -> -- | T40: =IF(AND(OR(ISNUMBER(SEARCH("TIME OUT", E40)), ISNUMBER(SEARCH("ERROR", E40))), OR(ISNUMBER(SEARCH("TIME OUT", J40)), ISNUMBER(SEARCH("ERROR", J40)))), "--", IF(OR(ISNUMBER(SEARCH("TIME OUT", E40)), ISNUMBER(SEARCH("ERROR", E40))), "QE", IF(OR(ISNUMBER(SEARCH("TIME OUT", J40)), ISNUMBER(SEARCH("ERROR", J40))), "RC", IF(S40=0, "TIE", IF(S40>0, "QE", "RC"))))) -> RC | U40: =IF(S40="--","--",TEXT(MIN(E40,J40)/MAX(E40,J40),"0.000%")) -> -- | V40: =IF(OR(ISNUMBER(SEARCH("ERROR", F40)), ISNUMBER(SEARCH("ERROR", K40)), ISNUMBER(SEARCH("TIME OUT", F40)), ISNUMBER(SEARCH("TIME OUT", K40))),"--",F40-K40) -> -- | W40: =IF(AND(OR(ISNUMBER(SEARCH("TIME OUT", F40)), ISNUMBER(SEARCH("ERROR", F40))), OR(ISNUMBER(SEARCH("TIME OUT", K40)), ISNUMBER(SEARCH("ERROR", K40)))), "--", IF(OR(ISNUMBER(SEARCH("TIME OUT", F40)), ISNUMBER(SEARCH("ERROR", F40))), "QE", IF(OR(ISNUMBER(SEARCH("TIME OUT", K40)), ISNUMBER(SEARCH("ERROR", K40))), "RC", IF(V40=0, "TIE", IF(V40>0, "QE", "RC"))))) -> RC | X40: =IF(V40="--","--",TEXT(MIN(F40,K40)/MAX(F40,K40),"0.000%")) -> --
A41: 86 | B41: [skoEC1, skoRC1, skoXC1] | C41: 15246033808 | D41: 201.1297 | E41: 149.8993 | F41: 130067 | G41: ERROR: reducible RootOf detected. Substitutions are %1 | H41: ERROR: reducible RootOf detected. Substitutions are %1 | I41: ERROR: reducible RootOf detected. Substitutions are %1 | J41: ERROR: reducible RootOf detected. Substitutions are %1 | K41: ERROR: reducible RootOf detected. Substitutions are %1 | L41: =IF(OR(ISNUMBER(SEARCH("ERROR", B41)), ISNUMBER(SEARCH("ERROR", G41)), ISNUMBER(SEARCH("TIME OUT", B41)), ISNUMBER(SEARCH("TIME OUT", G41))), "--", B41=G41) -> -- | M41: =IF(OR(ISNUMBER(SEARCH("ERROR", C41)), ISNUMBER(SEARCH("ERROR", H41)), ISNUMBER(SEARCH("TIME OUT", C41)), ISNUMBER(SEARCH("TIME OUT", H41))),"--",C41-H41) -> -- | N41: =IF(AND(OR(ISNUMBER(SEARCH("TIME OUT", C41)), ISNUMBER(SEARCH("ERROR", C41))), OR(ISNUMBER(SEARCH("TIME OUT", H41)), ISNUMBER(SEARCH("ERROR", H41)))), "--", IF(OR(ISNUMBER(SEARCH("TIME OUT", C41)), ISNUMBER(SEARCH("ERROR", C41))), "QE", IF(OR(ISNUMBER(SEARCH("TIME OUT", H41)), ISNUMBER(SEARCH("ERROR", H41))), "RC", IF(M41=0, "TIE", IF(M41>0, "QE", "RC"))))) -> RC | O41: =IF(M41="--","--",TEXT(MIN(C41,H41)/MAX(C41,H41),"0.000%")) -> -- | P41: =IF(OR(ISNUMBER(SEARCH("ERROR", D41)), ISNUMBER(SEARCH("ERROR", I41)), ISNUMBER(SEARCH("TIME OUT", D41)), ISNUMBER(SEARCH("TIME OUT", I41))),"--",D41-I41) -> -- | Q41: =IF(AND(OR(ISNUMBER(SEARCH("TIME OUT", D41)), ISNUMBER(SEARCH("ERROR", D41))), OR(ISNUMBER(SEARCH("TIME OUT", I41)), ISNUMBER(SEARCH("ERROR", I41)))), "--", IF(OR(ISNUMBER(SEARCH("TIME OUT", D41)), ISNUMBER(SEARCH("ERROR", D41))), "QE", IF(OR(ISNUMBER(SEARCH("TIME OUT", I41)), ISNUMBER(SEARCH("ERROR", I41))), "RC", IF(P41=0, "TIE", IF(P41>0, "QE", "RC"))))) -> RC | R41: =IF(P41="--","--",TEXT(MIN(D41,I41)/MAX(D41,I41),"0.000%")) -> -- | S41: =IF(OR(ISNUMBER(SEARCH("ERROR", E41)), ISNUMBER(SEARCH("ERROR", J41)), ISNUMBER(SEARCH("TIME OUT", E41)), ISNUMBER(SEARCH("TIME OUT", J41))),"--",E41-J41) -> -- | T41: =IF(AND(OR(ISNUMBER(SEARCH("TIME OUT", E41)), ISNUMBER(SEARCH("ERROR", E41))), OR(ISNUMBER(SEARCH("TIME OUT", J41)), ISNUMBER(SEARCH("ERROR", J41)))), "--", IF(OR(ISNUMBER(SEARCH("TIME OUT", E41)), ISNUMBER(SEARCH("ERROR", E41))), "QE", IF(OR(ISNUMBER(SEARCH("TIME OUT", J41)), ISNUMBER(SEARCH("ERROR", J41))), "RC", IF(S41=0, "TIE", IF(S41>0, "QE", "RC"))))) -> RC | U41: =IF(S41="--","--",TEXT(MIN(E41,J41)/MAX(E41,J41),"0.000%")) -> -- | V41: =IF(OR(ISNUMBER(SEARCH("ERROR", F41)), ISNUMBER(SEARCH("ERROR", K41)), ISNUMBER(SEARCH("TIME OUT", F41)), ISNUMBER(SEARCH("TIME OUT", K41))),"--",F41-K41) -> -- | W41: =IF(AND(OR(ISNUMBER(SEARCH("TIME OUT", F41)), ISNUMBER(SEARCH("ERROR", F41))), OR(ISNUMBER(SEARCH("TIME OUT", K41)), ISNUMBER(SEARCH("ERROR", K41)))), "--", IF(OR(ISNUMBER(SEARCH("TIME OUT", F41)), ISNUMBER(SEARCH("ERROR", F41))), "QE", IF(OR(ISNUMBER(SEARCH("TIME OUT", K41)), ISNUMBER(SEARCH("ERROR", K41))), "RC", IF(V41=0, "TIE", IF(V41>0, "QE", "RC"))))) -> RC | X41: =IF(V41="--","--",TEXT(MIN(F41,K41)/MAX(F41,K41),"0.000%")) -> -- | Z41: Both succeed: | AA41: Total memory | AB41: total cputime | AC41: total realtime | AD41: total cells
A42: 88 | B42: [skoEC1, skoRC1, skoXC1] | C42: 15250780128 | D42: 208.0563 | E42: 151.2528 | F42: 130067 | G42: ERROR: reducible RootOf detected. Substitutions are %1 | H42: ERROR: reducible RootOf detected. Substitutions are %1 | I42: ERROR: reducible RootOf detected. Substitutions are %1 | J42: ERROR: reducible RootOf detected. Substitutions are %1 | K42: ERROR: reducible RootOf detected. Substitutions are %1 | L42: =IF(OR(ISNUMBER(SEARCH("ERROR", B42)), ISNUMBER(SEARCH("ERROR", G42)), ISNUMBER(SEARCH("TIME OUT", B42)), ISNUMBER(SEARCH("TIME OUT", G42))), "--", B42=G42) -> -- | M42: =IF(OR(ISNUMBER(SEARCH("ERROR", C42)), ISNUMBER(SEARCH("ERROR", H42)), ISNUMBER(SEARCH("TIME OUT", C42)), ISNUMBER(SEARCH("TIME OUT", H42))),"--",C42-H42) -> -- | N42: =IF(AND(OR(ISNUMBER(SEARCH("TIME OUT", C42)), ISNUMBER(SEARCH("ERROR", C42))), OR(ISNUMBER(SEARCH("TIME OUT", H42)), ISNUMBER(SEARCH("ERROR", H42)))), "--", IF(OR(ISNUMBER(SEARCH("TIME OUT", C42)), ISNUMBER(SEARCH("ERROR", C42))), "QE", IF(OR(ISNUMBER(SEARCH("TIME OUT", H42)), ISNUMBER(SEARCH("ERROR", H42))), "RC", IF(M42=0, "TIE", IF(M42>0, "QE", "RC"))))) -> RC | O42: =IF(M42="--","--",TEXT(MIN(C42,H42)/MAX(C42,H42),"0.000%")) -> -- | P42: =IF(OR(ISNUMBER(SEARCH("ERROR", D42)), ISNUMBER(SEARCH("ERROR", I42)), ISNUMBER(SEARCH("TIME OUT", D42)), ISNUMBER(SEARCH("TIME OUT", I42))),"--",D42-I42) -> -- | Q42: =IF(AND(OR(ISNUMBER(SEARCH("TIME OUT", D42)), ISNUMBER(SEARCH("ERROR", D42))), OR(ISNUMBER(SEARCH("TIME OUT", I42)), ISNUMBER(SEARCH("ERROR", I42)))), "--", IF(OR(ISNUMBER(SEARCH("TIME OUT", D42)), ISNUMBER(SEARCH("ERROR", D42))), "QE", IF(OR(ISNUMBER(SEARCH("TIME OUT", I42)), ISNUMBER(SEARCH("ERROR", I42))), "RC", IF(P42=0, "TIE", IF(P42>0, "QE", "RC"))))) -> RC | R42: =IF(P42="--","--",TEXT(MIN(D42,I42)/MAX(D42,I42),"0.000%")) -> -- | S42: =IF(OR(ISNUMBER(SEARCH("ERROR", E42)), ISNUMBER(SEARCH("ERROR", J42)), ISNUMBER(SEARCH("TIME OUT", E42)), ISNUMBER(SEARCH("TIME OUT", J42))),"--",E42-J42) -> -- | T42: =IF(AND(OR(ISNUMBER(SEARCH("TIME OUT", E42)), ISNUMBER(SEARCH("ERROR", E42))), OR(ISNUMBER(SEARCH("TIME OUT", J42)), ISNUMBER(SEARCH("ERROR", J42)))), "--", IF(OR(ISNUMBER(SEARCH("TIME OUT", E42)), ISNUMBER(SEARCH("ERROR", E42))), "QE", IF(OR(ISNUMBER(SEARCH("TIME OUT", J42)), ISNUMBER(SEARCH("ERROR", J42))), "RC", IF(S42=0, "TIE", IF(S42>0, "QE", "RC"))))) -> RC | U42: =IF(S42="--","--",TEXT(MIN(E42,J42)/MAX(E42,J42),"0.000%")) -> -- | V42: =IF(OR(ISNUMBER(SEARCH("ERROR", F42)), ISNUMBER(SEARCH("ERROR", K42)), ISNUMBER(SEARCH("TIME OUT", F42)), ISNUMBER(SEARCH("TIME OUT", K42))),"--",F42-K42) -> -- | W42: =IF(AND(OR(ISNUMBER(SEARCH("TIME OUT", F42)), ISNUMBER(SEARCH("ERROR", F42))), OR(ISNUMBER(SEARCH("TIME OUT", K42)), ISNUMBER(SEARCH("ERROR", K42)))), "--", IF(OR(ISNUMBER(SEARCH("TIME OUT", F42)), ISNUMBER(SEARCH("ERROR", F42))), "QE", IF(OR(ISNUMBER(SEARCH("TIME OUT", K42)), ISNUMBER(SEARCH("ERROR", K42))), "RC", IF(V42=0, "TIE", IF(V42>0, "QE", "RC"))))) -> RC | X42: =IF(V42="--","--",TEXT(MIN(F42,K42)/MAX(F42,K42),"0.000%")) -> -- | Z42: RC | AA42: =SUMIFS(C2:C68,C2:C68,">0",H2:H68,">0") -> 391904170 | AB42: =SUMIFS(D2:D68,D2:D68,">0",I2:I68,">0") -> 3.4435 | AC42: =SUMIFS(E2:E68,E2:E68,">0",J2:J68,">0") -> 3.4036 | AD42: =SUMIFS(F2:F68,F2:F68,">0",K2:K68,">0") -> 2754
A43: 90 | B43: [skoEC1, skoRC1, skoXC1] | C43: 13973781168 | D43: 195.1797 | E43: 139.7291 | F43: 114529 | G43: ERROR: reducible RootOf detected. Substitutions are %1 | H43: ERROR: reducible RootOf detected. Substitutions are %1 | I43: ERROR: reducible RootOf detected. Substitutions are %1 | J43: ERROR: reducible RootOf detected. Substitutions are %1 | K43: ERROR: reducible RootOf detected. Substitutions are %1 | L43: =IF(OR(ISNUMBER(SEARCH("ERROR", B43)), ISNUMBER(SEARCH("ERROR", G43)), ISNUMBER(SEARCH("TIME OUT", B43)), ISNUMBER(SEARCH("TIME OUT", G43))), "--", B43=G43) -> -- | M43: =IF(OR(ISNUMBER(SEARCH("ERROR", C43)), ISNUMBER(SEARCH("ERROR", H43)), ISNUMBER(SEARCH("TIME OUT", C43)), ISNUMBER(SEARCH("TIME OUT", H43))),"--",C43-H43) -> -- | N43: =IF(AND(OR(ISNUMBER(SEARCH("TIME OUT", C43)), ISNUMBER(SEARCH("ERROR", C43))), OR(ISNUMBER(SEARCH("TIME OUT", H43)), ISNUMBER(SEARCH("ERROR", H43)))), "--", IF(OR(ISNUMBER(SEARCH("TIME OUT", C43)), ISNUMBER(SEARCH("ERROR", C43))), "QE", IF(OR(ISNUMBER(SEARCH("TIME OUT", H43)), ISNUMBER(SEARCH("ERROR", H43))), "RC", IF(M43=0, "TIE", IF(M43>0, "QE", "RC"))))) -> RC | O43: =IF(M43="--","--",TEXT(MIN(C43,H43)/MAX(C43,H43),"0.000%")) -> -- | P43: =IF(OR(ISNUMBER(SEARCH("ERROR", D43)), ISNUMBER(SEARCH("ERROR", I43)), ISNUMBER(SEARCH("TIME OUT", D43)), ISNUMBER(SEARCH("TIME OUT", I43))),"--",D43-I43) -> -- | Q43: =IF(AND(OR(ISNUMBER(SEARCH("TIME OUT", D43)), ISNUMBER(SEARCH("ERROR", D43))), OR(ISNUMBER(SEARCH("TIME OUT", I43)), ISNUMBER(SEARCH("ERROR", I43)))), "--", IF(OR(ISNUMBER(SEARCH("TIME OUT", D43)), ISNUMBER(SEARCH("ERROR", D43))), "QE", IF(OR(ISNUMBER(SEARCH("TIME OUT", I43)), ISNUMBER(SEARCH("ERROR", I43))), "RC", IF(P43=0, "TIE", IF(P43>0, "QE", "RC"))))) -> RC | R43: =IF(P43="--","--",TEXT(MIN(D43,I43)/MAX(D43,I43),"0.000%")) -> -- | S43: =IF(OR(ISNUMBER(SEARCH("ERROR", E43)), ISNUMBER(SEARCH("ERROR", J43)), ISNUMBER(SEARCH("TIME OUT", E43)), ISNUMBER(SEARCH("TIME OUT", J43))),"--",E43-J43) -> -- | T43: =IF(AND(OR(ISNUMBER(SEARCH("TIME OUT", E43)), ISNUMBER(SEARCH("ERROR", E43))), OR(ISNUMBER(SEARCH("TIME OUT", J43)), ISNUMBER(SEARCH("ERROR", J43)))), "--", IF(OR(ISNUMBER(SEARCH("TIME OUT", E43)), ISNUMBER(SEARCH("ERROR", E43))), "QE", IF(OR(ISNUMBER(SEARCH("TIME OUT", J43)), ISNUMBER(SEARCH("ERROR", J43))), "RC", IF(S43=0, "TIE", IF(S43>0, "QE", "RC"))))) -> RC | U43: =IF(S43="--","--",TEXT(MIN(E43,J43)/MAX(E43,J43),"0.000%")) -> -- | V43: =IF(OR(ISNUMBER(SEARCH("ERROR", F43)), ISNUMBER(SEARCH("ERROR", K43)), ISNUMBER(SEARCH("TIME OUT", F43)), ISNUMBER(SEARCH("TIME OUT", K43))),"--",F43-K43) -> -- | W43: =IF(AND(OR(ISNUMBER(SEARCH("TIME OUT", F43)), ISNUMBER(SEARCH("ERROR", F43))), OR(ISNUMBER(SEARCH("TIME OUT", K43)), ISNUMBER(SEARCH("ERROR", K43)))), "--", IF(OR(ISNUMBER(SEARCH("TIME OUT", F43)), ISNUMBER(SEARCH("ERROR", F43))), "QE", IF(OR(ISNUMBER(SEARCH("TIME OUT", K43)), ISNUMBER(SEARCH("ERROR", K43))), "RC", IF(V43=0, "TIE", IF(V43>0, "QE", "RC"))))) -> RC | X43: =IF(V43="--","--",TEXT(MIN(F43,K43)/MAX(F43,K43),"0.000%")) -> -- | Z43: QE | AA43: =SUMIFS(H2:H68,C2:C68,">0",H2:H68,">0") -> 270763733 | AB43: =SUMIFS(I2:I68,D2:D68,">0",I2:I68,">0") -> 3.2311 | AC43: =SUMIFS(J2:J68,E2:E68,">0",J2:J68,">0") -> 3.1712 | AD43: =SUMIFS(K2:K68,F2:F68,">0",K2:K68,">0") -> 2946
A44: 92 | B44: [skoEC1, skoRC1, skoXC1] | C44: 13960733613 | D44: 190.3172 | E44: 139.6566 | F44: 114529 | G44: ERROR: reducible RootOf detected. Substitutions are %1 | H44: ERROR: reducible RootOf detected. Substitutions are %1 | I44: ERROR: reducible RootOf detected. Substitutions are %1 | J44: ERROR: reducible RootOf detected. Substitutions are %1 | K44: ERROR: reducible RootOf detected. Substitutions are %1 | L44: =IF(OR(ISNUMBER(SEARCH("ERROR", B44)), ISNUMBER(SEARCH("ERROR", G44)), ISNUMBER(SEARCH("TIME OUT", B44)), ISNUMBER(SEARCH("TIME OUT", G44))), "--", B44=G44) -> -- | M44: =IF(OR(ISNUMBER(SEARCH("ERROR", C44)), ISNUMBER(SEARCH("ERROR", H44)), ISNUMBER(SEARCH("TIME OUT", C44)), ISNUMBER(SEARCH("TIME OUT", H44))),"--",C44-H44) -> -- | N44: =IF(AND(OR(ISNUMBER(SEARCH("TIME OUT", C44)), ISNUMBER(SEARCH("ERROR", C44))), OR(ISNUMBER(SEARCH("TIME OUT", H44)), ISNUMBER(SEARCH("ERROR", H44)))), "--", IF(OR(ISNUMBER(SEARCH("TIME OUT", C44)), ISNUMBER(SEARCH("ERROR", C44))), "QE", IF(OR(ISNUMBER(SEARCH("TIME OUT", H44)), ISNUMBER(SEARCH("ERROR", H44))), "RC", IF(M44=0, "TIE", IF(M44>0, "QE", "RC"))))) -> RC | O44: =IF(M44="--","--",TEXT(MIN(C44,H44)/MAX(C44,H44),"0.000%")) -> -- | P44: =IF(OR(ISNUMBER(SEARCH("ERROR", D44)), ISNUMBER(SEARCH("ERROR", I44)), ISNUMBER(SEARCH("TIME OUT", D44)), ISNUMBER(SEARCH("TIME OUT", I44))),"--",D44-I44) -> -- | Q44: =IF(AND(OR(ISNUMBER(SEARCH("TIME OUT", D44)), ISNUMBER(SEARCH("ERROR", D44))), OR(ISNUMBER(SEARCH("TIME OUT", I44)), ISNUMBER(SEARCH("ERROR", I44)))), "--", IF(OR(ISNUMBER(SEARCH("TIME OUT", D44)), ISNUMBER(SEARCH("ERROR", D44))), "QE", IF(OR(ISNUMBER(SEARCH("TIME OUT", I44)), ISNUMBER(SEARCH("ERROR", I44))), "RC", IF(P44=0, "TIE", IF(P44>0, "QE", "RC"))))) -> RC | R44: =IF(P44="--","--",TEXT(MIN(D44,I44)/MAX(D44,I44),"0.000%")) -> -- | S44: =IF(OR(ISNUMBER(SEARCH("ERROR", E44)), ISNUMBER(SEARCH("ERROR", J44)), ISNUMBER(SEARCH("TIME OUT", E44)), ISNUMBER(SEARCH("TIME OUT", J44))),"--",E44-J44) -> -- | T44: =IF(AND(OR(ISNUMBER(SEARCH("TIME OUT", E44)), ISNUMBER(SEARCH("ERROR", E44))), OR(ISNUMBER(SEARCH("TIME OUT", J44)), ISNUMBER(SEARCH("ERROR", J44)))), "--", IF(OR(ISNUMBER(SEARCH("TIME OUT", E44)), ISNUMBER(SEARCH("ERROR", E44))), "QE", IF(OR(ISNUMBER(SEARCH("TIME OUT", J44)), ISNUMBER(SEARCH("ERROR", J44))), "RC", IF(S44=0, "TIE", IF(S44>0, "QE", "RC"))))) -> RC | U44: =IF(S44="--","--",TEXT(MIN(E44,J44)/MAX(E44,J44),"0.000%")) -> -- | V44: =IF(OR(ISNUMBER(SEARCH("ERROR", F44)), ISNUMBER(SEARCH("ERROR", K44)), ISNUMBER(SEARCH("TIME OUT", F44)), ISNUMBER(SEARCH("TIME OUT", K44))),"--",F44-K44) -> -- | W44: =IF(AND(OR(ISNUMBER(SEARCH("TIME OUT", F44)), ISNUMBER(SEARCH("ERROR", F44))), OR(ISNUMBER(SEARCH("TIME OUT", K44)), ISNUMBER(SEARCH("ERROR", K44)))), "--", IF(OR(ISNUMBER(SEARCH("TIME OUT", F44)), ISNUMBER(SEARCH("ERROR", F44))), "QE", IF(OR(ISNUMBER(SEARCH("TIME OUT", K44)), ISNUMBER(SEARCH("ERROR", K44))), "RC", IF(V44=0, "TIE", IF(V44>0, "QE", "RC"))))) -> RC | X44: =IF(V44="--","--",TEXT(MIN(F44,K44)/MAX(F44,K44),"0.000%")) -> --
A45: 93 | B45: [skoEC1, skoRC1, skoXC1] | C45: 13962429248 | D45: 190.4641 | E45: 139.9411 | F45: 114529 | G45: ERROR: reducible RootOf detected. Substitutions are %1 | H45: ERROR: reducible RootOf detected. Substitutions are %1 | I45: ERROR: reducible RootOf detected. Substitutions are %1 | J45: ERROR: reducible RootOf detected. Substitutions are %1 | K45: ERROR: reducible RootOf detected. Substitutions are %1 | L45: =IF(OR(ISNUMBER(SEARCH("ERROR", B45)), ISNUMBER(SEARCH("ERROR", G45)), ISNUMBER(SEARCH("TIME OUT", B45)), ISNUMBER(SEARCH("TIME OUT", G45))), "--", B45=G45) -> -- | M45: =IF(OR(ISNUMBER(SEARCH("ERROR", C45)), ISNUMBER(SEARCH("ERROR", H45)), ISNUMBER(SEARCH("TIME OUT", C45)), ISNUMBER(SEARCH("TIME OUT", H45))),"--",C45-H45) -> -- | N45: =IF(AND(OR(ISNUMBER(SEARCH("TIME OUT", C45)), ISNUMBER(SEARCH("ERROR", C45))), OR(ISNUMBER(SEARCH("TIME OUT", H45)), ISNUMBER(SEARCH("ERROR", H45)))), "--", IF(OR(ISNUMBER(SEARCH("TIME OUT", C45)), ISNUMBER(SEARCH("ERROR", C45))), "QE", IF(OR(ISNUMBER(SEARCH("TIME OUT", H45)), ISNUMBER(SEARCH("ERROR", H45))), "RC", IF(M45=0, "TIE", IF(M45>0, "QE", "RC"))))) -> RC | O45: =IF(M45="--","--",TEXT(MIN(C45,H45)/MAX(C45,H45),"0.000%")) -> -- | P45: =IF(OR(ISNUMBER(SEARCH("ERROR", D45)), ISNUMBER(SEARCH("ERROR", I45)), ISNUMBER(SEARCH("TIME OUT", D45)), ISNUMBER(SEARCH("TIME OUT", I45))),"--",D45-I45) -> -- | Q45: =IF(AND(OR(ISNUMBER(SEARCH("TIME OUT", D45)), ISNUMBER(SEARCH("ERROR", D45))), OR(ISNUMBER(SEARCH("TIME OUT", I45)), ISNUMBER(SEARCH("ERROR", I45)))), "--", IF(OR(ISNUMBER(SEARCH("TIME OUT", D45)), ISNUMBER(SEARCH("ERROR", D45))), "QE", IF(OR(ISNUMBER(SEARCH("TIME OUT", I45)), ISNUMBER(SEARCH("ERROR", I45))), "RC", IF(P45=0, "TIE", IF(P45>0, "QE", "RC"))))) -> RC | R45: =IF(P45="--","--",TEXT(MIN(D45,I45)/MAX(D45,I45),"0.000%")) -> -- | S45: =IF(OR(ISNUMBER(SEARCH("ERROR", E45)), ISNUMBER(SEARCH("ERROR", J45)), ISNUMBER(SEARCH("TIME OUT", E45)), ISNUMBER(SEARCH("TIME OUT", J45))),"--",E45-J45) -> -- | T45: =IF(AND(OR(ISNUMBER(SEARCH("TIME OUT", E45)), ISNUMBER(SEARCH("ERROR", E45))), OR(ISNUMBER(SEARCH("TIME OUT", J45)), ISNUMBER(SEARCH("ERROR", J45)))), "--", IF(OR(ISNUMBER(SEARCH("TIME OUT", E45)), ISNUMBER(SEARCH("ERROR", E45))), "QE", IF(OR(ISNUMBER(SEARCH("TIME OUT", J45)), ISNUMBER(SEARCH("ERROR", J45))), "RC", IF(S45=0, "TIE", IF(S45>0, "QE", "RC"))))) -> RC | U45: =IF(S45="--","--",TEXT(MIN(E45,J45)/MAX(E45,J45),"0.000%")) -> -- | V45: =IF(OR(ISNUMBER(SEARCH("ERROR", F45)), ISNUMBER(SEARCH("ERROR", K45)), ISNUMBER(SEARCH("TIME OUT", F45)), ISNUMBER(SEARCH("TIME OUT", K45))),"--",F45-K45) -> -- | W45: =IF(AND(OR(ISNUMBER(SEARCH("TIME OUT", F45)), ISNUMBER(SEARCH("ERROR", F45))), OR(ISNUMBER(SEARCH("TIME OUT", K45)), ISNUMBER(SEARCH("ERROR", K45)))), "--", IF(OR(ISNUMBER(SEARCH("TIME OUT", F45)), ISNUMBER(SEARCH("ERROR", F45))), "QE", IF(OR(ISNUMBER(SEARCH("TIME OUT", K45)), ISNUMBER(SEARCH("ERROR", K45))), "RC", IF(V45=0, "TIE", IF(V45>0, "QE", "RC"))))) -> RC | X45: =IF(V45="--","--",TEXT(MIN(F45,K45)/MAX(F45,K45),"0.000%")) -> --
A46: 94 | B46: TIME OUT | C46: TIME OUT | D46: TIME OUT | E46: TIME OUT | F46: TIME OUT | G46: ERROR: reducible RootOf detected. Substitutions are %1 | H46: ERROR: reducible RootOf detected. Substitutions are %1 | I46: ERROR: reducible RootOf detected. Substitutions are %1 | J46: ERROR: reducible RootOf detected. Substitutions are %1 | K46: ERROR: reducible RootOf detected. Substitutions are %1 | L46: =IF(OR(ISNUMBER(SEARCH("ERROR", B46)), ISNUMBER(SEARCH("ERROR", G46)), ISNUMBER(SEARCH("TIME OUT", B46)), ISNUMBER(SEARCH("TIME OUT", G46))), "--", B46=G46) -> -- | M46: =IF(OR(ISNUMBER(SEARCH("ERROR", C46)), ISNUMBER(SEARCH("ERROR", H46)), ISNUMBER(SEARCH("TIME OUT", C46)), ISNUMBER(SEARCH("TIME OUT", H46))),"--",C46-H46) -> -- | N46: =IF(AND(OR(ISNUMBER(SEARCH("TIME OUT", C46)), ISNUMBER(SEARCH("ERROR", C46))), OR(ISNUMBER(SEARCH("TIME OUT", H46)), ISNUMBER(SEARCH("ERROR", H46)))), "--", IF(OR(ISNUMBER(SEARCH("TIME OUT", C46)), ISNUMBER(SEARCH("ERROR", C46))), "QE", IF(OR(ISNUMBER(SEARCH("TIME OUT", H46)), ISNUMBER(SEARCH("ERROR", H46))), "RC", IF(M46=0, "TIE", IF(M46>0, "QE", "RC"))))) -> -- | O46: =IF(M46="--","--",TEXT(MIN(C46,H46)/MAX(C46,H46),"0.000%")) -> -- | P46: =IF(OR(ISNUMBER(SEARCH("ERROR", D46)), ISNUMBER(SEARCH("ERROR", I46)), ISNUMBER(SEARCH("TIME OUT", D46)), ISNUMBER(SEARCH("TIME OUT", I46))),"--",D46-I46) -> -- | Q46: =IF(AND(OR(ISNUMBER(SEARCH("TIME OUT", D46)), ISNUMBER(SEARCH("ERROR", D46))), OR(ISNUMBER(SEARCH("TIME OUT", I46)), ISNUMBER(SEARCH("ERROR", I46)))), "--", IF(OR(ISNUMBER(SEARCH("TIME OUT", D46)), ISNUMBER(SEARCH("ERROR", D46))), "QE", IF(OR(ISNUMBER(SEARCH("TIME OUT", I46)), ISNUMBER(SEARCH("ERROR", I46))), "RC", IF(P46=0, "TIE", IF(P46>0, "QE", "RC"))))) -> -- | R46: =IF(P46="--","--",TEXT(MIN(D46,I46)/MAX(D46,I46),"0.000%")) -> -- | S46: =IF(OR(ISNUMBER(SEARCH("ERROR", E46)), ISNUMBER(SEARCH("ERROR", J46)), ISNUMBER(SEARCH("TIME OUT", E46)), ISNUMBER(SEARCH("TIME OUT", J46))),"--",E46-J46) -> -- | T46: =IF(AND(OR(ISNUMBER(SEARCH("TIME OUT", E46)), ISNUMBER(SEARCH("ERROR", E46))), OR(ISNUMBER(SEARCH("TIME OUT", J46)), ISNUMBER(SEARCH("ERROR", J46)))), "--", IF(OR(ISNUMBER(SEARCH("TIME OUT", E46)), ISNUMBER(SEARCH("ERROR", E46))), "QE", IF(OR(ISNUMBER(SEARCH("TIME OUT", J46)), ISNUMBER(SEARCH("ERROR", J46))), "RC", IF(S46=0, "TIE", IF(S46>0, "QE", "RC"))))) -> -- | U46: =IF(S46="--","--",TEXT(MIN(E46,J46)/MAX(E46,J46),"0.000%")) -> -- | V46: =IF(OR(ISNUMBER(SEARCH("ERROR", F46)), ISNUMBER(SEARCH("ERROR", K46)), ISNUMBER(SEARCH("TIME OUT", F46)), ISNUMBER(SEARCH("TIME OUT", K46))),"--",F46-K46) -> -- | W46: =IF(AND(OR(ISNUMBER(SEARCH("TIME OUT", F46)), ISNUMBER(SEARCH("ERROR", F46))), OR(ISNUMBER(SEARCH("TIME OUT", K46)), ISNUMBER(SEARCH("ERROR", K46)))), "--", IF(OR(ISNUMBER(SEARCH("TIME OUT", F46)), ISNUMBER(SEARCH("ERROR", F46))), "QE", IF(OR(ISNUMBER(SEARCH("TIME OUT", K46)), ISNUMBER(SEARCH("ERROR", K46))), "RC", IF(V46=0, "TIE", IF(V46>0, "QE", "RC"))))) -> -- | X46: =IF(V46="--","--",TEXT(MIN(F46,K46)/MAX(F46,K46),"0.000%")) -> -- | Z46: RC % of QE | AA46: =AA42/AA43 -> 1.4474027 | AB46: =AB42/AB43 -> 1.0657361 | AC46: =AC42/AC43 -> 1.0732846 | AD46: =AD42/AD43 -> 0.93482688
A47: 96 | B47: TIME OUT | C47: TIME OUT | D47: TIME OUT | E47: TIME OUT | F47: TIME OUT | G47: ERROR: reducible RootOf detected. Substitutions are %1 | H47: ERROR: reducible RootOf detected. Substitutions are %1 | I47: ERROR: reducible RootOf detected. Substitutions are %1 | J47: ERROR: reducible RootOf detected. Substitutions are %1 | K47: ERROR: reducible RootOf detected. Substitutions are %1 | L47: =IF(OR(ISNUMBER(SEARCH("ERROR", B47)), ISNUMBER(SEARCH("ERROR", G47)), ISNUMBER(SEARCH("TIME OUT", B47)), ISNUMBER(SEARCH("TIME OUT", G47))), "--", B47=G47) -> -- | M47: =IF(OR(ISNUMBER(SEARCH("ERROR", C47)), ISNUMBER(SEARCH("ERROR", H47)), ISNUMBER(SEARCH("TIME OUT", C47)), ISNUMBER(SEARCH("TIME OUT", H47))),"--",C47-H47) -> -- | N47: =IF(AND(OR(ISNUMBER(SEARCH("TIME OUT", C47)), ISNUMBER(SEARCH("ERROR", C47))), OR(ISNUMBER(SEARCH("TIME OUT", H47)), ISNUMBER(SEARCH("ERROR", H47)))), "--", IF(OR(ISNUMBER(SEARCH("TIME OUT", C47)), ISNUMBER(SEARCH("ERROR", C47))), "QE", IF(OR(ISNUMBER(SEARCH("TIME OUT", H47)), ISNUMBER(SEARCH("ERROR", H47))), "RC", IF(M47=0, "TIE", IF(M47>0, "QE", "RC"))))) -> -- | O47: =IF(M47="--","--",TEXT(MIN(C47,H47)/MAX(C47,H47),"0.000%")) -> -- | P47: =IF(OR(ISNUMBER(SEARCH("ERROR", D47)), ISNUMBER(SEARCH("ERROR", I47)), ISNUMBER(SEARCH("TIME OUT", D47)), ISNUMBER(SEARCH("TIME OUT", I47))),"--",D47-I47) -> -- | Q47: =IF(AND(OR(ISNUMBER(SEARCH("TIME OUT", D47)), ISNUMBER(SEARCH("ERROR", D47))), OR(ISNUMBER(SEARCH("TIME OUT", I47)), ISNUMBER(SEARCH("ERROR", I47)))), "--", IF(OR(ISNUMBER(SEARCH("TIME OUT", D47)), ISNUMBER(SEARCH("ERROR", D47))), "QE", IF(OR(ISNUMBER(SEARCH("TIME OUT", I47)), ISNUMBER(SEARCH("ERROR", I47))), "RC", IF(P47=0, "TIE", IF(P47>0, "QE", "RC"))))) -> -- | R47: =IF(P47="--","--",TEXT(MIN(D47,I47)/MAX(D47,I47),"0.000%")) -> -- | S47: =IF(OR(ISNUMBER(SEARCH("ERROR", E47)), ISNUMBER(SEARCH("ERROR", J47)), ISNUMBER(SEARCH("TIME OUT", E47)), ISNUMBER(SEARCH("TIME OUT", J47))),"--",E47-J47) -> -- | T47: =IF(AND(OR(ISNUMBER(SEARCH("TIME OUT", E47)), ISNUMBER(SEARCH("ERROR", E47))), OR(ISNUMBER(SEARCH("TIME OUT", J47)), ISNUMBER(SEARCH("ERROR", J47)))), "--", IF(OR(ISNUMBER(SEARCH("TIME OUT", E47)), ISNUMBER(SEARCH("ERROR", E47))), "QE", IF(OR(ISNUMBER(SEARCH("TIME OUT", J47)), ISNUMBER(SEARCH("ERROR", J47))), "RC", IF(S47=0, "TIE", IF(S47>0, "QE", "RC"))))) -> -- | U47: =IF(S47="--","--",TEXT(MIN(E47,J47)/MAX(E47,J47),"0.000%")) -> -- | V47: =IF(OR(ISNUMBER(SEARCH("ERROR", F47)), ISNUMBER(SEARCH("ERROR", K47)), ISNUMBER(SEARCH("TIME OUT", F47)), ISNUMBER(SEARCH("TIME OUT", K47))),"--",F47-K47) -> -- | W47: =IF(AND(OR(ISNUMBER(SEARCH("TIME OUT", F47)), ISNUMBER(SEARCH("ERROR", F47))), OR(ISNUMBER(SEARCH("TIME OUT", K47)), ISNUMBER(SEARCH("ERROR", K47)))), "--", IF(OR(ISNUMBER(SEARCH("TIME OUT", F47)), ISNUMBER(SEARCH("ERROR", F47))), "QE", IF(OR(ISNUMBER(SEARCH("TIME OUT", K47)), ISNUMBER(SEARCH("ERROR", K47))), "RC", IF(V47=0, "TIE", IF(V47>0, "QE", "RC"))))) -> -- | X47: =IF(V47="--","--",TEXT(MIN(F47,K47)/MAX(F47,K47),"0.000%")) -> -- | Z47: QE % of RC | AA47: =1/AA46 -> 0.69089271 | AB47: =1/AB46 -> 0.93831857 | AC47: =1/AC46 -> 0.93171936 | AD47: =1/AD46 -> 1.0697168
A48: 98 | B48: [skoEC1, skoRC1, skoXC1] | C48: 23112759811 | D48: 387.6656 | E48: 245.6093 | F48: 181381 | G48: ERROR: reducible RootOf detected. Substitutions are %1 | H48: ERROR: reducible RootOf detected. Substitutions are %1 | I48: ERROR: reducible RootOf detected. Substitutions are %1 | J48: ERROR: reducible RootOf detected. Substitutions are %1 | K48: ERROR: reducible RootOf detected. Substitutions are %1 | L48: =IF(OR(ISNUMBER(SEARCH("ERROR", B48)), ISNUMBER(SEARCH("ERROR", G48)), ISNUMBER(SEARCH("TIME OUT", B48)), ISNUMBER(SEARCH("TIME OUT", G48))), "--", B48=G48) -> -- | M48: =IF(OR(ISNUMBER(SEARCH("ERROR", C48)), ISNUMBER(SEARCH("ERROR", H48)), ISNUMBER(SEARCH("TIME OUT", C48)), ISNUMBER(SEARCH("TIME OUT", H48))),"--",C48-H48) -> -- | N48: =IF(AND(OR(ISNUMBER(SEARCH("TIME OUT", C48)), ISNUMBER(SEARCH("ERROR", C48))), OR(ISNUMBER(SEARCH("TIME OUT", H48)), ISNUMBER(SEARCH("ERROR", H48)))), "--", IF(OR(ISNUMBER(SEARCH("TIME OUT", C48)), ISNUMBER(SEARCH("ERROR", C48))), "QE", IF(OR(ISNUMBER(SEARCH("TIME OUT", H48)), ISNUMBER(SEARCH("ERROR", H48))), "RC", IF(M48=0, "TIE", IF(M48>0, "QE", "RC"))))) -> RC | O48: =IF(M48="--","--",TEXT(MIN(C48,H48)/MAX(C48,H48),"0.000%")) -> -- | P48: =IF(OR(ISNUMBER(SEARCH("ERROR", D48)), ISNUMBER(SEARCH("ERROR", I48)), ISNUMBER(SEARCH("TIME OUT", D48)), ISNUMBER(SEARCH("TIME OUT", I48))),"--",D48-I48) -> -- | Q48: =IF(AND(OR(ISNUMBER(SEARCH("TIME OUT", D48)), ISNUMBER(SEARCH("ERROR", D48))), OR(ISNUMBER(SEARCH("TIME OUT", I48)), ISNUMBER(SEARCH("ERROR", I48)))), "--", IF(OR(ISNUMBER(SEARCH("TIME OUT", D48)), ISNUMBER(SEARCH("ERROR", D48))), "QE", IF(OR(ISNUMBER(SEARCH("TIME OUT", I48)), ISNUMBER(SEARCH("ERROR", I48))), "RC", IF(P48=0, "TIE", IF(P48>0, "QE", "RC"))))) -> RC | R48: =IF(P48="--","--",TEXT(MIN(D48,I48)/MAX(D48,I48),"0.000%")) -> -- | S48: =IF(OR(ISNUMBER(SEARCH("ERROR", E48)), ISNUMBER(SEARCH("ERROR", J48)), ISNUMBER(SEARCH("TIME OUT", E48)), ISNUMBER(SEARCH("TIME OUT", J48))),"--",E48-J48) -> -- | T48: =IF(AND(OR(ISNUMBER(SEARCH("TIME OUT", E48)), ISNUMBER(SEARCH("ERROR", E48))), OR(ISNUMBER(SEARCH("TIME OUT", J48)), ISNUMBER(SEARCH("ERROR", J48)))), "--", IF(OR(ISNUMBER(SEARCH("TIME OUT", E48)), ISNUMBER(SEARCH("ERROR", E48))), "QE", IF(OR(ISNUMBER(SEARCH("TIME OUT", J48)), ISNUMBER(SEARCH("ERROR", J48))), "RC", IF(S48=0, "TIE", IF(S48>0, "QE", "RC"))))) -> RC | U48: =IF(S48="--","--",TEXT(MIN(E48,J48)/MAX(E48,J48),"0.000%")) -> -- | V48: =IF(OR(ISNUMBER(SEARCH("ERROR", F48)), ISNUMBER(SEARCH("ERROR", K48)), ISNUMBER(SEARCH("TIME OUT", F48)), ISNUMBER(SEARCH("TIME OUT", K48))),"--",F48-K48) -> -- | W48: =IF(AND(OR(ISNUMBER(SEARCH("TIME OUT", F48)), ISNUMBER(SEARCH("ERROR", F48))), OR(ISNUMBER(SEARCH("TIME OUT", K48)), ISNUMBER(SEARCH("ERROR", K48)))), "--", IF(OR(ISNUMBER(SEARCH("TIME OUT", F48)), ISNUMBER(SEARCH("ERROR", F48))), "QE", IF(OR(ISNUMBER(SEARCH("TIME OUT", K48)), ISNUMBER(SEARCH("ERROR", K48))), "RC", IF(V48=0, "TIE", IF(V48>0, "QE", "RC"))))) -> RC | X48: =IF(V48="--","--",TEXT(MIN(F48,K48)/MAX(F48,K48),"0.000%")) -> --
A49: 99 | B49: [skoEC1, skoRC1, skoXC1] | C49: 23133441182 | D49: 391.2953 | E49: 246.7035 | F49: 181381 | G49: ERROR: reducible RootOf detected. Substitutions are %1 | H49: ERROR: reducible RootOf detected. Substitutions are %1 | I49: ERROR: reducible RootOf detected. Substitutions are %1 | J49: ERROR: reducible RootOf detected. Substitutions are %1 | K49: ERROR: reducible RootOf detected. Substitutions are %1 | L49: =IF(OR(ISNUMBER(SEARCH("ERROR", B49)), ISNUMBER(SEARCH("ERROR", G49)), ISNUMBER(SEARCH("TIME OUT", B49)), ISNUMBER(SEARCH("TIME OUT", G49))), "--", B49=G49) -> -- | M49: =IF(OR(ISNUMBER(SEARCH("ERROR", C49)), ISNUMBER(SEARCH("ERROR", H49)), ISNUMBER(SEARCH("TIME OUT", C49)), ISNUMBER(SEARCH("TIME OUT", H49))),"--",C49-H49) -> -- | N49: =IF(AND(OR(ISNUMBER(SEARCH("TIME OUT", C49)), ISNUMBER(SEARCH("ERROR", C49))), OR(ISNUMBER(SEARCH("TIME OUT", H49)), ISNUMBER(SEARCH("ERROR", H49)))), "--", IF(OR(ISNUMBER(SEARCH("TIME OUT", C49)), ISNUMBER(SEARCH("ERROR", C49))), "QE", IF(OR(ISNUMBER(SEARCH("TIME OUT", H49)), ISNUMBER(SEARCH("ERROR", H49))), "RC", IF(M49=0, "TIE", IF(M49>0, "QE", "RC"))))) -> RC | O49: =IF(M49="--","--",TEXT(MIN(C49,H49)/MAX(C49,H49),"0.000%")) -> -- | P49: =IF(OR(ISNUMBER(SEARCH("ERROR", D49)), ISNUMBER(SEARCH("ERROR", I49)), ISNUMBER(SEARCH("TIME OUT", D49)), ISNUMBER(SEARCH("TIME OUT", I49))),"--",D49-I49) -> -- | Q49: =IF(AND(OR(ISNUMBER(SEARCH("TIME OUT", D49)), ISNUMBER(SEARCH("ERROR", D49))), OR(ISNUMBER(SEARCH("TIME OUT", I49)), ISNUMBER(SEARCH("ERROR", I49)))), "--", IF(OR(ISNUMBER(SEARCH("TIME OUT", D49)), ISNUMBER(SEARCH("ERROR", D49))), "QE", IF(OR(ISNUMBER(SEARCH("TIME OUT", I49)), ISNUMBER(SEARCH("ERROR", I49))), "RC", IF(P49=0, "TIE", IF(P49>0, "QE", "RC"))))) -> RC | R49: =IF(P49="--","--",TEXT(MIN(D49,I49)/MAX(D49,I49),"0.000%")) -> -- | S49: =IF(OR(ISNUMBER(SEARCH("ERROR", E49)), ISNUMBER(SEARCH("ERROR", J49)), ISNUMBER(SEARCH("TIME OUT", E49)), ISNUMBER(SEARCH("TIME OUT", J49))),"--",E49-J49) -> -- | T49: =IF(AND(OR(ISNUMBER(SEARCH("TIME OUT", E49)), ISNUMBER(SEARCH("ERROR", E49))), OR(ISNUMBER(SEARCH("TIME OUT", J49)), ISNUMBER(SEARCH("ERROR", J49)))), "--", IF(OR(ISNUMBER(SEARCH("TIME OUT", E49)), ISNUMBER(SEARCH("ERROR", E49))), "QE", IF(OR(ISNUMBER(SEARCH("TIME OUT", J49)), ISNUMBER(SEARCH("ERROR", J49))), "RC", IF(S49=0, "TIE", IF(S49>0, "QE", "RC"))))) -> RC | U49: =IF(S49="--","--",TEXT(MIN(E49,J49)/MAX(E49,J49),"0.000%")) -> -- | V49: =IF(OR(ISNUMBER(SEARCH("ERROR", F49)), ISNUMBER(SEARCH("ERROR", K49)), ISNUMBER(SEARCH("TIME OUT", F49)), ISNUMBER(SEARCH("TIME OUT", K49))),"--",F49-K49) -> -- | W49: =IF(AND(OR(ISNUMBER(SEARCH("TIME OUT", F49)), ISNUMBER(SEARCH("ERROR", F49))), OR(ISNUMBER(SEARCH("TIME OUT", K49)), ISNUMBER(SEARCH("ERROR", K49)))), "--", IF(OR(ISNUMBER(SEARCH("TIME OUT", F49)), ISNUMBER(SEARCH("ERROR", F49))), "QE", IF(OR(ISNUMBER(SEARCH("TIME OUT", K49)), ISNUMBER(SEARCH("ERROR", K49))), "RC", IF(V49=0, "TIE", IF(V49>0, "QE", "RC"))))) -> RC | X49: =IF(V49="--","--",TEXT(MIN(F49,K49)/MAX(F49,K49),"0.000%")) -> --
A50: 101 | B50: [skoEC1, skoRC1, skoXC1] | C50: 23133350188 | D50: 391.1157 | E50: 246.6819 | F50: 181381 | G50: ERROR: reducible RootOf detected. Substitutions are %1 | H50: ERROR: reducible RootOf detected. Substitutions are %1 | I50: ERROR: reducible RootOf detected. Substitutions are %1 | J50: ERROR: reducible RootOf detected. Substitutions are %1 | K50: ERROR: reducible RootOf detected. Substitutions are %1 | L50: =IF(OR(ISNUMBER(SEARCH("ERROR", B50)), ISNUMBER(SEARCH("ERROR", G50)), ISNUMBER(SEARCH("TIME OUT", B50)), ISNUMBER(SEARCH("TIME OUT", G50))), "--", B50=G50) -> -- | M50: =IF(OR(ISNUMBER(SEARCH("ERROR", C50)), ISNUMBER(SEARCH("ERROR", H50)), ISNUMBER(SEARCH("TIME OUT", C50)), ISNUMBER(SEARCH("TIME OUT", H50))),"--",C50-H50) -> -- | N50: =IF(AND(OR(ISNUMBER(SEARCH("TIME OUT", C50)), ISNUMBER(SEARCH("ERROR", C50))), OR(ISNUMBER(SEARCH("TIME OUT", H50)), ISNUMBER(SEARCH("ERROR", H50)))), "--", IF(OR(ISNUMBER(SEARCH("TIME OUT", C50)), ISNUMBER(SEARCH("ERROR", C50))), "QE", IF(OR(ISNUMBER(SEARCH("TIME OUT", H50)), ISNUMBER(SEARCH("ERROR", H50))), "RC", IF(M50=0, "TIE", IF(M50>0, "QE", "RC"))))) -> RC | O50: =IF(M50="--","--",TEXT(MIN(C50,H50)/MAX(C50,H50),"0.000%")) -> -- | P50: =IF(OR(ISNUMBER(SEARCH("ERROR", D50)), ISNUMBER(SEARCH("ERROR", I50)), ISNUMBER(SEARCH("TIME OUT", D50)), ISNUMBER(SEARCH("TIME OUT", I50))),"--",D50-I50) -> -- | Q50: =IF(AND(OR(ISNUMBER(SEARCH("TIME OUT", D50)), ISNUMBER(SEARCH("ERROR", D50))), OR(ISNUMBER(SEARCH("TIME OUT", I50)), ISNUMBER(SEARCH("ERROR", I50)))), "--", IF(OR(ISNUMBER(SEARCH("TIME OUT", D50)), ISNUMBER(SEARCH("ERROR", D50))), "QE", IF(OR(ISNUMBER(SEARCH("TIME OUT", I50)), ISNUMBER(SEARCH("ERROR", I50))), "RC", IF(P50=0, "TIE", IF(P50>0, "QE", "RC"))))) -> RC | R50: =IF(P50="--","--",TEXT(MIN(D50,I50)/MAX(D50,I50),"0.000%")) -> -- | S50: =IF(OR(ISNUMBER(SEARCH("ERROR", E50)), ISNUMBER(SEARCH("ERROR", J50)), ISNUMBER(SEARCH("TIME OUT", E50)), ISNUMBER(SEARCH("TIME OUT", J50))),"--",E50-J50) -> -- | T50: =IF(AND(OR(ISNUMBER(SEARCH("TIME OUT", E50)), ISNUMBER(SEARCH("ERROR", E50))), OR(ISNUMBER(SEARCH("TIME OUT", J50)), ISNUMBER(SEARCH("ERROR", J50)))), "--", IF(OR(ISNUMBER(SEARCH("TIME OUT", E50)), ISNUMBER(SEARCH("ERROR", E50))), "QE", IF(OR(ISNUMBER(SEARCH("TIME OUT", J50)), ISNUMBER(SEARCH("ERROR", J50))), "RC", IF(S50=0, "TIE", IF(S50>0, "QE", "RC"))))) -> RC | U50: =IF(S50="--","--",TEXT(MIN(E50,J50)/MAX(E50,J50),"0.000%")) -> -- | V50: =IF(OR(ISNUMBER(SEARCH("ERROR", F50)), ISNUMBER(SEARCH("ERROR", K50)), ISNUMBER(SEARCH("TIME OUT", F50)), ISNUMBER(SEARCH("TIME OUT", K50))),"--",F50-K50) -> -- | W50: =IF(AND(OR(ISNUMBER(SEARCH("TIME OUT", F50)), ISNUMBER(SEARCH("ERROR", F50))), OR(ISNUMBER(SEARCH("TIME OUT", K50)), ISNUMBER(SEARCH("ERROR", K50)))), "--", IF(OR(ISNUMBER(SEARCH("TIME OUT", F50)), ISNUMBER(SEARCH("ERROR", F50))), "QE", IF(OR(ISNUMBER(SEARCH("TIME OUT", K50)), ISNUMBER(SEARCH("ERROR", K50))), "RC", IF(V50=0, "TIE", IF(V50>0, "QE", "RC"))))) -> RC | X50: =IF(V50="--","--",TEXT(MIN(F50,K50)/MAX(F50,K50),"0.000%")) -> --
A51: 103 | B51: [skoEC1, skoRC1, skoXC1] | C51: 15157408481 | D51: 207.6609 | E51: 151.8319 | F51: 130067 | G51: ERROR: reducible RootOf detected. Substitutions are %1 | H51: ERROR: reducible RootOf detected. Substitutions are %1 | I51: ERROR: reducible RootOf detected. Substitutions are %1 | J51: ERROR: reducible RootOf detected. Substitutions are %1 | K51: ERROR: reducible RootOf detected. Substitutions are %1 | L51: =IF(OR(ISNUMBER(SEARCH("ERROR", B51)), ISNUMBER(SEARCH("ERROR", G51)), ISNUMBER(SEARCH("TIME OUT", B51)), ISNUMBER(SEARCH("TIME OUT", G51))), "--", B51=G51) -> -- | M51: =IF(OR(ISNUMBER(SEARCH("ERROR", C51)), ISNUMBER(SEARCH("ERROR", H51)), ISNUMBER(SEARCH("TIME OUT", C51)), ISNUMBER(SEARCH("TIME OUT", H51))),"--",C51-H51) -> -- | N51: =IF(AND(OR(ISNUMBER(SEARCH("TIME OUT", C51)), ISNUMBER(SEARCH("ERROR", C51))), OR(ISNUMBER(SEARCH("TIME OUT", H51)), ISNUMBER(SEARCH("ERROR", H51)))), "--", IF(OR(ISNUMBER(SEARCH("TIME OUT", C51)), ISNUMBER(SEARCH("ERROR", C51))), "QE", IF(OR(ISNUMBER(SEARCH("TIME OUT", H51)), ISNUMBER(SEARCH("ERROR", H51))), "RC", IF(M51=0, "TIE", IF(M51>0, "QE", "RC"))))) -> RC | O51: =IF(M51="--","--",TEXT(MIN(C51,H51)/MAX(C51,H51),"0.000%")) -> -- | P51: =IF(OR(ISNUMBER(SEARCH("ERROR", D51)), ISNUMBER(SEARCH("ERROR", I51)), ISNUMBER(SEARCH("TIME OUT", D51)), ISNUMBER(SEARCH("TIME OUT", I51))),"--",D51-I51) -> -- | Q51: =IF(AND(OR(ISNUMBER(SEARCH("TIME OUT", D51)), ISNUMBER(SEARCH("ERROR", D51))), OR(ISNUMBER(SEARCH("TIME OUT", I51)), ISNUMBER(SEARCH("ERROR", I51)))), "--", IF(OR(ISNUMBER(SEARCH("TIME OUT", D51)), ISNUMBER(SEARCH("ERROR", D51))), "QE", IF(OR(ISNUMBER(SEARCH("TIME OUT", I51)), ISNUMBER(SEARCH("ERROR", I51))), "RC", IF(P51=0, "TIE", IF(P51>0, "QE", "RC"))))) -> RC | R51: =IF(P51="--","--",TEXT(MIN(D51,I51)/MAX(D51,I51),"0.000%")) -> -- | S51: =IF(OR(ISNUMBER(SEARCH("ERROR", E51)), ISNUMBER(SEARCH("ERROR", J51)), ISNUMBER(SEARCH("TIME OUT", E51)), ISNUMBER(SEARCH("TIME OUT", J51))),"--",E51-J51) -> -- | T51: =IF(AND(OR(ISNUMBER(SEARCH("TIME OUT", E51)), ISNUMBER(SEARCH("ERROR", E51))), OR(ISNUMBER(SEARCH("TIME OUT", J51)), ISNUMBER(SEARCH("ERROR", J51)))), "--", IF(OR(ISNUMBER(SEARCH("TIME OUT", E51)), ISNUMBER(SEARCH("ERROR", E51))), "QE", IF(OR(ISNUMBER(SEARCH("TIME OUT", J51)), ISNUMBER(SEARCH("ERROR", J51))), "RC", IF(S51=0, "TIE", IF(S51>0, "QE", "RC"))))) -> RC | U51: =IF(S51="--","--",TEXT(MIN(E51,J51)/MAX(E51,J51),"0.000%")) -> -- | V51: =IF(OR(ISNUMBER(SEARCH("ERROR", F51)), ISNUMBER(SEARCH("ERROR", K51)), ISNUMBER(SEARCH("TIME OUT", F51)), ISNUMBER(SEARCH("TIME OUT", K51))),"--",F51-K51) -> -- | W51: =IF(AND(OR(ISNUMBER(SEARCH("TIME OUT", F51)), ISNUMBER(SEARCH("ERROR", F51))), OR(ISNUMBER(SEARCH("TIME OUT", K51)), ISNUMBER(SEARCH("ERROR", K51)))), "--", IF(OR(ISNUMBER(SEARCH("TIME OUT", F51)), ISNUMBER(SEARCH("ERROR", F51))), "QE", IF(OR(ISNUMBER(SEARCH("TIME OUT", K51)), ISNUMBER(SEARCH("ERROR", K51))), "RC", IF(V51=0, "TIE", IF(V51>0, "QE", "RC"))))) -> RC | X51: =IF(V51="--","--",TEXT(MIN(F51,K51)/MAX(F51,K51),"0.000%")) -> --
A52: 105 | B52: TIME OUT | C52: TIME OUT | D52: TIME OUT | E52: TIME OUT | F52: TIME OUT | G52: ERROR: reducible RootOf detected. Substitutions are %1 | H52: ERROR: reducible RootOf detected. Substitutions are %1 | I52: ERROR: reducible RootOf detected. Substitutions are %1 | J52: ERROR: reducible RootOf detected. Substitutions are %1 | K52: ERROR: reducible RootOf detected. Substitutions are %1 | L52: =IF(OR(ISNUMBER(SEARCH("ERROR", B52)), ISNUMBER(SEARCH("ERROR", G52)), ISNUMBER(SEARCH("TIME OUT", B52)), ISNUMBER(SEARCH("TIME OUT", G52))), "--", B52=G52) -> -- | M52: =IF(OR(ISNUMBER(SEARCH("ERROR", C52)), ISNUMBER(SEARCH("ERROR", H52)), ISNUMBER(SEARCH("TIME OUT", C52)), ISNUMBER(SEARCH("TIME OUT", H52))),"--",C52-H52) -> -- | N52: =IF(AND(OR(ISNUMBER(SEARCH("TIME OUT", C52)), ISNUMBER(SEARCH("ERROR", C52))), OR(ISNUMBER(SEARCH("TIME OUT", H52)), ISNUMBER(SEARCH("ERROR", H52)))), "--", IF(OR(ISNUMBER(SEARCH("TIME OUT", C52)), ISNUMBER(SEARCH("ERROR", C52))), "QE", IF(OR(ISNUMBER(SEARCH("TIME OUT", H52)), ISNUMBER(SEARCH("ERROR", H52))), "RC", IF(M52=0, "TIE", IF(M52>0, "QE", "RC"))))) -> -- | O52: =IF(M52="--","--",TEXT(MIN(C52,H52)/MAX(C52,H52),"0.000%")) -> -- | P52: =IF(OR(ISNUMBER(SEARCH("ERROR", D52)), ISNUMBER(SEARCH("ERROR", I52)), ISNUMBER(SEARCH("TIME OUT", D52)), ISNUMBER(SEARCH("TIME OUT", I52))),"--",D52-I52) -> -- | Q52: =IF(AND(OR(ISNUMBER(SEARCH("TIME OUT", D52)), ISNUMBER(SEARCH("ERROR", D52))), OR(ISNUMBER(SEARCH("TIME OUT", I52)), ISNUMBER(SEARCH("ERROR", I52)))), "--", IF(OR(ISNUMBER(SEARCH("TIME OUT", D52)), ISNUMBER(SEARCH("ERROR", D52))), "QE", IF(OR(ISNUMBER(SEARCH("TIME OUT", I52)), ISNUMBER(SEARCH("ERROR", I52))), "RC", IF(P52=0, "TIE", IF(P52>0, "QE", "RC"))))) -> -- | R52: =IF(P52="--","--",TEXT(MIN(D52,I52)/MAX(D52,I52),"0.000%")) -> -- | S52: =IF(OR(ISNUMBER(SEARCH("ERROR", E52)), ISNUMBER(SEARCH("ERROR", J52)), ISNUMBER(SEARCH("TIME OUT", E52)), ISNUMBER(SEARCH("TIME OUT", J52))),"--",E52-J52) -> -- | T52: =IF(AND(OR(ISNUMBER(SEARCH("TIME OUT", E52)), ISNUMBER(SEARCH("ERROR", E52))), OR(ISNUMBER(SEARCH("TIME OUT", J52)), ISNUMBER(SEARCH("ERROR", J52)))), "--", IF(OR(ISNUMBER(SEARCH("TIME OUT", E52)), ISNUMBER(SEARCH("ERROR", E52))), "QE", IF(OR(ISNUMBER(SEARCH("TIME OUT", J52)), ISNUMBER(SEARCH("ERROR", J52))), "RC", IF(S52=0, "TIE", IF(S52>0, "QE", "RC"))))) -> -- | U52: =IF(S52="--","--",TEXT(MIN(E52,J52)/MAX(E52,J52),"0.000%")) -> -- | V52: =IF(OR(ISNUMBER(SEARCH("ERROR", F52)), ISNUMBER(SEARCH("ERROR", K52)), ISNUMBER(SEARCH("TIME OUT", F52)), ISNUMBER(SEARCH("TIME OUT", K52))),"--",F52-K52) -> -- | W52: =IF(AND(OR(ISNUMBER(SEARCH("TIME OUT", F52)), ISNUMBER(SEARCH("ERROR", F52))), OR(ISNUMBER(SEARCH("TIME OUT", K52)), ISNUMBER(SEARCH("ERROR", K52)))), "--", IF(OR(ISNUMBER(SEARCH("TIME OUT", F52)), ISNUMBER(SEARCH("ERROR", F52))), "QE", IF(OR(ISNUMBER(SEARCH("TIME OUT", K52)), ISNUMBER(SEARCH("ERROR", K52))), "RC", IF(V52=0, "TIE", IF(V52>0, "QE", "RC"))))) -> -- | X52: =IF(V52="--","--",TEXT(MIN(F52,K52)/MAX(F52,K52),"0.000%")) -> --
A53: 106 | B53: ERROR: invalid subscript selector | C53: ERROR: invalid subscript selector | D53: ERROR: invalid subscript selector | E53: ERROR: invalid subscript selector | F53: ERROR: invalid subscript selector | G53: ERROR: reducible RootOf detected. Substitutions are %1 | H53: ERROR: reducible RootOf detected. Substitutions are %1 | I53: ERROR: reducible RootOf detected. Substitutions are %1 | J53: ERROR: reducible RootOf detected. Substitutions are %1 | K53: ERROR: reducible RootOf detected. Substitutions are %1 | L53: =IF(OR(ISNUMBER(SEARCH("ERROR", B53)), ISNUMBER(SEARCH("ERROR", G53)), ISNUMBER(SEARCH("TIME OUT", B53)), ISNUMBER(SEARCH("TIME OUT", G53))), "--", B53=G53) -> -- | M53: =IF(OR(ISNUMBER(SEARCH("ERROR", C53)), ISNUMBER(SEARCH("ERROR", H53)), ISNUMBER(SEARCH("TIME OUT", C53)), ISNUMBER(SEARCH("TIME OUT", H53))),"--",C53-H53) -> -- | N53: =IF(AND(OR(ISNUMBER(SEARCH("TIME OUT", C53)), ISNUMBER(SEARCH("ERROR", C53))), OR(ISNUMBER(SEARCH("TIME OUT", H53)), ISNUMBER(SEARCH("ERROR", H53)))), "--", IF(OR(ISNUMBER(SEARCH("TIME OUT", C53)), ISNUMBER(SEARCH("ERROR", C53))), "QE", IF(OR(ISNUMBER(SEARCH("TIME OUT", H53)), ISNUMBER(SEARCH("ERROR", H53))), "RC", IF(M53=0, "TIE", IF(M53>0, "QE", "RC"))))) -> -- | O53: =IF(M53="--","--",TEXT(MIN(C53,H53)/MAX(C53,H53),"0.000%")) -> -- | P53: =IF(OR(ISNUMBER(SEARCH("ERROR", D53)), ISNUMBER(SEARCH("ERROR", I53)), ISNUMBER(SEARCH("TIME OUT", D53)), ISNUMBER(SEARCH("TIME OUT", I53))),"--",D53-I53) -> -- | Q53: =IF(AND(OR(ISNUMBER(SEARCH("TIME OUT", D53)), ISNUMBER(SEARCH("ERROR", D53))), OR(ISNUMBER(SEARCH("TIME OUT", I53)), ISNUMBER(SEARCH("ERROR", I53)))), "--", IF(OR(ISNUMBER(SEARCH("TIME OUT", D53)), ISNUMBER(SEARCH("ERROR", D53))), "QE", IF(OR(ISNUMBER(SEARCH("TIME OUT", I53)), ISNUMBER(SEARCH("ERROR", I53))), "RC", IF(P53=0, "TIE", IF(P53>0, "QE", "RC"))))) -> -- | R53: =IF(P53="--","--",TEXT(MIN(D53,I53)/MAX(D53,I53),"0.000%")) -> -- | S53: =IF(OR(ISNUMBER(SEARCH("ERROR", E53)), ISNUMBER(SEARCH("ERROR", J53)), ISNUMBER(SEARCH("TIME OUT", E53)), ISNUMBER(SEARCH("TIME OUT", J53))),"--",E53-J53) -> -- | T53: =IF(AND(OR(ISNUMBER(SEARCH("TIME OUT", E53)), ISNUMBER(SEARCH("ERROR", E53))), OR(ISNUMBER(SEARCH("TIME OUT", J53)), ISNUMBER(SEARCH("ERROR", J53)))), "--", IF(OR(ISNUMBER(SEARCH("TIME OUT", E53)), ISNUMBER(SEARCH("ERROR", E53))), "QE", IF(OR(ISNUMBER(SEARCH("TIME OUT", J53)), ISNUMBER(SEARCH("ERROR", J53))), "RC", IF(S53=0, "TIE", IF(S53>0, "QE", "RC"))))) -> -- | U53: =IF(S53="--","--",TEXT(MIN(E53,J53)/MAX(E53,J53),"0.000%")) -> -- | V53: =IF(OR(ISNUMBER(SEARCH("ERROR", F53)), ISNUMBER(SEARCH("ERROR", K53)), ISNUMBER(SEARCH("TIME OUT", F53)), ISNUMBER(SEARCH("TIME OUT", K53))),"--",F53-K53) -> -- | W53: =IF(AND(OR(ISNUMBER(SEARCH("TIME OUT", F53)), ISNUMBER(SEARCH("ERROR", F53))), OR(ISNUMBER(SEARCH("TIME OUT", K53)), ISNUMBER(SEARCH("ERROR", K53)))), "--", IF(OR(ISNUMBER(SEARCH("TIME OUT", F53)), ISNUMBER(SEARCH("ERROR", F53))), "QE", IF(OR(ISNUMBER(SEARCH("TIME OUT", K53)), ISNUMBER(SEARCH("ERROR", K53))), "RC", IF(V53=0, "TIE", IF(V53>0, "QE", "RC"))))) -> -- | X53: =IF(V53="--","--",TEXT(MIN(F53,K53)/MAX(F53,K53),"0.000%")) -> --
A54: 108 | B54: TIME OUT | C54: TIME OUT | D54: TIME OUT | E54: TIME OUT | F54: TIME OUT | G54: ERROR: reducible RootOf detected. Substitutions are %1 | H54: ERROR: reducible RootOf detected. Substitutions are %1 | I54: ERROR: reducible RootOf detected. Substitutions are %1 | J54: ERROR: reducible RootOf detected. Substitutions are %1 | K54: ERROR: reducible RootOf detected. Substitutions are %1 | L54: =IF(OR(ISNUMBER(SEARCH("ERROR", B54)), ISNUMBER(SEARCH("ERROR", G54)), ISNUMBER(SEARCH("TIME OUT", B54)), ISNUMBER(SEARCH("TIME OUT", G54))), "--", B54=G54) -> -- | M54: =IF(OR(ISNUMBER(SEARCH("ERROR", C54)), ISNUMBER(SEARCH("ERROR", H54)), ISNUMBER(SEARCH("TIME OUT", C54)), ISNUMBER(SEARCH("TIME OUT", H54))),"--",C54-H54) -> -- | N54: =IF(AND(OR(ISNUMBER(SEARCH("TIME OUT", C54)), ISNUMBER(SEARCH("ERROR", C54))), OR(ISNUMBER(SEARCH("TIME OUT", H54)), ISNUMBER(SEARCH("ERROR", H54)))), "--", IF(OR(ISNUMBER(SEARCH("TIME OUT", C54)), ISNUMBER(SEARCH("ERROR", C54))), "QE", IF(OR(ISNUMBER(SEARCH("TIME OUT", H54)), ISNUMBER(SEARCH("ERROR", H54))), "RC", IF(M54=0, "TIE", IF(M54>0, "QE", "RC"))))) -> -- | O54: =IF(M54="--","--",TEXT(MIN(C54,H54)/MAX(C54,H54),"0.000%")) -> -- | P54: =IF(OR(ISNUMBER(SEARCH("ERROR", D54)), ISNUMBER(SEARCH("ERROR", I54)), ISNUMBER(SEARCH("TIME OUT", D54)), ISNUMBER(SEARCH("TIME OUT", I54))),"--",D54-I54) -> -- | Q54: =IF(AND(OR(ISNUMBER(SEARCH("TIME OUT", D54)), ISNUMBER(SEARCH("ERROR", D54))), OR(ISNUMBER(SEARCH("TIME OUT", I54)), ISNUMBER(SEARCH("ERROR", I54)))), "--", IF(OR(ISNUMBER(SEARCH("TIME OUT", D54)), ISNUMBER(SEARCH("ERROR", D54))), "QE", IF(OR(ISNUMBER(SEARCH("TIME OUT", I54)), ISNUMBER(SEARCH("ERROR", I54))), "RC", IF(P54=0, "TIE", IF(P54>0, "QE", "RC"))))) -> -- | R54: =IF(P54="--","--",TEXT(MIN(D54,I54)/MAX(D54,I54),"0.000%")) -> -- | S54: =IF(OR(ISNUMBER(SEARCH("ERROR", E54)), ISNUMBER(SEARCH("ERROR", J54)), ISNUMBER(SEARCH("TIME OUT", E54)), ISNUMBER(SEARCH("TIME OUT", J54))),"--",E54-J54) -> -- | T54: =IF(AND(OR(ISNUMBER(SEARCH("TIME OUT", E54)), ISNUMBER(SEARCH("ERROR", E54))), OR(ISNUMBER(SEARCH("TIME OUT", J54)), ISNUMBER(SEARCH("ERROR", J54)))), "--", IF(OR(ISNUMBER(SEARCH("TIME OUT", E54)), ISNUMBER(SEARCH("ERROR", E54))), "QE", IF(OR(ISNUMBER(SEARCH("TIME OUT", J54)), ISNUMBER(SEARCH("ERROR", J54))), "RC", IF(S54=0, "TIE", IF(S54>0, "QE", "RC"))))) -> -- | U54: =IF(S54="--","--",TEXT(MIN(E54,J54)/MAX(E54,J54),"0.000%")) -> -- | V54: =IF(OR(ISNUMBER(SEARCH("ERROR", F54)), ISNUMBER(SEARCH("ERROR", K54)), ISNUMBER(SEARCH("TIME OUT", F54)), ISNUMBER(SEARCH("TIME OUT", K54))),"--",F54-K54) -> -- | W54: =IF(AND(OR(ISNUMBER(SEARCH("TIME OUT", F54)), ISNUMBER(SEARCH("ERROR", F54))), OR(ISNUMBER(SEARCH("TIME OUT", K54)), ISNUMBER(SEARCH("ERROR", K54)))), "--", IF(OR(ISNUMBER(SEARCH("TIME OUT", F54)), ISNUMBER(SEARCH("ERROR", F54))), "QE", IF(OR(ISNUMBER(SEARCH("TIME OUT", K54)), ISNUMBER(SEARCH("ERROR", K54))), "RC", IF(V54=0, "TIE", IF(V54>0, "QE", "RC"))))) -> -- | X54: =IF(V54="--","--",TEXT(MIN(F54,K54)/MAX(F54,K54),"0.000%")) -> --
A55: 109 | B55: TIME OUT | C55: TIME OUT | D55: TIME OUT | E55: TIME OUT | F55: TIME OUT | G55: ERROR: reducible RootOf detected. Substitutions are %1 | H55: ERROR: reducible RootOf detected. Substitutions are %1 | I55: ERROR: reducible RootOf detected. Substitutions are %1 | J55: ERROR: reducible RootOf detected. Substitutions are %1 | K55: ERROR: reducible RootOf detected. Substitutions are %1 | L55: =IF(OR(ISNUMBER(SEARCH("ERROR", B55)), ISNUMBER(SEARCH("ERROR", G55)), ISNUMBER(SEARCH("TIME OUT", B55)), ISNUMBER(SEARCH("TIME OUT", G55))), "--", B55=G55) -> -- | M55: =IF(OR(ISNUMBER(SEARCH("ERROR", C55)), ISNUMBER(SEARCH("ERROR", H55)), ISNUMBER(SEARCH("TIME OUT", C55)), ISNUMBER(SEARCH("TIME OUT", H55))),"--",C55-H55) -> -- | N55: =IF(AND(OR(ISNUMBER(SEARCH("TIME OUT", C55)), ISNUMBER(SEARCH("ERROR", C55))), OR(ISNUMBER(SEARCH("TIME OUT", H55)), ISNUMBER(SEARCH("ERROR", H55)))), "--", IF(OR(ISNUMBER(SEARCH("TIME OUT", C55)), ISNUMBER(SEARCH("ERROR", C55))), "QE", IF(OR(ISNUMBER(SEARCH("TIME OUT", H55)), ISNUMBER(SEARCH("ERROR", H55))), "RC", IF(M55=0, "TIE", IF(M55>0, "QE", "RC"))))) -> -- | O55: =IF(M55="--","--",TEXT(MIN(C55,H55)/MAX(C55,H55),"0.000%")) -> -- | P55: =IF(OR(ISNUMBER(SEARCH("ERROR", D55)), ISNUMBER(SEARCH("ERROR", I55)), ISNUMBER(SEARCH("TIME OUT", D55)), ISNUMBER(SEARCH("TIME OUT", I55))),"--",D55-I55) -> -- | Q55: =IF(AND(OR(ISNUMBER(SEARCH("TIME OUT", D55)), ISNUMBER(SEARCH("ERROR", D55))), OR(ISNUMBER(SEARCH("TIME OUT", I55)), ISNUMBER(SEARCH("ERROR", I55)))), "--", IF(OR(ISNUMBER(SEARCH("TIME OUT", D55)), ISNUMBER(SEARCH("ERROR", D55))), "QE", IF(OR(ISNUMBER(SEARCH("TIME OUT", I55)), ISNUMBER(SEARCH("ERROR", I55))), "RC", IF(P55=0, "TIE", IF(P55>0, "QE", "RC"))))) -> -- | R55: =IF(P55="--","--",TEXT(MIN(D55,I55)/MAX(D55,I55),"0.000%")) -> -- | S55: =IF(OR(ISNUMBER(SEARCH("ERROR", E55)), ISNUMBER(SEARCH("ERROR", J55)), ISNUMBER(SEARCH("TIME OUT", E55)), ISNUMBER(SEARCH("TIME OUT", J55))),"--",E55-J55) -> -- | T55: =IF(AND(OR(ISNUMBER(SEARCH("TIME OUT", E55)), ISNUMBER(SEARCH("ERROR", E55))), OR(ISNUMBER(SEARCH("TIME OUT", J55)), ISNUMBER(SEARCH("ERROR", J55)))), "--", IF(OR(ISNUMBER(SEARCH("TIME OUT", E55)), ISNUMBER(SEARCH("ERROR", E55))), "QE", IF(OR(ISNUMBER(SEARCH("TIME OUT", J55)), ISNUMBER(SEARCH("ERROR", J55))), "RC", IF(S55=0, "TIE", IF(S55>0, "QE", "RC"))))) -> -- | U55: =IF(S55="--","--",TEXT(MIN(E55,J55)/MAX(E55,J55),"0.000%")) -> -- | V55: =IF(OR(ISNUMBER(SEARCH("ERROR", F55)), ISNUMBER(SEARCH("ERROR", K55)), ISNUMBER(SEARCH("TIME OUT", F55)), ISNUMBER(SEARCH("TIME OUT", K55))),"--",F55-K55) -> -- | W55: =IF(AND(OR(ISNUMBER(SEARCH("TIME OUT", F55)), ISNUMBER(SEARCH("ERROR", F55))), OR(ISNUMBER(SEARCH("TIME OUT", K55)), ISNUMBER(SEARCH("ERROR", K55)))), "--", IF(OR(ISNUMBER(SEARCH("TIME OUT", F55)), ISNUMBER(SEARCH("ERROR", F55))), "QE", IF(OR(ISNUMBER(SEARCH("TIME OUT", K55)), ISNUMBER(SEARCH("ERROR", K55))), "RC", IF(V55=0, "TIE", IF(V55>0, "QE", "RC"))))) -> -- | X55: =IF(V55="--","--",TEXT(MIN(F55,K55)/MAX(F55,K55),"0.000%")) -> --
A56: 112 | B56: [skoEC1, skoRC1, skoXC1] | C56: 21117718106 | D56: 323.475 | E56: 219.3667 | F56: 175155 | G56: ERROR: reducible RootOf detected. Substitutions are %1 | H56: ERROR: reducible RootOf detected. Substitutions are %1 | I56: ERROR: reducible RootOf detected. Substitutions are %1 | J56: ERROR: reducible RootOf detected. Substitutions are %1 | K56: ERROR: reducible RootOf detected. Substitutions are %1 | L56: =IF(OR(ISNUMBER(SEARCH("ERROR", B56)), ISNUMBER(SEARCH("ERROR", G56)), ISNUMBER(SEARCH("TIME OUT", B56)), ISNUMBER(SEARCH("TIME OUT", G56))), "--", B56=G56) -> -- | M56: =IF(OR(ISNUMBER(SEARCH("ERROR", C56)), ISNUMBER(SEARCH("ERROR", H56)), ISNUMBER(SEARCH("TIME OUT", C56)), ISNUMBER(SEARCH("TIME OUT", H56))),"--",C56-H56) -> -- | N56: =IF(AND(OR(ISNUMBER(SEARCH("TIME OUT", C56)), ISNUMBER(SEARCH("ERROR", C56))), OR(ISNUMBER(SEARCH("TIME OUT", H56)), ISNUMBER(SEARCH("ERROR", H56)))), "--", IF(OR(ISNUMBER(SEARCH("TIME OUT", C56)), ISNUMBER(SEARCH("ERROR", C56))), "QE", IF(OR(ISNUMBER(SEARCH("TIME OUT", H56)), ISNUMBER(SEARCH("ERROR", H56))), "RC", IF(M56=0, "TIE", IF(M56>0, "QE", "RC"))))) -> RC | O56: =IF(M56="--","--",TEXT(MIN(C56,H56)/MAX(C56,H56),"0.000%")) -> -- | P56: =IF(OR(ISNUMBER(SEARCH("ERROR", D56)), ISNUMBER(SEARCH("ERROR", I56)), ISNUMBER(SEARCH("TIME OUT", D56)), ISNUMBER(SEARCH("TIME OUT", I56))),"--",D56-I56) -> -- | Q56: =IF(AND(OR(ISNUMBER(SEARCH("TIME OUT", D56)), ISNUMBER(SEARCH("ERROR", D56))), OR(ISNUMBER(SEARCH("TIME OUT", I56)), ISNUMBER(SEARCH("ERROR", I56)))), "--", IF(OR(ISNUMBER(SEARCH("TIME OUT", D56)), ISNUMBER(SEARCH("ERROR", D56))), "QE", IF(OR(ISNUMBER(SEARCH("TIME OUT", I56)), ISNUMBER(SEARCH("ERROR", I56))), "RC", IF(P56=0, "TIE", IF(P56>0, "QE", "RC"))))) -> RC | R56: =IF(P56="--","--",TEXT(MIN(D56,I56)/MAX(D56,I56),"0.000%")) -> -- | S56: =IF(OR(ISNUMBER(SEARCH("ERROR", E56)), ISNUMBER(SEARCH("ERROR", J56)), ISNUMBER(SEARCH("TIME OUT", E56)), ISNUMBER(SEARCH("TIME OUT", J56))),"--",E56-J56) -> -- | T56: =IF(AND(OR(ISNUMBER(SEARCH("TIME OUT", E56)), ISNUMBER(SEARCH("ERROR", E56))), OR(ISNUMBER(SEARCH("TIME OUT", J56)), ISNUMBER(SEARCH("ERROR", J56)))), "--", IF(OR(ISNUMBER(SEARCH("TIME OUT", E56)), ISNUMBER(SEARCH("ERROR", E56))), "QE", IF(OR(ISNUMBER(SEARCH("TIME OUT", J56)), ISNUMBER(SEARCH("ERROR", J56))), "RC", IF(S56=0, "TIE", IF(S56>0, "QE", "RC"))))) -> RC | U56: =IF(S56="--","--",TEXT(MIN(E56,J56)/MAX(E56,J56),"0.000%")) -> -- | V56: =IF(OR(ISNUMBER(SEARCH("ERROR", F56)), ISNUMBER(SEARCH("ERROR", K56)), ISNUMBER(SEARCH("TIME OUT", F56)), ISNUMBER(SEARCH("TIME OUT", K56))),"--",F56-K56) -> -- | W56: =IF(AND(OR(ISNUMBER(SEARCH("TIME OUT", F56)), ISNUMBER(SEARCH("ERROR", F56))), OR(ISNUMBER(SEARCH("TIME OUT", K56)), ISNUMBER(SEARCH("ERROR", K56)))), "--", IF(OR(ISNUMBER(SEARCH("TIME OUT", F56)), ISNUMBER(SEARCH("ERROR", F56))), "QE", IF(OR(ISNUMBER(SEARCH("TIME OUT", K56)), ISNUMBER(SEARCH("ERROR", K56))), "RC", IF(V56=0, "TIE", IF(V56>0, "QE", "RC"))))) -> RC | X56: =IF(V56="--","--",TEXT(MIN(F56,K56)/MAX(F56,K56),"0.000%")) -> --
A57: 114 | B57: TIME OUT | C57: TIME OUT | D57: TIME OUT | E57: TIME OUT | F57: TIME OUT | G57: ERROR: reducible RootOf detected. Substitutions are %1 | H57: ERROR: reducible RootOf detected. Substitutions are %1 | I57: ERROR: reducible RootOf detected. Substitutions are %1 | J57: ERROR: reducible RootOf detected. Substitutions are %1 | K57: ERROR: reducible RootOf detected. Substitutions are %1 | L57: =IF(OR(ISNUMBER(SEARCH("ERROR", B57)), ISNUMBER(SEARCH("ERROR", G57)), ISNUMBER(SEARCH("TIME OUT", B57)), ISNUMBER(SEARCH("TIME OUT", G57))), "--", B57=G57) -> -- | M57: =IF(OR(ISNUMBER(SEARCH("ERROR", C57)), ISNUMBER(SEARCH("ERROR", H57)), ISNUMBER(SEARCH("TIME OUT", C57)), ISNUMBER(SEARCH("TIME OUT", H57))),"--",C57-H57) -> -- | N57: =IF(AND(OR(ISNUMBER(SEARCH("TIME OUT", C57)), ISNUMBER(SEARCH("ERROR", C57))), OR(ISNUMBER(SEARCH("TIME OUT", H57)), ISNUMBER(SEARCH("ERROR", H57)))), "--", IF(OR(ISNUMBER(SEARCH("TIME OUT", C57)), ISNUMBER(SEARCH("ERROR", C57))), "QE", IF(OR(ISNUMBER(SEARCH("TIME OUT", H57)), ISNUMBER(SEARCH("ERROR", H57))), "RC", IF(M57=0, "TIE", IF(M57>0, "QE", "RC"))))) -> -- | O57: =IF(M57="--","--",TEXT(MIN(C57,H57)/MAX(C57,H57),"0.000%")) -> -- | P57: =IF(OR(ISNUMBER(SEARCH("ERROR", D57)), ISNUMBER(SEARCH("ERROR", I57)), ISNUMBER(SEARCH("TIME OUT", D57)), ISNUMBER(SEARCH("TIME OUT", I57))),"--",D57-I57) -> -- | Q57: =IF(AND(OR(ISNUMBER(SEARCH("TIME OUT", D57)), ISNUMBER(SEARCH("ERROR", D57))), OR(ISNUMBER(SEARCH("TIME OUT", I57)), ISNUMBER(SEARCH("ERROR", I57)))), "--", IF(OR(ISNUMBER(SEARCH("TIME OUT", D57)), ISNUMBER(SEARCH("ERROR", D57))), "QE", IF(OR(ISNUMBER(SEARCH("TIME OUT", I57)), ISNUMBER(SEARCH("ERROR", I57))), "RC", IF(P57=0, "TIE", IF(P57>0, "QE", "RC"))))) -> -- | R57: =IF(P57="--","--",TEXT(MIN(D57,I57)/MAX(D57,I57),"0.000%")) -> -- | S57: =IF(OR(ISNUMBER(SEARCH("ERROR", E57)), ISNUMBER(SEARCH("ERROR", J57)), ISNUMBER(SEARCH("TIME OUT", E57)), ISNUMBER(SEARCH("TIME OUT", J57))),"--",E57-J57) -> -- | T57: =IF(AND(OR(ISNUMBER(SEARCH("TIME OUT", E57)), ISNUMBER(SEARCH("ERROR", E57))), OR(ISNUMBER(SEARCH("TIME OUT", J57)), ISNUMBER(SEARCH("ERROR", J57)))), "--", IF(OR(ISNUMBER(SEARCH("TIME OUT", E57)), ISNUMBER(SEARCH("ERROR", E57))), "QE", IF(OR(ISNUMBER(SEARCH("TIME OUT", J57)), ISNUMBER(SEARCH("ERROR", J57))), "RC", IF(S57=0, "TIE", IF(S57>0, "QE", "RC"))))) -> -- | U57: =IF(S57="--","--",TEXT(MIN(E57,J57)/MAX(E57,J57),"0.000%")) -> -- | V57: =IF(OR(ISNUMBER(SEARCH("ERROR", F57)), ISNUMBER(SEARCH("ERROR", K57)), ISNUMBER(SEARCH("TIME OUT", F57)), ISNUMBER(SEARCH("TIME OUT", K57))),"--",F57-K57) -> -- | W57: =IF(AND(OR(ISNUMBER(SEARCH("TIME OUT", F57)), ISNUMBER(SEARCH("ERROR", F57))), OR(ISNUMBER(SEARCH("TIME OUT", K57)), ISNUMBER(SEARCH("ERROR", K57)))), "--", IF(OR(ISNUMBER(SEARCH("TIME OUT", F57)), ISNUMBER(SEARCH("ERROR", F57))), "QE", IF(OR(ISNUMBER(SEARCH("TIME OUT", K57)), ISNUMBER(SEARCH("ERROR", K57))), "RC", IF(V57=0, "TIE", IF(V57>0, "QE", "RC"))))) -> -- | X57: =IF(V57="--","--",TEXT(MIN(F57,K57)/MAX(F57,K57),"0.000%")) -> --
A58: 115 | B58: TIME OUT | C58: TIME OUT | D58: TIME OUT | E58: TIME OUT | F58: TIME OUT | G58: ERROR: reducible RootOf detected. Substitutions are %1 | H58: ERROR: reducible RootOf detected. Substitutions are %1 | I58: ERROR: reducible RootOf detected. Substitutions are %1 | J58: ERROR: reducible RootOf detected. Substitutions are %1 | K58: ERROR: reducible RootOf detected. Substitutions are %1 | L58: =IF(OR(ISNUMBER(SEARCH("ERROR", B58)), ISNUMBER(SEARCH("ERROR", G58)), ISNUMBER(SEARCH("TIME OUT", B58)), ISNUMBER(SEARCH("TIME OUT", G58))), "--", B58=G58) -> -- | M58: =IF(OR(ISNUMBER(SEARCH("ERROR", C58)), ISNUMBER(SEARCH("ERROR", H58)), ISNUMBER(SEARCH("TIME OUT", C58)), ISNUMBER(SEARCH("TIME OUT", H58))),"--",C58-H58) -> -- | N58: =IF(AND(OR(ISNUMBER(SEARCH("TIME OUT", C58)), ISNUMBER(SEARCH("ERROR", C58))), OR(ISNUMBER(SEARCH("TIME OUT", H58)), ISNUMBER(SEARCH("ERROR", H58)))), "--", IF(OR(ISNUMBER(SEARCH("TIME OUT", C58)), ISNUMBER(SEARCH("ERROR", C58))), "QE", IF(OR(ISNUMBER(SEARCH("TIME OUT", H58)), ISNUMBER(SEARCH("ERROR", H58))), "RC", IF(M58=0, "TIE", IF(M58>0, "QE", "RC"))))) -> -- | O58: =IF(M58="--","--",TEXT(MIN(C58,H58)/MAX(C58,H58),"0.000%")) -> -- | P58: =IF(OR(ISNUMBER(SEARCH("ERROR", D58)), ISNUMBER(SEARCH("ERROR", I58)), ISNUMBER(SEARCH("TIME OUT", D58)), ISNUMBER(SEARCH("TIME OUT", I58))),"--",D58-I58) -> -- | Q58: =IF(AND(OR(ISNUMBER(SEARCH("TIME OUT", D58)), ISNUMBER(SEARCH("ERROR", D58))), OR(ISNUMBER(SEARCH("TIME OUT", I58)), ISNUMBER(SEARCH("ERROR", I58)))), "--", IF(OR(ISNUMBER(SEARCH("TIME OUT", D58)), ISNUMBER(SEARCH("ERROR", D58))), "QE", IF(OR(ISNUMBER(SEARCH("TIME OUT", I58)), ISNUMBER(SEARCH("ERROR", I58))), "RC", IF(P58=0, "TIE", IF(P58>0, "QE", "RC"))))) -> -- | R58: =IF(P58="--","--",TEXT(MIN(D58,I58)/MAX(D58,I58),"0.000%")) -> -- | S58: =IF(OR(ISNUMBER(SEARCH("ERROR", E58)), ISNUMBER(SEARCH("ERROR", J58)), ISNUMBER(SEARCH("TIME OUT", E58)), ISNUMBER(SEARCH("TIME OUT", J58))),"--",E58-J58) -> -- | T58: =IF(AND(OR(ISNUMBER(SEARCH("TIME OUT", E58)), ISNUMBER(SEARCH("ERROR", E58))), OR(ISNUMBER(SEARCH("TIME OUT", J58)), ISNUMBER(SEARCH("ERROR", J58)))), "--", IF(OR(ISNUMBER(SEARCH("TIME OUT", E58)), ISNUMBER(SEARCH("ERROR", E58))), "QE", IF(OR(ISNUMBER(SEARCH("TIME OUT", J58)), ISNUMBER(SEARCH("ERROR", J58))), "RC", IF(S58=0, "TIE", IF(S58>0, "QE", "RC"))))) -> -- | U58: =IF(S58="--","--",TEXT(MIN(E58,J58)/MAX(E58,J58),"0.000%")) -> -- | V58: =IF(OR(ISNUMBER(SEARCH("ERROR", F58)), ISNUMBER(SEARCH("ERROR", K58)), ISNUMBER(SEARCH("TIME OUT", F58)), ISNUMBER(SEARCH("TIME OUT", K58))),"--",F58-K58) -> -- | W58: =IF(AND(OR(ISNUMBER(SEARCH("TIME OUT", F58)), ISNUMBER(SEARCH("ERROR", F58))), OR(ISNUMBER(SEARCH("TIME OUT", K58)), ISNUMBER(SEARCH("ERROR", K58)))), "--", IF(OR(ISNUMBER(SEARCH("TIME OUT", F58)), ISNUMBER(SEARCH("ERROR", F58))), "QE", IF(OR(ISNUMBER(SEARCH("TIME OUT", K58)), ISNUMBER(SEARCH("ERROR", K58))), "RC", IF(V58=0, "TIE", IF(V58>0, "QE", "RC"))))) -> -- | X58: =IF(V58="--","--",TEXT(MIN(F58,K58)/MAX(F58,K58),"0.000%")) -> --
A59: 118 | B59: TIME OUT | C59: TIME OUT | D59: TIME OUT | E59: TIME OUT | F59: TIME OUT | G59: ERROR: reducible RootOf detected. Substitutions are %1 | H59: ERROR: reducible RootOf detected. Substitutions are %1 | I59: ERROR: reducible RootOf detected. Substitutions are %1 | J59: ERROR: reducible RootOf detected. Substitutions are %1 | K59: ERROR: reducible RootOf detected. Substitutions are %1 | L59: =IF(OR(ISNUMBER(SEARCH("ERROR", B59)), ISNUMBER(SEARCH("ERROR", G59)), ISNUMBER(SEARCH("TIME OUT", B59)), ISNUMBER(SEARCH("TIME OUT", G59))), "--", B59=G59) -> -- | M59: =IF(OR(ISNUMBER(SEARCH("ERROR", C59)), ISNUMBER(SEARCH("ERROR", H59)), ISNUMBER(SEARCH("TIME OUT", C59)), ISNUMBER(SEARCH("TIME OUT", H59))),"--",C59-H59) -> -- | N59: =IF(AND(OR(ISNUMBER(SEARCH("TIME OUT", C59)), ISNUMBER(SEARCH("ERROR", C59))), OR(ISNUMBER(SEARCH("TIME OUT", H59)), ISNUMBER(SEARCH("ERROR", H59)))), "--", IF(OR(ISNUMBER(SEARCH("TIME OUT", C59)), ISNUMBER(SEARCH("ERROR", C59))), "QE", IF(OR(ISNUMBER(SEARCH("TIME OUT", H59)), ISNUMBER(SEARCH("ERROR", H59))), "RC", IF(M59=0, "TIE", IF(M59>0, "QE", "RC"))))) -> -- | O59: =IF(M59="--","--",TEXT(MIN(C59,H59)/MAX(C59,H59),"0.000%")) -> -- | P59: =IF(OR(ISNUMBER(SEARCH("ERROR", D59)), ISNUMBER(SEARCH("ERROR", I59)), ISNUMBER(SEARCH("TIME OUT", D59)), ISNUMBER(SEARCH("TIME OUT", I59))),"--",D59-I59) -> -- | Q59: =IF(AND(OR(ISNUMBER(SEARCH("TIME OUT", D59)), ISNUMBER(SEARCH("ERROR", D59))), OR(ISNUMBER(SEARCH("TIME OUT", I59)), ISNUMBER(SEARCH("ERROR", I59)))), "--", IF(OR(ISNUMBER(SEARCH("TIME OUT", D59)), ISNUMBER(SEARCH("ERROR", D59))), "QE", IF(OR(ISNUMBER(SEARCH("TIME OUT", I59)), ISNUMBER(SEARCH("ERROR", I59))), "RC", IF(P59=0, "TIE", IF(P59>0, "QE", "RC"))))) -> -- | R59: =IF(P59="--","--",TEXT(MIN(D59,I59)/MAX(D59,I59),"0.000%")) -> -- | S59: =IF(OR(ISNUMBER(SEARCH("ERROR", E59)), ISNUMBER(SEARCH("ERROR", J59)), ISNUMBER(SEARCH("TIME OUT", E59)), ISNUMBER(SEARCH("TIME OUT", J59))),"--",E59-J59) -> -- | T59: =IF(AND(OR(ISNUMBER(SEARCH("TIME OUT", E59)), ISNUMBER(SEARCH("ERROR", E59))), OR(ISNUMBER(SEARCH("TIME OUT", J59)), ISNUMBER(SEARCH("ERROR", J59)))), "--", IF(OR(ISNUMBER(SEARCH("TIME OUT", E59)), ISNUMBER(SEARCH("ERROR", E59))), "QE", IF(OR(ISNUMBER(SEARCH("TIME OUT", J59)), ISNUMBER(SEARCH("ERROR", J59))), "RC", IF(S59=0, "TIE", IF(S59>0, "QE", "RC"))))) -> -- | U59: =IF(S59="--","--",TEXT(MIN(E59,J59)/MAX(E59,J59),"0.000%")) -> -- | V59: =IF(OR(ISNUMBER(SEARCH("ERROR", F59)), ISNUMBER(SEARCH("ERROR", K59)), ISNUMBER(SEARCH("TIME OUT", F59)), ISNUMBER(SEARCH("TIME OUT", K59))),"--",F59-K59) -> -- | W59: =IF(AND(OR(ISNUMBER(SEARCH("TIME OUT", F59)), ISNUMBER(SEARCH("ERROR", F59))), OR(ISNUMBER(SEARCH("TIME OUT", K59)), ISNUMBER(SEARCH("ERROR", K59)))), "--", IF(OR(ISNUMBER(SEARCH("TIME OUT", F59)), ISNUMBER(SEARCH("ERROR", F59))), "QE", IF(OR(ISNUMBER(SEARCH("TIME OUT", K59)), ISNUMBER(SEARCH("ERROR", K59))), "RC", IF(V59=0, "TIE", IF(V59>0, "QE", "RC"))))) -> -- | X59: =IF(V59="--","--",TEXT(MIN(F59,K59)/MAX(F59,K59),"0.000%")) -> --
A60: 119 | B60: TIME OUT | C60: TIME OUT | D60: TIME OUT | E60: TIME OUT | F60: TIME OUT | G60: ERROR: reducible RootOf detected. Substitutions are %1 | H60: ERROR: reducible RootOf detected. Substitutions are %1 | I60: ERROR: reducible RootOf detected. Substitutions are %1 | J60: ERROR: reducible RootOf detected. Substitutions are %1 | K60: ERROR: reducible RootOf detected. Substitutions are %1 | L60: =IF(OR(ISNUMBER(SEARCH("ERROR", B60)), ISNUMBER(SEARCH("ERROR", G60)), ISNUMBER(SEARCH("TIME OUT", B60)), ISNUMBER(SEARCH("TIME OUT", G60))), "--", B60=G60) -> -- | M60: =IF(OR(ISNUMBER(SEARCH("ERROR", C60)), ISNUMBER(SEARCH("ERROR", H60)), ISNUMBER(SEARCH("TIME OUT", C60)), ISNUMBER(SEARCH("TIME OUT", H60))),"--",C60-H60) -> -- | N60: =IF(AND(OR(ISNUMBER(SEARCH("TIME OUT", C60)), ISNUMBER(SEARCH("ERROR", C60))), OR(ISNUMBER(SEARCH("TIME OUT", H60)), ISNUMBER(SEARCH("ERROR", H60)))), "--", IF(OR(ISNUMBER(SEARCH("TIME OUT", C60)), ISNUMBER(SEARCH("ERROR", C60))), "QE", IF(OR(ISNUMBER(SEARCH("TIME OUT", H60)), ISNUMBER(SEARCH("ERROR", H60))), "RC", IF(M60=0, "TIE", IF(M60>0, "QE", "RC"))))) -> -- | O60: =IF(M60="--","--",TEXT(MIN(C60,H60)/MAX(C60,H60),"0.000%")) -> -- | P60: =IF(OR(ISNUMBER(SEARCH("ERROR", D60)), ISNUMBER(SEARCH("ERROR", I60)), ISNUMBER(SEARCH("TIME OUT", D60)), ISNUMBER(SEARCH("TIME OUT", I60))),"--",D60-I60) -> -- | Q60: =IF(AND(OR(ISNUMBER(SEARCH("TIME OUT", D60)), ISNUMBER(SEARCH("ERROR", D60))), OR(ISNUMBER(SEARCH("TIME OUT", I60)), ISNUMBER(SEARCH("ERROR", I60)))), "--", IF(OR(ISNUMBER(SEARCH("TIME OUT", D60)), ISNUMBER(SEARCH("ERROR", D60))), "QE", IF(OR(ISNUMBER(SEARCH("TIME OUT", I60)), ISNUMBER(SEARCH("ERROR", I60))), "RC", IF(P60=0, "TIE", IF(P60>0, "QE", "RC"))))) -> -- | R60: =IF(P60="--","--",TEXT(MIN(D60,I60)/MAX(D60,I60),"0.000%")) -> -- | S60: =IF(OR(ISNUMBER(SEARCH("ERROR", E60)), ISNUMBER(SEARCH("ERROR", J60)), ISNUMBER(SEARCH("TIME OUT", E60)), ISNUMBER(SEARCH("TIME OUT", J60))),"--",E60-J60) -> -- | T60: =IF(AND(OR(ISNUMBER(SEARCH("TIME OUT", E60)), ISNUMBER(SEARCH("ERROR", E60))), OR(ISNUMBER(SEARCH("TIME OUT", J60)), ISNUMBER(SEARCH("ERROR", J60)))), "--", IF(OR(ISNUMBER(SEARCH("TIME OUT", E60)), ISNUMBER(SEARCH("ERROR", E60))), "QE", IF(OR(ISNUMBER(SEARCH("TIME OUT", J60)), ISNUMBER(SEARCH("ERROR", J60))), "RC", IF(S60=0, "TIE", IF(S60>0, "QE", "RC"))))) -> -- | U60: =IF(S60="--","--",TEXT(MIN(E60,J60)/MAX(E60,J60),"0.000%")) -> -- | V60: =IF(OR(ISNUMBER(SEARCH("ERROR", F60)), ISNUMBER(SEARCH("ERROR", K60)), ISNUMBER(SEARCH("TIME OUT", F60)), ISNUMBER(SEARCH("TIME OUT", K60))),"--",F60-K60) -> -- | W60: =IF(AND(OR(ISNUMBER(SEARCH("TIME OUT", F60)), ISNUMBER(SEARCH("ERROR", F60))), OR(ISNUMBER(SEARCH("TIME OUT", K60)), ISNUMBER(SEARCH("ERROR", K60)))), "--", IF(OR(ISNUMBER(SEARCH("TIME OUT", F60)), ISNUMBER(SEARCH("ERROR", F60))), "QE", IF(OR(ISNUMBER(SEARCH("TIME OUT", K60)), ISNUMBER(SEARCH("ERROR", K60))), "RC", IF(V60=0, "TIE", IF(V60>0, "QE", "RC"))))) -> -- | X60: =IF(V60="--","--",TEXT(MIN(F60,K60)/MAX(F60,K60),"0.000%")) -> --
A61: 121 | B61: TIME OUT | C61: TIME OUT | D61: TIME OUT | E61: TIME OUT | F61: TIME OUT | G61: ERROR: reducible RootOf detected. Substitutions are %1 | H61: ERROR: reducible RootOf detected. Substitutions are %1 | I61: ERROR: reducible RootOf detected. Substitutions are %1 | J61: ERROR: reducible RootOf detected. Substitutions are %1 | K61: ERROR: reducible RootOf detected. Substitutions are %1 | L61: =IF(OR(ISNUMBER(SEARCH("ERROR", B61)), ISNUMBER(SEARCH("ERROR", G61)), ISNUMBER(SEARCH("TIME OUT", B61)), ISNUMBER(SEARCH("TIME OUT", G61))), "--", B61=G61) -> -- | M61: =IF(OR(ISNUMBER(SEARCH("ERROR", C61)), ISNUMBER(SEARCH("ERROR", H61)), ISNUMBER(SEARCH("TIME OUT", C61)), ISNUMBER(SEARCH("TIME OUT", H61))),"--",C61-H61) -> -- | N61: =IF(AND(OR(ISNUMBER(SEARCH("TIME OUT", C61)), ISNUMBER(SEARCH("ERROR", C61))), OR(ISNUMBER(SEARCH("TIME OUT", H61)), ISNUMBER(SEARCH("ERROR", H61)))), "--", IF(OR(ISNUMBER(SEARCH("TIME OUT", C61)), ISNUMBER(SEARCH("ERROR", C61))), "QE", IF(OR(ISNUMBER(SEARCH("TIME OUT", H61)), ISNUMBER(SEARCH("ERROR", H61))), "RC", IF(M61=0, "TIE", IF(M61>0, "QE", "RC"))))) -> -- | O61: =IF(M61="--","--",TEXT(MIN(C61,H61)/MAX(C61,H61),"0.000%")) -> -- | P61: =IF(OR(ISNUMBER(SEARCH("ERROR", D61)), ISNUMBER(SEARCH("ERROR", I61)), ISNUMBER(SEARCH("TIME OUT", D61)), ISNUMBER(SEARCH("TIME OUT", I61))),"--",D61-I61) -> -- | Q61: =IF(AND(OR(ISNUMBER(SEARCH("TIME OUT", D61)), ISNUMBER(SEARCH("ERROR", D61))), OR(ISNUMBER(SEARCH("TIME OUT", I61)), ISNUMBER(SEARCH("ERROR", I61)))), "--", IF(OR(ISNUMBER(SEARCH("TIME OUT", D61)), ISNUMBER(SEARCH("ERROR", D61))), "QE", IF(OR(ISNUMBER(SEARCH("TIME OUT", I61)), ISNUMBER(SEARCH("ERROR", I61))), "RC", IF(P61=0, "TIE", IF(P61>0, "QE", "RC"))))) -> -- | R61: =IF(P61="--","--",TEXT(MIN(D61,I61)/MAX(D61,I61),"0.000%")) -> -- | S61: =IF(OR(ISNUMBER(SEARCH("ERROR", E61)), ISNUMBER(SEARCH("ERROR", J61)), ISNUMBER(SEARCH("TIME OUT", E61)), ISNUMBER(SEARCH("TIME OUT", J61))),"--",E61-J61) -> -- | T61: =IF(AND(OR(ISNUMBER(SEARCH("TIME OUT", E61)), ISNUMBER(SEARCH("ERROR", E61))), OR(ISNUMBER(SEARCH("TIME OUT", J61)), ISNUMBER(SEARCH("ERROR", J61)))), "--", IF(OR(ISNUMBER(SEARCH("TIME OUT", E61)), ISNUMBER(SEARCH("ERROR", E61))), "QE", IF(OR(ISNUMBER(SEARCH("TIME OUT", J61)), ISNUMBER(SEARCH("ERROR", J61))), "RC", IF(S61=0, "TIE", IF(S61>0, "QE", "RC"))))) -> -- | U61: =IF(S61="--","--",TEXT(MIN(E61,J61)/MAX(E61,J61),"0.000%")) -> -- | V61: =IF(OR(ISNUMBER(SEARCH("ERROR", F61)), ISNUMBER(SEARCH("ERROR", K61)), ISNUMBER(SEARCH("TIME OUT", F61)), ISNUMBER(SEARCH("TIME OUT", K61))),"--",F61-K61) -> -- | W61: =IF(AND(OR(ISNUMBER(SEARCH("TIME OUT", F61)), ISNUMBER(SEARCH("ERROR", F61))), OR(ISNUMBER(SEARCH("TIME OUT", K61)), ISNUMBER(SEARCH("ERROR", K61)))), "--", IF(OR(ISNUMBER(SEARCH("TIME OUT", F61)), ISNUMBER(SEARCH("ERROR", F61))), "QE", IF(OR(ISNUMBER(SEARCH("TIME OUT", K61)), ISNUMBER(SEARCH("ERROR", K61))), "RC", IF(V61=0, "TIE", IF(V61>0, "QE", "RC"))))) -> -- | X61: =IF(V61="--","--",TEXT(MIN(F61,K61)/MAX(F61,K61),"0.000%")) -> --
A62: 123 | B62: TIME OUT | C62: TIME OUT | D62: TIME OUT | E62: TIME OUT | F62: TIME OUT | G62: ERROR: reducible RootOf detected. Substitutions are %1 | H62: ERROR: reducible RootOf detected. Substitutions are %1 | I62: ERROR: reducible RootOf detected. Substitutions are %1 | J62: ERROR: reducible RootOf detected. Substitutions are %1 | K62: ERROR: reducible RootOf detected. Substitutions are %1 | L62: =IF(OR(ISNUMBER(SEARCH("ERROR", B62)), ISNUMBER(SEARCH("ERROR", G62)), ISNUMBER(SEARCH("TIME OUT", B62)), ISNUMBER(SEARCH("TIME OUT", G62))), "--", B62=G62) -> -- | M62: =IF(OR(ISNUMBER(SEARCH("ERROR", C62)), ISNUMBER(SEARCH("ERROR", H62)), ISNUMBER(SEARCH("TIME OUT", C62)), ISNUMBER(SEARCH("TIME OUT", H62))),"--",C62-H62) -> -- | N62: =IF(AND(OR(ISNUMBER(SEARCH("TIME OUT", C62)), ISNUMBER(SEARCH("ERROR", C62))), OR(ISNUMBER(SEARCH("TIME OUT", H62)), ISNUMBER(SEARCH("ERROR", H62)))), "--", IF(OR(ISNUMBER(SEARCH("TIME OUT", C62)), ISNUMBER(SEARCH("ERROR", C62))), "QE", IF(OR(ISNUMBER(SEARCH("TIME OUT", H62)), ISNUMBER(SEARCH("ERROR", H62))), "RC", IF(M62=0, "TIE", IF(M62>0, "QE", "RC"))))) -> -- | O62: =IF(M62="--","--",TEXT(MIN(C62,H62)/MAX(C62,H62),"0.000%")) -> -- | P62: =IF(OR(ISNUMBER(SEARCH("ERROR", D62)), ISNUMBER(SEARCH("ERROR", I62)), ISNUMBER(SEARCH("TIME OUT", D62)), ISNUMBER(SEARCH("TIME OUT", I62))),"--",D62-I62) -> -- | Q62: =IF(AND(OR(ISNUMBER(SEARCH("TIME OUT", D62)), ISNUMBER(SEARCH("ERROR", D62))), OR(ISNUMBER(SEARCH("TIME OUT", I62)), ISNUMBER(SEARCH("ERROR", I62)))), "--", IF(OR(ISNUMBER(SEARCH("TIME OUT", D62)), ISNUMBER(SEARCH("ERROR", D62))), "QE", IF(OR(ISNUMBER(SEARCH("TIME OUT", I62)), ISNUMBER(SEARCH("ERROR", I62))), "RC", IF(P62=0, "TIE", IF(P62>0, "QE", "RC"))))) -> -- | R62: =IF(P62="--","--",TEXT(MIN(D62,I62)/MAX(D62,I62),"0.000%")) -> -- | S62: =IF(OR(ISNUMBER(SEARCH("ERROR", E62)), ISNUMBER(SEARCH("ERROR", J62)), ISNUMBER(SEARCH("TIME OUT", E62)), ISNUMBER(SEARCH("TIME OUT", J62))),"--",E62-J62) -> -- | T62: =IF(AND(OR(ISNUMBER(SEARCH("TIME OUT", E62)), ISNUMBER(SEARCH("ERROR", E62))), OR(ISNUMBER(SEARCH("TIME OUT", J62)), ISNUMBER(SEARCH("ERROR", J62)))), "--", IF(OR(ISNUMBER(SEARCH("TIME OUT", E62)), ISNUMBER(SEARCH("ERROR", E62))), "QE", IF(OR(ISNUMBER(SEARCH("TIME OUT", J62)), ISNUMBER(SEARCH("ERROR", J62))), "RC", IF(S62=0, "TIE", IF(S62>0, "QE", "RC"))))) -> -- | U62: =IF(S62="--","--",TEXT(MIN(E62,J62)/MAX(E62,J62),"0.000%")) -> -- | V62: =IF(OR(ISNUMBER(SEARCH("ERROR", F62)), ISNUMBER(SEARCH("ERROR", K62)), ISNUMBER(SEARCH("TIME OUT", F62)), ISNUMBER(SEARCH("TIME OUT", K62))),"--",F62-K62) -> -- | W62: =IF(AND(OR(ISNUMBER(SEARCH("TIME OUT", F62)), ISNUMBER(SEARCH("ERROR", F62))), OR(ISNUMBER(SEARCH("TIME OUT", K62)), ISNUMBER(SEARCH("ERROR", K62)))), "--", IF(OR(ISNUMBER(SEARCH("TIME OUT", F62)), ISNUMBER(SEARCH("ERROR", F62))), "QE", IF(OR(ISNUMBER(SEARCH("TIME OUT", K62)), ISNUMBER(SEARCH("ERROR", K62))), "RC", IF(V62=0, "TIE", IF(V62>0, "QE", "RC"))))) -> -- | X62: =IF(V62="--","--",TEXT(MIN(F62,K62)/MAX(F62,K62),"0.000%")) -> --
A63: 125 | B63: TIME OUT | C63: TIME OUT | D63: TIME OUT | E63: TIME OUT | F63: TIME OUT | G63: ERROR: reducible RootOf detected. Substitutions are %1 | H63: ERROR: reducible RootOf detected. Substitutions are %1 | I63: ERROR: reducible RootOf detected. Substitutions are %1 | J63: ERROR: reducible RootOf detected. Substitutions are %1 | K63: ERROR: reducible RootOf detected. Substitutions are %1 | L63: =IF(OR(ISNUMBER(SEARCH("ERROR", B63)), ISNUMBER(SEARCH("ERROR", G63)), ISNUMBER(SEARCH("TIME OUT", B63)), ISNUMBER(SEARCH("TIME OUT", G63))), "--", B63=G63) -> -- | M63: =IF(OR(ISNUMBER(SEARCH("ERROR", C63)), ISNUMBER(SEARCH("ERROR", H63)), ISNUMBER(SEARCH("TIME OUT", C63)), ISNUMBER(SEARCH("TIME OUT", H63))),"--",C63-H63) -> -- | N63: =IF(AND(OR(ISNUMBER(SEARCH("TIME OUT", C63)), ISNUMBER(SEARCH("ERROR", C63))), OR(ISNUMBER(SEARCH("TIME OUT", H63)), ISNUMBER(SEARCH("ERROR", H63)))), "--", IF(OR(ISNUMBER(SEARCH("TIME OUT", C63)), ISNUMBER(SEARCH("ERROR", C63))), "QE", IF(OR(ISNUMBER(SEARCH("TIME OUT", H63)), ISNUMBER(SEARCH("ERROR", H63))), "RC", IF(M63=0, "TIE", IF(M63>0, "QE", "RC"))))) -> -- | O63: =IF(M63="--","--",TEXT(MIN(C63,H63)/MAX(C63,H63),"0.000%")) -> -- | P63: =IF(OR(ISNUMBER(SEARCH("ERROR", D63)), ISNUMBER(SEARCH("ERROR", I63)), ISNUMBER(SEARCH("TIME OUT", D63)), ISNUMBER(SEARCH("TIME OUT", I63))),"--",D63-I63) -> -- | Q63: =IF(AND(OR(ISNUMBER(SEARCH("TIME OUT", D63)), ISNUMBER(SEARCH("ERROR", D63))), OR(ISNUMBER(SEARCH("TIME OUT", I63)), ISNUMBER(SEARCH("ERROR", I63)))), "--", IF(OR(ISNUMBER(SEARCH("TIME OUT", D63)), ISNUMBER(SEARCH("ERROR", D63))), "QE", IF(OR(ISNUMBER(SEARCH("TIME OUT", I63)), ISNUMBER(SEARCH("ERROR", I63))), "RC", IF(P63=0, "TIE", IF(P63>0, "QE", "RC"))))) -> -- | R63: =IF(P63="--","--",TEXT(MIN(D63,I63)/MAX(D63,I63),"0.000%")) -> -- | S63: =IF(OR(ISNUMBER(SEARCH("ERROR", E63)), ISNUMBER(SEARCH("ERROR", J63)), ISNUMBER(SEARCH("TIME OUT", E63)), ISNUMBER(SEARCH("TIME OUT", J63))),"--",E63-J63) -> -- | T63: =IF(AND(OR(ISNUMBER(SEARCH("TIME OUT", E63)), ISNUMBER(SEARCH("ERROR", E63))), OR(ISNUMBER(SEARCH("TIME OUT", J63)), ISNUMBER(SEARCH("ERROR", J63)))), "--", IF(OR(ISNUMBER(SEARCH("TIME OUT", E63)), ISNUMBER(SEARCH("ERROR", E63))), "QE", IF(OR(ISNUMBER(SEARCH("TIME OUT", J63)), ISNUMBER(SEARCH("ERROR", J63))), "RC", IF(S63=0, "TIE", IF(S63>0, "QE", "RC"))))) -> -- | U63: =IF(S63="--","--",TEXT(MIN(E63,J63)/MAX(E63,J63),"0.000%")) -> -- | V63: =IF(OR(ISNUMBER(SEARCH("ERROR", F63)), ISNUMBER(SEARCH("ERROR", K63)), ISNUMBER(SEARCH("TIME OUT", F63)), ISNUMBER(SEARCH("TIME OUT", K63))),"--",F63-K63) -> -- | W63: =IF(AND(OR(ISNUMBER(SEARCH("TIME OUT", F63)), ISNUMBER(SEARCH("ERROR", F63))), OR(ISNUMBER(SEARCH("TIME OUT", K63)), ISNUMBER(SEARCH("ERROR", K63)))), "--", IF(OR(ISNUMBER(SEARCH("TIME OUT", F63)), ISNUMBER(SEARCH("ERROR", F63))), "QE", IF(OR(ISNUMBER(SEARCH("TIME OUT", K63)), ISNUMBER(SEARCH("ERROR", K63))), "RC", IF(V63=0, "TIE", IF(V63>0, "QE", "RC"))))) -> -- | X63: =IF(V63="--","--",TEXT(MIN(F63,K63)/MAX(F63,K63),"0.000%")) -> --
A64: 126 | B64: TIME OUT | C64: TIME OUT | D64: TIME OUT | E64: TIME OUT | F64: TIME OUT | G64: ERROR: reducible RootOf detected. Substitutions are %1 | H64: ERROR: reducible RootOf detected. Substitutions are %1 | I64: ERROR: reducible RootOf detected. Substitutions are %1 | J64: ERROR: reducible RootOf detected. Substitutions are %1 | K64: ERROR: reducible RootOf detected. Substitutions are %1 | L64: =IF(OR(ISNUMBER(SEARCH("ERROR", B64)), ISNUMBER(SEARCH("ERROR", G64)), ISNUMBER(SEARCH("TIME OUT", B64)), ISNUMBER(SEARCH("TIME OUT", G64))), "--", B64=G64) -> -- | M64: =IF(OR(ISNUMBER(SEARCH("ERROR", C64)), ISNUMBER(SEARCH("ERROR", H64)), ISNUMBER(SEARCH("TIME OUT", C64)), ISNUMBER(SEARCH("TIME OUT", H64))),"--",C64-H64) -> -- | N64: =IF(AND(OR(ISNUMBER(SEARCH("TIME OUT", C64)), ISNUMBER(SEARCH("ERROR", C64))), OR(ISNUMBER(SEARCH("TIME OUT", H64)), ISNUMBER(SEARCH("ERROR", H64)))), "--", IF(OR(ISNUMBER(SEARCH("TIME OUT", C64)), ISNUMBER(SEARCH("ERROR", C64))), "QE", IF(OR(ISNUMBER(SEARCH("TIME OUT", H64)), ISNUMBER(SEARCH("ERROR", H64))), "RC", IF(M64=0, "TIE", IF(M64>0, "QE", "RC"))))) -> -- | O64: =IF(M64="--","--",TEXT(MIN(C64,H64)/MAX(C64,H64),"0.000%")) -> -- | P64: =IF(OR(ISNUMBER(SEARCH("ERROR", D64)), ISNUMBER(SEARCH("ERROR", I64)), ISNUMBER(SEARCH("TIME OUT", D64)), ISNUMBER(SEARCH("TIME OUT", I64))),"--",D64-I64) -> -- | Q64: =IF(AND(OR(ISNUMBER(SEARCH("TIME OUT", D64)), ISNUMBER(SEARCH("ERROR", D64))), OR(ISNUMBER(SEARCH("TIME OUT", I64)), ISNUMBER(SEARCH("ERROR", I64)))), "--", IF(OR(ISNUMBER(SEARCH("TIME OUT", D64)), ISNUMBER(SEARCH("ERROR", D64))), "QE", IF(OR(ISNUMBER(SEARCH("TIME OUT", I64)), ISNUMBER(SEARCH("ERROR", I64))), "RC", IF(P64=0, "TIE", IF(P64>0, "QE", "RC"))))) -> -- | R64: =IF(P64="--","--",TEXT(MIN(D64,I64)/MAX(D64,I64),"0.000%")) -> -- | S64: =IF(OR(ISNUMBER(SEARCH("ERROR", E64)), ISNUMBER(SEARCH("ERROR", J64)), ISNUMBER(SEARCH("TIME OUT", E64)), ISNUMBER(SEARCH("TIME OUT", J64))),"--",E64-J64) -> -- | T64: =IF(AND(OR(ISNUMBER(SEARCH("TIME OUT", E64)), ISNUMBER(SEARCH("ERROR", E64))), OR(ISNUMBER(SEARCH("TIME OUT", J64)), ISNUMBER(SEARCH("ERROR", J64)))), "--", IF(OR(ISNUMBER(SEARCH("TIME OUT", E64)), ISNUMBER(SEARCH("ERROR", E64))), "QE", IF(OR(ISNUMBER(SEARCH("TIME OUT", J64)), ISNUMBER(SEARCH("ERROR", J64))), "RC", IF(S64=0, "TIE", IF(S64>0, "QE", "RC"))))) -> -- | U64: =IF(S64="--","--",TEXT(MIN(E64,J64)/MAX(E64,J64),"0.000%")) -> -- | V64: =IF(OR(ISNUMBER(SEARCH("ERROR", F64)), ISNUMBER(SEARCH("ERROR", K64)), ISNUMBER(SEARCH("TIME OUT", F64)), ISNUMBER(SEARCH("TIME OUT", K64))),"--",F64-K64) -> -- | W64: =IF(AND(OR(ISNUMBER(SEARCH("TIME OUT", F64)), ISNUMBER(SEARCH("ERROR", F64))), OR(ISNUMBER(SEARCH("TIME OUT", K64)), ISNUMBER(SEARCH("ERROR", K64)))), "--", IF(OR(ISNUMBER(SEARCH("TIME OUT", F64)), ISNUMBER(SEARCH("ERROR", F64))), "QE", IF(OR(ISNUMBER(SEARCH("TIME OUT", K64)), ISNUMBER(SEARCH("ERROR", K64))), "RC", IF(V64=0, "TIE", IF(V64>0, "QE", "RC"))))) -> -- | X64: =IF(V64="--","--",TEXT(MIN(F64,K64)/MAX(F64,K64),"0.000%")) -> --
A65: 128 | B65: TIME OUT | C65: TIME OUT | D65: TIME OUT | E65: TIME OUT | F65: TIME OUT | G65: ERROR: attempt to refine root to target precision %1 failed with last working precision %2 | H65: ERROR: attempt to refine root to target precision %1 failed with last working precision %2 | I65: ERROR: attempt to refine root to target precision %1 failed with last working precision %2 | J65: ERROR: attempt to refine root to target precision %1 failed with last working precision %2 | K65: ERROR: attempt to refine root to target precision %1 failed with last working precision %2 | L65: =IF(OR(ISNUMBER(SEARCH("ERROR", B65)), ISNUMBER(SEARCH("ERROR", G65)), ISNUMBER(SEARCH("TIME OUT", B65)), ISNUMBER(SEARCH("TIME OUT", G65))), "--", B65=G65) -> -- | M65: =IF(OR(ISNUMBER(SEARCH("ERROR", C65)), ISNUMBER(SEARCH("ERROR", H65)), ISNUMBER(SEARCH("TIME OUT", C65)), ISNUMBER(SEARCH("TIME OUT", H65))),"--",C65-H65) -> -- | N65: =IF(AND(OR(ISNUMBER(SEARCH("TIME OUT", C65)), ISNUMBER(SEARCH("ERROR", C65))), OR(ISNUMBER(SEARCH("TIME OUT", H65)), ISNUMBER(SEARCH("ERROR", H65)))), "--", IF(OR(ISNUMBER(SEARCH("TIME OUT", C65)), ISNUMBER(SEARCH("ERROR", C65))), "QE", IF(OR(ISNUMBER(SEARCH("TIME OUT", H65)), ISNUMBER(SEARCH("ERROR", H65))), "RC", IF(M65=0, "TIE", IF(M65>0, "QE", "RC"))))) -> -- | O65: =IF(M65="--","--",TEXT(MIN(C65,H65)/MAX(C65,H65),"0.000%")) -> -- | P65: =IF(OR(ISNUMBER(SEARCH("ERROR", D65)), ISNUMBER(SEARCH("ERROR", I65)), ISNUMBER(SEARCH("TIME OUT", D65)), ISNUMBER(SEARCH("TIME OUT", I65))),"--",D65-I65) -> -- | Q65: =IF(AND(OR(ISNUMBER(SEARCH("TIME OUT", D65)), ISNUMBER(SEARCH("ERROR", D65))), OR(ISNUMBER(SEARCH("TIME OUT", I65)), ISNUMBER(SEARCH("ERROR", I65)))), "--", IF(OR(ISNUMBER(SEARCH("TIME OUT", D65)), ISNUMBER(SEARCH("ERROR", D65))), "QE", IF(OR(ISNUMBER(SEARCH("TIME OUT", I65)), ISNUMBER(SEARCH("ERROR", I65))), "RC", IF(P65=0, "TIE", IF(P65>0, "QE", "RC"))))) -> -- | R65: =IF(P65="--","--",TEXT(MIN(D65,I65)/MAX(D65,I65),"0.000%")) -> -- | S65: =IF(OR(ISNUMBER(SEARCH("ERROR", E65)), ISNUMBER(SEARCH("ERROR", J65)), ISNUMBER(SEARCH("TIME OUT", E65)), ISNUMBER(SEARCH("TIME OUT", J65))),"--",E65-J65) -> -- | T65: =IF(AND(OR(ISNUMBER(SEARCH("TIME OUT", E65)), ISNUMBER(SEARCH("ERROR", E65))), OR(ISNUMBER(SEARCH("TIME OUT", J65)), ISNUMBER(SEARCH("ERROR", J65)))), "--", IF(OR(ISNUMBER(SEARCH("TIME OUT", E65)), ISNUMBER(SEARCH("ERROR", E65))), "QE", IF(OR(ISNUMBER(SEARCH("TIME OUT", J65)), ISNUMBER(SEARCH("ERROR", J65))), "RC", IF(S65=0, "TIE", IF(S65>0, "QE", "RC"))))) -> -- | U65: =IF(S65="--","--",TEXT(MIN(E65,J65)/MAX(E65,J65),"0.000%")) -> -- | V65: =IF(OR(ISNUMBER(SEARCH("ERROR", F65)), ISNUMBER(SEARCH("ERROR", K65)), ISNUMBER(SEARCH("TIME OUT", F65)), ISNUMBER(SEARCH("TIME OUT", K65))),"--",F65-K65) -> -- | W65: =IF(AND(OR(ISNUMBER(SEARCH("TIME OUT", F65)), ISNUMBER(SEARCH("ERROR", F65))), OR(ISNUMBER(SEARCH("TIME OUT", K65)), ISNUMBER(SEARCH("ERROR", K65)))), "--", IF(OR(ISNUMBER(SEARCH("TIME OUT", F65)), ISNUMBER(SEARCH("ERROR", F65))), "QE", IF(OR(ISNUMBER(SEARCH("TIME OUT", K65)), ISNUMBER(SEARCH("ERROR", K65))), "RC", IF(V65=0, "TIE", IF(V65>0, "QE", "RC"))))) -> -- | X65: =IF(V65="--","--",TEXT(MIN(F65,K65)/MAX(F65,K65),"0.000%")) -> --
A66: 129 | B66: TIME OUT | C66: TIME OUT | D66: TIME OUT | E66: TIME OUT | F66: TIME OUT | G66: ERROR: attempt to refine root to target precision %1 failed with last working precision %2 | H66: ERROR: attempt to refine root to target precision %1 failed with last working precision %2 | I66: ERROR: attempt to refine root to target precision %1 failed with last working precision %2 | J66: ERROR: attempt to refine root to target precision %1 failed with last working precision %2 | K66: ERROR: attempt to refine root to target precision %1 failed with last working precision %2 | L66: =IF(OR(ISNUMBER(SEARCH("ERROR", B66)), ISNUMBER(SEARCH("ERROR", G66)), ISNUMBER(SEARCH("TIME OUT", B66)), ISNUMBER(SEARCH("TIME OUT", G66))), "--", B66=G66) -> -- | M66: =IF(OR(ISNUMBER(SEARCH("ERROR", C66)), ISNUMBER(SEARCH("ERROR", H66)), ISNUMBER(SEARCH("TIME OUT", C66)), ISNUMBER(SEARCH("TIME OUT", H66))),"--",C66-H66) -> -- | N66: =IF(AND(OR(ISNUMBER(SEARCH("TIME OUT", C66)), ISNUMBER(SEARCH("ERROR", C66))), OR(ISNUMBER(SEARCH("TIME OUT", H66)), ISNUMBER(SEARCH("ERROR", H66)))), "--", IF(OR(ISNUMBER(SEARCH("TIME OUT", C66)), ISNUMBER(SEARCH("ERROR", C66))), "QE", IF(OR(ISNUMBER(SEARCH("TIME OUT", H66)), ISNUMBER(SEARCH("ERROR", H66))), "RC", IF(M66=0, "TIE", IF(M66>0, "QE", "RC"))))) -> -- | O66: =IF(M66="--","--",TEXT(MIN(C66,H66)/MAX(C66,H66),"0.000%")) -> -- | P66: =IF(OR(ISNUMBER(SEARCH("ERROR", D66)), ISNUMBER(SEARCH("ERROR", I66)), ISNUMBER(SEARCH("TIME OUT", D66)), ISNUMBER(SEARCH("TIME OUT", I66))),"--",D66-I66) -> -- | Q66: =IF(AND(OR(ISNUMBER(SEARCH("TIME OUT", D66)), ISNUMBER(SEARCH("ERROR", D66))), OR(ISNUMBER(SEARCH("TIME OUT", I66)), ISNUMBER(SEARCH("ERROR", I66)))), "--", IF(OR(ISNUMBER(SEARCH("TIME OUT", D66)), ISNUMBER(SEARCH("ERROR", D66))), "QE", IF(OR(ISNUMBER(SEARCH("TIME OUT", I66)), ISNUMBER(SEARCH("ERROR", I66))), "RC", IF(P66=0, "TIE", IF(P66>0, "QE", "RC"))))) -> -- | R66: =IF(P66="--","--",TEXT(MIN(D66,I66)/MAX(D66,I66),"0.000%")) -> -- | S66: =IF(OR(ISNUMBER(SEARCH("ERROR", E66)), ISNUMBER(SEARCH("ERROR", J66)), ISNUMBER(SEARCH("TIME OUT", E66)), ISNUMBER(SEARCH("TIME OUT", J66))),"--",E66-J66) -> -- | T66: =IF(AND(OR(ISNUMBER(SEARCH("TIME OUT", E66)), ISNUMBER(SEARCH("ERROR", E66))), OR(ISNUMBER(SEARCH("TIME OUT", J66)), ISNUMBER(SEARCH("ERROR", J66)))), "--", IF(OR(ISNUMBER(SEARCH("TIME OUT", E66)), ISNUMBER(SEARCH("ERROR", E66))), "QE", IF(OR(ISNUMBER(SEARCH("TIME OUT", J66)), ISNUMBER(SEARCH("ERROR", J66))), "RC", IF(S66=0, "TIE", IF(S66>0, "QE", "RC"))))) -> -- | U66: =IF(S66="--","--",TEXT(MIN(E66,J66)/MAX(E66,J66),"0.000%")) -> -- | V66: =IF(OR(ISNUMBER(SEARCH("ERROR", F66)), ISNUMBER(SEARCH("ERROR", K66)), ISNUMBER(SEARCH("TIME OUT", F66)), ISNUMBER(SEARCH("TIME OUT", K66))),"--",F66-K66) -> -- | W66: =IF(AND(OR(ISNUMBER(SEARCH("TIME OUT", F66)), ISNUMBER(SEARCH("ERROR", F66))), OR(ISNUMBER(SEARCH("TIME OUT", K66)), ISNUMBER(SEARCH("ERROR", K66)))), "--", IF(OR(ISNUMBER(SEARCH("TIME OUT", F66)), ISNUMBER(SEARCH("ERROR", F66))), "QE", IF(OR(ISNUMBER(SEARCH("TIME OUT", K66)), ISNUMBER(SEARCH("ERROR", K66))), "RC", IF(V66=0, "TIE", IF(V66>0, "QE", "RC"))))) -> -- | X66: =IF(V66="--","--",TEXT(MIN(F66,K66)/MAX(F66,K66),"0.000%")) -> --
A67: 131 | B67: TIME OUT | C67: TIME OUT | D67: TIME OUT | E67: TIME OUT | F67: TIME OUT | G67: ERROR: attempt to refine root to target precision %1 failed with last working precision %2 | H67: ERROR: attempt to refine root to target precision %1 failed with last working precision %2 | I67: ERROR: attempt to refine root to target precision %1 failed with last working precision %2 | J67: ERROR: attempt to refine root to target precision %1 failed with last working precision %2 | K67: ERROR: attempt to refine root to target precision %1 failed with last working precision %2 | L67: =IF(OR(ISNUMBER(SEARCH("ERROR", B67)), ISNUMBER(SEARCH("ERROR", G67)), ISNUMBER(SEARCH("TIME OUT", B67)), ISNUMBER(SEARCH("TIME OUT", G67))), "--", B67=G67) -> -- | M67: =IF(OR(ISNUMBER(SEARCH("ERROR", C67)), ISNUMBER(SEARCH("ERROR", H67)), ISNUMBER(SEARCH("TIME OUT", C67)), ISNUMBER(SEARCH("TIME OUT", H67))),"--",C67-H67) -> -- | N67: =IF(AND(OR(ISNUMBER(SEARCH("TIME OUT", C67)), ISNUMBER(SEARCH("ERROR", C67))), OR(ISNUMBER(SEARCH("TIME OUT", H67)), ISNUMBER(SEARCH("ERROR", H67)))), "--", IF(OR(ISNUMBER(SEARCH("TIME OUT", C67)), ISNUMBER(SEARCH("ERROR", C67))), "QE", IF(OR(ISNUMBER(SEARCH("TIME OUT", H67)), ISNUMBER(SEARCH("ERROR", H67))), "RC", IF(M67=0, "TIE", IF(M67>0, "QE", "RC"))))) -> -- | O67: =IF(M67="--","--",TEXT(MIN(C67,H67)/MAX(C67,H67),"0.000%")) -> -- | P67: =IF(OR(ISNUMBER(SEARCH("ERROR", D67)), ISNUMBER(SEARCH("ERROR", I67)), ISNUMBER(SEARCH("TIME OUT", D67)), ISNUMBER(SEARCH("TIME OUT", I67))),"--",D67-I67) -> -- | Q67: =IF(AND(OR(ISNUMBER(SEARCH("TIME OUT", D67)), ISNUMBER(SEARCH("ERROR", D67))), OR(ISNUMBER(SEARCH("TIME OUT", I67)), ISNUMBER(SEARCH("ERROR", I67)))), "--", IF(OR(ISNUMBER(SEARCH("TIME OUT", D67)), ISNUMBER(SEARCH("ERROR", D67))), "QE", IF(OR(ISNUMBER(SEARCH("TIME OUT", I67)), ISNUMBER(SEARCH("ERROR", I67))), "RC", IF(P67=0, "TIE", IF(P67>0, "QE", "RC"))))) -> -- | R67: =IF(P67="--","--",TEXT(MIN(D67,I67)/MAX(D67,I67),"0.000%")) -> -- | S67: =IF(OR(ISNUMBER(SEARCH("ERROR", E67)), ISNUMBER(SEARCH("ERROR", J67)), ISNUMBER(SEARCH("TIME OUT", E67)), ISNUMBER(SEARCH("TIME OUT", J67))),"--",E67-J67) -> -- | T67: =IF(AND(OR(ISNUMBER(SEARCH("TIME OUT", E67)), ISNUMBER(SEARCH("ERROR", E67))), OR(ISNUMBER(SEARCH("TIME OUT", J67)), ISNUMBER(SEARCH("ERROR", J67)))), "--", IF(OR(ISNUMBER(SEARCH("TIME OUT", E67)), ISNUMBER(SEARCH("ERROR", E67))), "QE", IF(OR(ISNUMBER(SEARCH("TIME OUT", J67)), ISNUMBER(SEARCH("ERROR", J67))), "RC", IF(S67=0, "TIE", IF(S67>0, "QE", "RC"))))) -> -- | U67: =IF(S67="--","--",TEXT(MIN(E67,J67)/MAX(E67,J67),"0.000%")) -> -- | V67: =IF(OR(ISNUMBER(SEARCH("ERROR", F67)), ISNUMBER(SEARCH("ERROR", K67)), ISNUMBER(SEARCH("TIME OUT", F67)), ISNUMBER(SEARCH("TIME OUT", K67))),"--",F67-K67) -> -- | W67: =IF(AND(OR(ISNUMBER(SEARCH("TIME OUT", F67)), ISNUMBER(SEARCH("ERROR", F67))), OR(ISNUMBER(SEARCH("TIME OUT", K67)), ISNUMBER(SEARCH("ERROR", K67)))), "--", IF(OR(ISNUMBER(SEARCH("TIME OUT", F67)), ISNUMBER(SEARCH("ERROR", F67))), "QE", IF(OR(ISNUMBER(SEARCH("TIME OUT", K67)), ISNUMBER(SEARCH("ERROR", K67))), "RC", IF(V67=0, "TIE", IF(V67>0, "QE", "RC"))))) -> -- | X67: =IF(V67="--","--",TEXT(MIN(F67,K67)/MAX(F67,K67),"0.000%")) -> --
